Region,InstanceType,OS,AvailabilityZone,SpotPrice,PriceLastChanged,vCPU,RAM_GiB,Accelerator,AcceleratorCount,AcceleratorMemory_GiB,NetworkPerformance,MaxNetworkCards,InstanceStorage_GB,CPUArch,ExtractionDate,ExtractedAt,SpotPricePerAccelerator
ap-northeast-1,p5.48xlarge,Linux,ap-northeast-1a,25.6242,2026-10-08 12:00:00+00:00,192.0,2048.0,NVIDIA H100,8.0,640.0,3200 Gigabit,32.0,30400.0,x86_64,2026-10-08,2026-10-08 20:27:06,3.203025
us-east-1,inf2.8xlarge,Linux,us-east-1d,0.5036,2026-10-08 12:00:00+00:00,32.0,128.0,Inferentia2,1.0,32.0,Up to 25 Gigabit,1.0,0.0,x86_64,2026-10-08,2026-10-08 20:27:06,0.5036
ap-south-1,g6e.8xlarge,Linux,ap-south-1b,2.2379,2026-10-08 12:00:00+00:00,32.0,256.0,NVIDIA L40S,1.0,44.703125,25 Gigabit,1.0,900.0,x86_64,2026-10-08,2026-10-08 20:27:06,2.2379
ap-south-1,g6e.4xlarge,Linux,ap-south-1b,2.3355,2026-10-08 12:00:00+00:00,16.0,128.0,NVIDIA L40S,1.0,44.703125,20 Gigabit,1.0,600.0,x86_64,2026-10-08,2026-10-08 20:27:06,2.3355
ap-south-1,g6e.48xlarge,Linux,ap-south-1a,36.1866,2026-10-08 12:00:00+00:00,192.0,1536.0,NVIDIA L40S,8.0,357.625,400 Gigabit,4.0,7600.0,x86_64,2026-10-08,2026-10-08 20:27:06,4.523325
ap-south-1,g6e.2xlarge,Linux,ap-south-1b,1.6581,2026-10-08 12:00:00+00:00,8.0,64.0,NVIDIA L40S,1.0,44.703125,Up to 20 Gigabit,1.0,450.0,x86_64,2026-10-08,2026-10-08 20:27:06,1.6581
ap-south-1,g6e.24xlarge,Windows,ap-south-1a,18.8668,2026-10-08 12:00:00+00:00,96.0,768.0,NVIDIA L40S,4.0,178.8125,200 Gigabit,2.0,3800.0,x86_64,2026-10-08,2026-10-08 20:27:06,4.7167
ap-south-1,g6.4xlarge,Windows,ap-south-1b,0.9596,2026-10-08 12:00:00+00:00,16.0,64.0,NVIDIA L4,1.0,22.3515625,Up to 25 Gigabit,1.0,600.0,x86_64,2026-10-08,2026-10-08 20:27:06,0.9596
ap-south-1,g6.48xlarge,Windows,ap-south-1b,24.8631,2026-10-08 12:00:00+00:00,192.0,768.0,NVIDIA L4,8.0,178.8125,100 Gigabit,1.0,7520.0,x86_64,2026-10-08,2026-10-08 20:27:06,3.1078875
ap-south-1,g6.2xlarge,Linux,ap-south-1b,0.4796,2026-10-08 12:00:00+00:00,8.0,32.0,NVIDIA L4,1.0,22.3515625,Up to 10 Gigabit,1.0,450.0,x86_64,2026-10-08,2026-10-08 20:27:06,0.4796
ap-south-1,g6.12xlarge,Windows,ap-south-1b,3.242,2026-10-08 12:00:00+00:00,48.0,192.0,NVIDIA L4,4.0,89.40625,40 Gigabit,1.0,3760.0,x86_64,2026-10-08,2026-10-08 20:27:06,0.8105
ap-south-1,g5.xlarge,Windows,ap-south-1b,0.3542,2026-10-08 12:00:00+00:00,4.0,16.0,NVIDIA A10G,1.0,22.3515625,Up to 10 Gigabit,1.0,250.0,x86_64,2026-10-08,2026-10-08 20:27:06,0.3542
ap-south-1,g5.xlarge,Windows,ap-south-1a,0.384,2026-10-08 12:00:00+00:00,4.0,16.0,NVIDIA A10G,1.0,22.3515625,Up to 10 Gigabit,1.0,250.0,x86_64,2026-10-08,2026-10-08 20:27:06,0.384
ap-south-1,g5.48xlarge,Windows,ap-south-1b,16.75,2026-10-08 12:00:00+00:00,192.0,768.0,NVIDIA A10G,8.0,178.8125,100 Gigabit,1.0,7600.0,x86_64,2026-10-08,2026-10-08 20:27:06,2.09375
ap-south-1,g5.24xlarge,Windows,ap-south-1b,14.1953,2026-10-08 12:00:00+00:00,96.0,384.0,NVIDIA A10G,4.0,89.40625,50 Gigabit,1.0,3800.0,x86_64,2026-10-08,2026-10-08 20:27:06,3.548825
ap-south-1,g4dn.xlarge,Linux,ap-south-1a,0.2151,2026-10-08 12:00:00+00:00,4.0,16.0,NVIDIA T4,1.0,16.0,Up to 25 Gigabit,1.0,125.0,x86_64,2026-10-08,2026-10-08 20:27:06,0.2151
ap-south-1,g4dn.8xlarge,Windows,ap-south-1b,1.7115,2026-10-08 12:00:00+00:00,32.0,128.0,NVIDIA T4,1.0,16.0,50 Gigabit,1.0,900.0,x86_64,2026-10-08,2026-10-08 20:27:06,1.7115
ap-south-1,g4dn.8xlarge,Windows,ap-south-1c,1.7115,2026-10-08 12:00:00+00:00,32.0,128.0,NVIDIA T4,1.0,16.0,50 Gigabit,1.0,900.0,x86_64,2026-10-08,2026-10-08 20:27:06,1.7115
ap-south-1,g4dn.8xlarge,Linux,ap-south-1a,0.7197,2026-10-08 12:00:00+00:00,32.0,128.0,NVIDIA T4,1.0,16.0,50 Gigabit,1.0,900.0,x86_64,2026-10-08,2026-10-08 20:27:06,0.7197
ap-south-1,g4dn.4xlarge,Windows,ap-south-1a,0.8685,2026-10-08 12:00:00+00:00,16.0,64.0,NVIDIA T4,1.0,16.0,Up to 25 Gigabit,1.0,225.0,x86_64,2026-10-08,2026-10-08 20:27:06,0.8685
ap-south-1,g4dn.4xlarge,Linux,ap-south-1a,0.4072,2026-10-08 12:00:00+00:00,16.0,64.0,NVIDIA T4,1.0,16.0,Up to 25 Gigabit,1.0,225.0,x86_64,2026-10-08,2026-10-08 20:27:06,0.4072
ap-south-1,g4dn.16xlarge,Windows,ap-south-1a,3.4231,2026-10-08 12:00:00+00:00,64.0,256.0,NVIDIA T4,1.0,16.0,50 Gigabit,1.0,900.0,x86_64,2026-10-08,2026-10-08 20:27:06,3.4231
ap-south-1,g4dn.12xlarge,Windows,ap-south-1a,2.6386,2026-10-08 12:00:00+00:00,48.0,192.0,NVIDIA T4,4.0,64.0,50 Gigabit,1.0,900.0,x86_64,2026-10-08,2026-10-08 20:27:06,0.65965
ap-south-1,g6e.xlarge,Linux,ap-south-1b,2.235,2026-10-08 12:00:00+00:00,4.0,32.0,NVIDIA L40S,1.0,44.703125,Up to 20 Gigabit,1.0,250.0,x86_64,2026-10-08,2026-10-08 20:27:06,2.235
ap-south-1,g6f.4xlarge,Linux,ap-south-1b,1.1408,2026-10-08 12:00:00+00:00,16.0,64.0,NVIDIA L4,0.0,11.17578125,Up to 25 Gigabit,1.0,450.0,x86_64,2026-10-08,2026-10-08 20:27:06,
ap-south-1,g7e.12xlarge,Windows,ap-south-1a,15.7418,2026-10-08 12:00:00+00:00,48.0,512.0,NVIDIA RTX PRO Server 6000,2.0,192.0,400 Gigabit,1.0,3800.0,x86_64,2026-10-08,2026-10-08 20:27:06,7.8709
us-east-1,vt1.6xlarge,Linux,us-east-1b,1.2812,2026-10-08 12:00:00+00:00,24.0,48.0,,0.0,0.0,6.25 Gigabit,1.0,0.0,x86_64,2026-10-08,2026-10-08 20:27:06,
us-east-1,p3dn.24xlarge,Linux,us-east-1d,3.5999,2026-10-08 12:00:00+00:00,96.0,768.0,NVIDIA V100,8.0,256.0,100 Gigabit,1.0,1800.0,x86_64,2026-10-08,2026-10-08 20:27:06,0.4499875
us-east-1,p4de.24xlarge,Linux,us-east-1d,20.3823,2026-10-08 12:00:00+00:00,96.0,1152.0,NVIDIA A100,8.0,640.0,4x 100 Gigabit,4.0,8000.0,x86_64,2026-10-08,2026-10-08 20:27:06,2.5477875
us-east-1,p5.48xlarge,Linux,us-east-1e,29.9647,2026-10-08 12:00:00+00:00,192.0,2048.0,NVIDIA H100,8.0,640.0,3200 Gigabit,32.0,30400.0,x86_64,2026-10-08,2026-10-08 20:27:06,3.7455875
us-east-1,p5.48xlarge,Linux,us-east-1c,31.3564,2026-10-08 12:00:00+00:00,192.0,2048.0,NVIDIA H100,8.0,640.0,3200 Gigabit,32.0,30400.0,x86_64,2026-10-08,2026-10-08 20:27:06,3.91955
us-east-1,p5.4xlarge,Linux,us-east-1a,3.8559,2026-10-08 12:00:00+00:00,16.0,256.0,NVIDIA H100,1.0,80.0,100 Gigabit,1.0,3800.0,x86_64,2026-10-08,2026-10-08 20:27:06,3.8559
us-east-1,p5.4xlarge,Windows,us-east-1b,4.6129,2026-10-08 12:00:00+00:00,16.0,256.0,NVIDIA H100,1.0,80.0,100 Gigabit,1.0,3800.0,x86_64,2026-10-08,2026-10-08 20:27:06,4.6129
us-east-1,p6-b300.48xlarge,Linux,us-east-1d,73.1375,2026-10-08 12:00:00+00:00,192.0,4096.0,NVIDIA B300,8.0,2148.75,6400 Gigabit,17.0,30400.0,x86_64,2026-10-08,2026-10-08 20:27:06,9.1421875
us-east-1,trn1.32xlarge,Linux,us-east-1f,21.1887,2026-10-08 12:00:00+00:00,128.0,512.0,Trainium,16.0,512.0,8x 100 Gigabit,8.0,7600.0,x86_64,2026-10-08,2026-10-08 20:27:06,1.32429375
us-east-1,vt1.3xlarge,Linux,us-east-1b,0.6406,2026-10-08 12:00:00+00:00,12.0,24.0,,0.0,0.0,3.12 Gigabit,1.0,0.0,x86_64,2026-10-08,2026-10-08 20:27:06,
ap-south-1,p5.4xlarge,Windows,ap-south-1c,4.3911,2026-10-08 12:00:00+00:00,16.0,256.0,NVIDIA H100,1.0,80.0,100 Gigabit,1.0,3800.0,x86_64,2026-10-08,2026-10-08 20:27:06,4.3911
ap-south-1,g7e.24xlarge,Linux,ap-south-1b,27.0675,2026-10-08 12:00:00+00:00,96.0,1024.0,NVIDIA RTX PRO Server 6000,4.0,384.0,800 Gigabit,2.0,7600.0,x86_64,2026-10-08,2026-10-08 20:27:06,6.766875
ap-south-1,p5.4xlarge,Linux,ap-south-1c,3.4458,2026-10-08 12:00:00+00:00,16.0,256.0,NVIDIA H100,1.0,80.0,100 Gigabit,1.0,3800.0,x86_64,2026-10-08,2026-10-08 20:27:06,3.4458
ap-south-1,inf2.xlarge,Linux,ap-south-1b,0.3336,2026-10-08 12:00:00+00:00,4.0,16.0,Inferentia2,1.0,32.0,Up to 15 Gigabit,1.0,0.0,x86_64,2026-10-08,2026-10-08 20:27:06,0.3336
ap-south-1,inf1.6xlarge,Linux,ap-south-1c,0.2728,2026-10-08 12:00:00+00:00,24.0,48.0,Inferentia,4.0,32.0,25 Gigabit,1.0,0.0,x86_64,2026-10-08,2026-10-08 20:27:06,0.0682
ap-south-1,inf1.2xlarge,Linux,ap-south-1b,0.1166,2026-10-08 12:00:00+00:00,8.0,16.0,Inferentia,1.0,8.0,Up to 25 Gigabit,1.0,0.0,x86_64,2026-10-08,2026-10-08 20:27:06,0.1166
ap-south-1,inf1.24xlarge,Linux,ap-south-1c,0.699,2026-10-08 12:00:00+00:00,96.0,192.0,Inferentia,16.0,128.0,100 Gigabit,1.0,0.0,x86_64,2026-10-08,2026-10-08 20:27:06,0.0436875
ap-south-1,gr6.8xlarge,Linux,ap-south-1b,0.6384,2026-10-08 12:00:00+00:00,32.0,256.0,NVIDIA L4,1.0,22.3515625,25 Gigabit,1.0,900.0,x86_64,2026-10-08,2026-10-08 20:27:06,0.6384
ap-south-1,g7e.4xlarge,Linux,ap-south-1b,2.6943,2026-10-08 12:00:00+00:00,16.0,128.0,NVIDIA RTX PRO Server 6000,1.0,96.0,50 Gigabit,1.0,1900.0,x86_64,2026-10-08,2026-10-08 20:27:06,2.6943
ap-south-1,g7e.48xlarge,Windows,ap-south-1a,62.9671,2026-10-08 12:00:00+00:00,192.0,2048.0,NVIDIA RTX PRO Server 6000,8.0,768.0,1600 Gigabit,4.0,15200.0,x86_64,2026-10-08,2026-10-08 20:27:06,7.8708875
ap-south-1,g7e.48xlarge,Linux,ap-south-1b,33.0315,2026-10-08 12:00:00+00:00,192.0,2048.0,NVIDIA RTX PRO Server 6000,8.0,768.0,1600 Gigabit,4.0,15200.0,x86_64,2026-10-08,2026-10-08 20:27:06,4.1289375
ap-south-1,g4dn.12xlarge,Linux,ap-south-1c,2.1384,2026-10-08 12:00:00+00:00,48.0,192.0,NVIDIA T4,4.0,64.0,50 Gigabit,1.0,900.0,x86_64,2026-10-08,2026-10-08 20:27:06,0.5346
sa-east-1,g4dn.16xlarge,Linux,sa-east-1a,0.7397,2026-10-08 12:00:00+00:00,64.0,256.0,NVIDIA T4,1.0,16.0,50 Gigabit,1.0,900.0,x86_64,2026-10-08,2026-10-08 20:27:06,0.7397
sa-east-1,g4dn.16xlarge,Linux,sa-east-1b,0.7397,2026-10-08 12:00:00+00:00,64.0,256.0,NVIDIA T4,1.0,16.0,50 Gigabit,1.0,900.0,x86_64,2026-10-08,2026-10-08 20:27:06,0.7397
eu-west-3,g4dn.2xlarge,Windows,eu-west-3b,0.4872,2026-10-08 12:00:00+00:00,8.0,32.0,NVIDIA T4,1.0,16.0,Up to 25 Gigabit,1.0,225.0,x86_64,2026-10-08,2026-10-08 20:27:06,0.4872
sa-east-1,gr6.4xlarge,Windows,sa-east-1b,0.9976,2026-10-08 12:00:00+00:00,16.0,128.0,NVIDIA L4,1.0,22.3515625,Up to 25 Gigabit,1.0,600.0,x86_64,2026-10-08,2026-10-08 20:27:06,0.9976
sa-east-1,gr6f.4xlarge,Linux,sa-east-1a,0.3799,2026-10-08 12:00:00+00:00,16.0,128.0,NVIDIA L4,0.0,11.17578125,Up to 25 Gigabit,1.0,450.0,x86_64,2026-10-08,2026-10-08 20:27:06,
sa-east-1,gr6f.4xlarge,Windows,sa-east-1a,0.9249,2026-10-08 12:00:00+00:00,16.0,128.0,NVIDIA L4,0.0,11.17578125,Up to 25 Gigabit,1.0,450.0,x86_64,2026-10-08,2026-10-08 20:27:06,
sa-east-1,inf1.24xlarge,Linux,sa-east-1b,0.78,2026-10-08 12:00:00+00:00,96.0,192.0,Inferentia,16.0,128.0,100 Gigabit,1.0,0.0,x86_64,2026-10-08,2026-10-08 20:27:06,0.04875
sa-east-1,inf1.6xlarge,Linux,sa-east-1c,0.195,2026-10-08 12:00:00+00:00,24.0,48.0,Inferentia,4.0,32.0,25 Gigabit,1.0,0.0,x86_64,2026-10-08,2026-10-08 20:27:06,0.04875
sa-east-1,inf1.xlarge,Linux,sa-east-1c,0.0377,2026-10-08 12:00:00+00:00,4.0,8.0,Inferentia,1.0,8.0,Up to 25 Gigabit,1.0,0.0,x86_64,2026-10-08,2026-10-08 20:27:06,0.0377
sa-east-1,p5.48xlarge,Linux,sa-east-1c,78.5201,2026-10-08 12:00:00+00:00,192.0,2048.0,NVIDIA H100,8.0,640.0,3200 Gigabit,32.0,30400.0,x86_64,2026-10-08,2026-10-08 20:27:06,9.8150125
sa-east-1,trn2.3xlarge,Linux,sa-east-1c,3.1461,2026-10-08 12:00:00+00:00,,,,,,,,,,2026-10-08,2026-10-08 20:27:06,
eu-west-3,g4dn.12xlarge,Linux,eu-west-3c,1.3556,2026-10-08 12:00:00+00:00,48.0,192.0,NVIDIA T4,4.0,64.0,50 Gigabit,1.0,900.0,x86_64,2026-10-08,2026-10-08 20:27:06,0.3389
eu-west-3,g4dn.4xlarge,Windows,eu-west-3c,0.8768,2026-10-08 12:00:00+00:00,16.0,64.0,NVIDIA T4,1.0,16.0,Up to 25 Gigabit,1.0,225.0,x86_64,2026-10-08,2026-10-08 20:27:06,0.8768
sa-east-1,gr6.4xlarge,Linux,sa-east-1b,0.3336,2026-10-08 12:00:00+00:00,16.0,128.0,NVIDIA L4,1.0,22.3515625,Up to 25 Gigabit,1.0,600.0,x86_64,2026-10-08,2026-10-08 20:27:06,0.3336
eu-west-3,g4dn.8xlarge,Linux,eu-west-3b,0.3741,2026-10-08 12:00:00+00:00,32.0,128.0,NVIDIA T4,1.0,16.0,50 Gigabit,1.0,900.0,x86_64,2026-10-08,2026-10-08 20:27:06,0.3741
eu-west-3,g4dn.8xlarge,Linux,eu-west-3c,0.3754,2026-10-08 12:00:00+00:00,32.0,128.0,NVIDIA T4,1.0,16.0,50 Gigabit,1.0,900.0,x86_64,2026-10-08,2026-10-08 20:27:06,0.3754
eu-west-3,g4dn.8xlarge,Windows,eu-west-3c,1.7264,2026-10-08 12:00:00+00:00,32.0,128.0,NVIDIA T4,1.0,16.0,50 Gigabit,1.0,900.0,x86_64,2026-10-08,2026-10-08 20:27:06,1.7264
eu-west-3,g4dn.xlarge,Linux,eu-west-3b,0.184,2026-10-08 12:00:00+00:00,4.0,16.0,NVIDIA T4,1.0,16.0,Up to 25 Gigabit,1.0,125.0,x86_64,2026-10-08,2026-10-08 20:27:06,0.184
eu-west-3,g5.2xlarge,Windows,eu-west-3b,0.741,2026-10-08 12:00:00+00:00,8.0,32.0,NVIDIA A10G,1.0,22.3515625,Up to 10 Gigabit,1.0,450.0,x86_64,2026-10-08,2026-10-08 20:27:06,0.741
eu-west-3,g5.4xlarge,Linux,eu-west-3c,0.7519,2026-10-08 12:00:00+00:00,16.0,64.0,NVIDIA A10G,1.0,22.3515625,Up to 25 Gigabit,1.0,600.0,x86_64,2026-10-08,2026-10-08 20:27:06,0.7519
eu-west-3,g5.xlarge,Windows,eu-west-3a,0.6157,2026-10-08 12:00:00+00:00,4.0,16.0,NVIDIA A10G,1.0,22.3515625,Up to 10 Gigabit,1.0,250.0,x86_64,2026-10-08,2026-10-08 20:27:06,0.6157
eu-west-3,g6.12xlarge,Linux,eu-west-3c,1.9125,2026-10-08 12:00:00+00:00,48.0,192.0,NVIDIA L4,4.0,89.40625,40 Gigabit,1.0,3760.0,x86_64,2026-10-08,2026-10-08 20:27:06,0.478125
eu-west-3,g6.12xlarge,Windows,eu-west-3b,3.0507,2026-10-08 12:00:00+00:00,48.0,192.0,NVIDIA L4,4.0,89.40625,40 Gigabit,1.0,3760.0,x86_64,2026-10-08,2026-10-08 20:27:06,0.762675
sa-east-1,gr6.4xlarge,Windows,sa-east-1a,0.9976,2026-10-08 12:00:00+00:00,16.0,128.0,NVIDIA L4,1.0,22.3515625,Up to 25 Gigabit,1.0,600.0,x86_64,2026-10-08,2026-10-08 20:27:06,0.9976
sa-east-1,gr6.4xlarge,Linux,sa-east-1a,0.4157,2026-10-08 12:00:00+00:00,16.0,128.0,NVIDIA L4,1.0,22.3515625,Up to 25 Gigabit,1.0,600.0,x86_64,2026-10-08,2026-10-08 20:27:06,0.4157
sa-east-1,g4dn.2xlarge,Linux,sa-east-1b,0.1571,2026-10-08 12:00:00+00:00,8.0,32.0,NVIDIA T4,1.0,16.0,Up to 25 Gigabit,1.0,225.0,x86_64,2026-10-08,2026-10-08 20:27:06,0.1571
sa-east-1,g5.16xlarge,Windows,sa-east-1a,8.8562,2026-10-08 12:00:00+00:00,64.0,256.0,NVIDIA A10G,1.0,22.3515625,25 Gigabit,1.0,1900.0,x86_64,2026-10-08,2026-10-08 20:27:06,8.8562
sa-east-1,g4dn.2xlarge,Windows,sa-east-1b,0.4958,2026-10-08 12:00:00+00:00,8.0,32.0,NVIDIA T4,1.0,16.0,Up to 25 Gigabit,1.0,225.0,x86_64,2026-10-08,2026-10-08 20:27:06,0.4958
sa-east-1,g4dn.4xlarge,Windows,sa-east-1a,0.9406,2026-10-08 12:00:00+00:00,16.0,64.0,NVIDIA T4,1.0,16.0,Up to 25 Gigabit,1.0,225.0,x86_64,2026-10-08,2026-10-08 20:27:06,0.9406
sa-east-1,g4dn.4xlarge,Windows,sa-east-1b,0.9406,2026-10-08 12:00:00+00:00,16.0,64.0,NVIDIA T4,1.0,16.0,Up to 25 Gigabit,1.0,225.0,x86_64,2026-10-08,2026-10-08 20:27:06,0.9406
sa-east-1,g4dn.8xlarge,Linux,sa-east-1c,0.4655,2026-10-08 12:00:00+00:00,32.0,128.0,NVIDIA T4,1.0,16.0,50 Gigabit,1.0,900.0,x86_64,2026-10-08,2026-10-08 20:27:06,0.4655
sa-east-1,g4dn.8xlarge,Windows,sa-east-1a,1.8418,2026-10-08 12:00:00+00:00,32.0,128.0,NVIDIA T4,1.0,16.0,50 Gigabit,1.0,900.0,x86_64,2026-10-08,2026-10-08 20:27:06,1.8418
sa-east-1,g4dn.metal,Linux,sa-east-1b,1.3298,2026-10-08 12:00:00+00:00,96.0,384.0,NVIDIA T4,8.0,128.0,100 Gigabit,1.0,1800.0,x86_64,2026-10-08,2026-10-08 20:27:06,0.166225
sa-east-1,g4dn.xlarge,Windows,sa-east-1a,0.2734,2026-10-08 12:00:00+00:00,4.0,16.0,NVIDIA T4,1.0,16.0,Up to 25 Gigabit,1.0,125.0,x86_64,2026-10-08,2026-10-08 20:27:06,0.2734
sa-east-1,g4dn.xlarge,Windows,sa-east-1c,0.2734,2026-10-08 12:00:00+00:00,4.0,16.0,NVIDIA T4,1.0,16.0,Up to 25 Gigabit,1.0,125.0,x86_64,2026-10-08,2026-10-08 20:27:06,0.2734
sa-east-1,g5.16xlarge,Linux,sa-east-1b,5.9122,2026-10-08 12:00:00+00:00,64.0,256.0,NVIDIA A10G,1.0,22.3515625,25 Gigabit,1.0,1900.0,x86_64,2026-10-08,2026-10-08 20:27:06,5.9122
sa-east-1,g5.24xlarge,Windows,sa-east-1a,7.7348,2026-10-08 12:00:00+00:00,96.0,384.0,NVIDIA A10G,4.0,89.40625,50 Gigabit,1.0,3800.0,x86_64,2026-10-08,2026-10-08 20:27:06,1.9337
sa-east-1,g6f.xlarge,Linux,sa-east-1a,0.109,2026-10-08 12:00:00+00:00,4.0,16.0,NVIDIA L4,0.0,2.7939453125,Up to 10 Gigabit,1.0,100.0,x86_64,2026-10-08,2026-10-08 20:27:06,
sa-east-1,g5.48xlarge,Windows,sa-east-1b,32.3424,2026-10-08 12:00:00+00:00,192.0,768.0,NVIDIA A10G,8.0,178.8125,100 Gigabit,1.0,7600.0,x86_64,2026-10-08,2026-10-08 20:27:06,4.0428
sa-east-1,g5.8xlarge,Linux,sa-east-1b,1.0507,2026-10-08 12:00:00+00:00,32.0,128.0,NVIDIA A10G,1.0,22.3515625,25 Gigabit,1.0,900.0,x86_64,2026-10-08,2026-10-08 20:27:06,1.0507
sa-east-1,g6.12xlarge,Windows,sa-east-1b,2.9902,2026-10-08 12:00:00+00:00,48.0,192.0,NVIDIA L4,4.0,89.40625,40 Gigabit,1.0,3760.0,x86_64,2026-10-08,2026-10-08 20:27:06,0.74755
sa-east-1,g6.24xlarge,Windows,sa-east-1a,5.6002,2026-10-08 12:00:00+00:00,96.0,384.0,NVIDIA L4,4.0,89.40625,50 Gigabit,1.0,3760.0,x86_64,2026-10-08,2026-10-08 20:27:06,1.40005
sa-east-1,g6.48xlarge,Linux,sa-east-1a,4.1289,2026-10-08 12:00:00+00:00,192.0,768.0,NVIDIA L4,8.0,178.8125,100 Gigabit,1.0,7520.0,x86_64,2026-10-08,2026-10-08 20:27:06,0.5161125
sa-east-1,g6.4xlarge,Linux,sa-east-1a,0.3122,2026-10-08 12:00:00+00:00,16.0,64.0,NVIDIA L4,1.0,22.3515625,Up to 25 Gigabit,1.0,600.0,x86_64,2026-10-08,2026-10-08 20:27:06,0.3122
sa-east-1,g6.8xlarge,Linux,sa-east-1b,0.3798,2026-10-08 12:00:00+00:00,32.0,128.0,NVIDIA L4,1.0,22.3515625,25 Gigabit,1.0,900.0,x86_64,2026-10-08,2026-10-08 20:27:06,0.3798
sa-east-1,g6.8xlarge,Windows,sa-east-1a,1.8144,2026-10-08 12:00:00+00:00,32.0,128.0,NVIDIA L4,1.0,22.3515625,25 Gigabit,1.0,900.0,x86_64,2026-10-08,2026-10-08 20:27:06,1.8144
sa-east-1,g6f.2xlarge,Windows,sa-east-1b,0.4487,2026-10-08 12:00:00+00:00,8.0,32.0,NVIDIA L4,0.0,5.587890625,Up to 10 Gigabit,1.0,200.0,x86_64,2026-10-08,2026-10-08 20:27:06,
us-east-1,inf2.xlarge,Linux,us-east-1b,0.1858,2026-10-08 12:00:00+00:00,4.0,16.0,Inferentia2,1.0,32.0,Up to 15 Gigabit,1.0,0.0,x86_64,2026-10-08,2026-10-08 20:27:06,0.1858
us-east-1,inf2.8xlarge,Linux,us-east-1f,0.4542,2026-10-08 12:00:00+00:00,32.0,128.0,Inferentia2,1.0,32.0,Up to 25 Gigabit,1.0,0.0,x86_64,2026-10-08,2026-10-08 20:27:06,0.4542
us-east-1,g4dn.12xlarge,Linux,us-east-1a,1.6948,2026-10-08 12:00:00+00:00,48.0,192.0,NVIDIA T4,4.0,64.0,50 Gigabit,1.0,900.0,x86_64,2026-10-08,2026-10-08 20:27:06,0.4237
us-east-1,inf2.48xlarge,Linux,us-east-1b,3.4487,2026-10-08 12:00:00+00:00,192.0,768.0,Inferentia2,12.0,384.0,100 Gigabit,1.0,0.0,x86_64,2026-10-08,2026-10-08 20:27:06,0.28739166666666666
us-east-1,g5.4xlarge,Windows,us-east-1c,1.1593,2026-10-08 12:00:00+00:00,16.0,64.0,NVIDIA A10G,1.0,22.3515625,Up to 25 Gigabit,1.0,600.0,x86_64,2026-10-08,2026-10-08 20:27:06,1.1593
us-east-1,g5.8xlarge,Linux,us-east-1a,1.0422,2026-10-08 12:00:00+00:00,32.0,128.0,NVIDIA A10G,1.0,22.3515625,25 Gigabit,1.0,900.0,x86_64,2026-10-08,2026-10-08 20:27:06,1.0422
us-east-1,g5.8xlarge,Linux,us-east-1c,1.2425,2026-10-08 12:00:00+00:00,32.0,128.0,NVIDIA A10G,1.0,22.3515625,25 Gigabit,1.0,900.0,x86_64,2026-10-08,2026-10-08 20:27:06,1.2425
us-east-1,g5.8xlarge,Windows,us-east-1a,1.7168,2026-10-08 12:00:00+00:00,32.0,128.0,NVIDIA A10G,1.0,22.3515625,25 Gigabit,1.0,900.0,x86_64,2026-10-08,2026-10-08 20:27:06,1.7168
us-east-1,g5.xlarge,Linux,us-east-1a,0.5761,2026-10-08 12:00:00+00:00,4.0,16.0,NVIDIA A10G,1.0,22.3515625,Up to 10 Gigabit,1.0,250.0,x86_64,2026-10-08,2026-10-08 20:27:06,0.5761
us-east-1,g5.xlarge,Windows,us-east-1d,0.2846,2026-10-08 12:00:00+00:00,4.0,16.0,NVIDIA A10G,1.0,22.3515625,Up to 10 Gigabit,1.0,250.0,x86_64,2026-10-08,2026-10-08 20:27:06,0.2846
us-east-1,g5g.16xlarge,Linux,us-east-1c,0.7618,2026-10-08 12:00:00+00:00,64.0,128.0,NVIDIA T4g,2.0,32.0,25 Gigabit,1.0,0.0,arm64,2026-10-08,2026-10-08 20:27:06,0.3809
us-east-1,g5g.16xlarge,Linux,us-east-1d,0.6944,2026-10-08 12:00:00+00:00,64.0,128.0,NVIDIA T4g,2.0,32.0,25 Gigabit,1.0,0.0,arm64,2026-10-08,2026-10-08 20:27:06,0.3472
us-east-1,g5g.2xlarge,Linux,us-east-1a,0.2569,2026-10-08 12:00:00+00:00,8.0,16.0,NVIDIA T4g,1.0,16.0,Up to 10 Gigabit,1.0,0.0,arm64,2026-10-08,2026-10-08 20:27:06,0.2569
us-east-1,g5g.8xlarge,Linux,us-east-1a,0.7876,2026-10-08 12:00:00+00:00,32.0,64.0,NVIDIA T4g,1.0,16.0,12 Gigabit,1.0,0.0,arm64,2026-10-08,2026-10-08 20:27:06,0.7876
us-east-1,g5g.8xlarge,Linux,us-east-1c,0.8387,2026-10-08 12:00:00+00:00,32.0,64.0,NVIDIA T4g,1.0,16.0,12 Gigabit,1.0,0.0,arm64,2026-10-08,2026-10-08 20:27:06,0.8387
us-east-1,g5g.xlarge,Linux,us-east-1d,0.1331,2026-10-08 12:00:00+00:00,4.0,8.0,NVIDIA T4g,1.0,16.0,Up to 10 Gigabit,1.0,0.0,arm64,2026-10-08,2026-10-08 20:27:06,0.1331
us-east-1,g6.12xlarge,Linux,us-east-1f,1.1049,2026-10-08 12:00:00+00:00,48.0,192.0,NVIDIA L4,4.0,89.40625,40 Gigabit,1.0,3760.0,x86_64,2026-10-08,2026-10-08 20:27:06,0.276225
us-east-1,g6.12xlarge,Windows,us-east-1a,3.3299,2026-10-08 12:00:00+00:00,48.0,192.0,NVIDIA L4,4.0,89.40625,40 Gigabit,1.0,3760.0,x86_64,2026-10-08,2026-10-08 20:27:06,0.832475
us-east-1,g6.12xlarge,Windows,us-east-1b,3.987,2026-10-08 12:00:00+00:00,48.0,192.0,NVIDIA L4,4.0,89.40625,40 Gigabit,1.0,3760.0,x86_64,2026-10-08,2026-10-08 20:27:06,0.99675
us-east-1,g6.16xlarge,Linux,us-east-1b,1.2555,2026-10-08 12:00:00+00:00,64.0,256.0,NVIDIA L4,1.0,22.3515625,25 Gigabit,1.0,1880.0,x86_64,2026-10-08,2026-10-08 20:27:06,1.2555
us-east-1,g6.16xlarge,Windows,us-east-1b,3.3316,2026-10-08 12:00:00+00:00,64.0,256.0,NVIDIA L4,1.0,22.3515625,25 Gigabit,1.0,1880.0,x86_64,2026-10-08,2026-10-08 20:27:06,3.3316
us-east-1,g6.24xlarge,Linux,us-east-1d,3.9004,2026-10-08 12:00:00+00:00,96.0,384.0,NVIDIA L4,4.0,89.40625,50 Gigabit,1.0,3760.0,x86_64,2026-10-08,2026-10-08 20:27:06,0.9751
us-east-1,g6.2xlarge,Windows,us-east-1b,0.5959,2026-10-08 12:00:00+00:00,8.0,32.0,NVIDIA L4,1.0,22.3515625,Up to 10 Gigabit,1.0,450.0,x86_64,2026-10-08,2026-10-08 20:27:06,0.5959
us-east-1,g6.48xlarge,Linux,us-east-1c,3.7021,2026-10-08 12:00:00+00:00,192.0,768.0,NVIDIA L4,8.0,178.8125,100 Gigabit,1.0,7520.0,x86_64,2026-10-08,2026-10-08 20:27:06,0.4627625
us-east-1,g6.48xlarge,Linux,us-east-1f,8.163,2026-10-08 12:00:00+00:00,192.0,768.0,NVIDIA L4,8.0,178.8125,100 Gigabit,1.0,7520.0,x86_64,2026-10-08,2026-10-08 20:27:06,1.020375
us-east-1,g5.4xlarge,Linux,us-east-1b,0.7128,2026-10-08 12:00:00+00:00,16.0,64.0,NVIDIA A10G,1.0,22.3515625,Up to 25 Gigabit,1.0,600.0,x86_64,2026-10-08,2026-10-08 20:27:06,0.7128
us-east-1,g5.48xlarge,Linux,us-east-1c,5.7487,2026-10-08 12:00:00+00:00,192.0,768.0,NVIDIA A10G,8.0,178.8125,100 Gigabit,1.0,7600.0,x86_64,2026-10-08,2026-10-08 20:27:06,0.7185875
us-east-1,g5.2xlarge,Windows,us-east-1d,0.4892,2026-10-08 12:00:00+00:00,8.0,32.0,NVIDIA A10G,1.0,22.3515625,Up to 10 Gigabit,1.0,450.0,x86_64,2026-10-08,2026-10-08 20:27:06,0.4892
us-east-1,g4dn.xlarge,Linux,us-east-1f,0.269,2026-10-08 12:00:00+00:00,4.0,16.0,NVIDIA T4,1.0,16.0,Up to 25 Gigabit,1.0,125.0,x86_64,2026-10-08,2026-10-08 20:27:06,0.269
us-east-1,g4dn.16xlarge,Windows,us-east-1c,3.5306,2026-10-08 12:00:00+00:00,64.0,256.0,NVIDIA T4,1.0,16.0,50 Gigabit,1.0,900.0,x86_64,2026-10-08,2026-10-08 20:27:06,3.5306
us-east-1,g4dn.2xlarge,Linux,us-east-1c,0.3193,2026-10-08 12:00:00+00:00,8.0,32.0,NVIDIA T4,1.0,16.0,Up to 25 Gigabit,1.0,225.0,x86_64,2026-10-08,2026-10-08 20:27:06,0.3193
us-east-1,g4dn.4xlarge,Windows,us-east-1c,0.8564,2026-10-08 12:00:00+00:00,16.0,64.0,NVIDIA T4,1.0,16.0,Up to 25 Gigabit,1.0,225.0,x86_64,2026-10-08,2026-10-08 20:27:06,0.8564
us-east-1,g4dn.4xlarge,Windows,us-east-1d,0.8564,2026-10-08 12:00:00+00:00,16.0,64.0,NVIDIA T4,1.0,16.0,Up to 25 Gigabit,1.0,225.0,x86_64,2026-10-08,2026-10-08 20:27:06,0.8564
us-east-1,g4dn.8xlarge,Linux,us-east-1c,0.8336,2026-10-08 12:00:00+00:00,32.0,128.0,NVIDIA T4,1.0,16.0,50 Gigabit,1.0,900.0,x86_64,2026-10-08,2026-10-08 20:27:06,0.8336
us-east-1,g4dn.8xlarge,Linux,us-east-1d,0.8191,2026-10-08 12:00:00+00:00,32.0,128.0,NVIDIA T4,1.0,16.0,50 Gigabit,1.0,900.0,x86_64,2026-10-08,2026-10-08 20:27:06,0.8191
us-east-1,g4dn.metal,Linux,us-east-1b,4.3453,2026-10-08 12:00:00+00:00,96.0,384.0,NVIDIA T4,8.0,128.0,100 Gigabit,1.0,1800.0,x86_64,2026-10-08,2026-10-08 20:27:06,0.5431625
us-east-1,g4dn.metal,Windows,us-east-1f,5.1984,2026-10-08 12:00:00+00:00,96.0,384.0,NVIDIA T4,8.0,128.0,100 Gigabit,1.0,1800.0,x86_64,2026-10-08,2026-10-08 20:27:06,0.6498
us-east-1,g4dn.metal,Windows,us-east-1d,5.1984,2026-10-08 12:00:00+00:00,96.0,384.0,NVIDIA T4,8.0,128.0,100 Gigabit,1.0,1800.0,x86_64,2026-10-08,2026-10-08 20:27:06,0.6498
us-east-1,g4dn.xlarge,Windows,us-east-1c,0.2366,2026-10-08 12:00:00+00:00,4.0,16.0,NVIDIA T4,1.0,16.0,Up to 25 Gigabit,1.0,125.0,x86_64,2026-10-08,2026-10-08 20:27:06,0.2366
us-east-1,g5.2xlarge,Windows,us-east-1b,0.4892,2026-10-08 12:00:00+00:00,8.0,32.0,NVIDIA A10G,1.0,22.3515625,Up to 10 Gigabit,1.0,450.0,x86_64,2026-10-08,2026-10-08 20:27:06,0.4892
us-east-1,g5.12xlarge,Linux,us-east-1a,5.5899,2026-10-08 12:00:00+00:00,48.0,192.0,NVIDIA A10G,4.0,89.40625,40 Gigabit,1.0,3800.0,x86_64,2026-10-08,2026-10-08 20:27:06,1.397475
us-east-1,g5.12xlarge,Windows,us-east-1b,3.6048,2026-10-08 12:00:00+00:00,48.0,192.0,NVIDIA A10G,4.0,89.40625,40 Gigabit,1.0,3800.0,x86_64,2026-10-08,2026-10-08 20:27:06,0.9012
us-east-1,g5.16xlarge,Linux,us-east-1a,1.7058,2026-10-08 12:00:00+00:00,64.0,256.0,NVIDIA A10G,1.0,22.3515625,25 Gigabit,1.0,1900.0,x86_64,2026-10-08,2026-10-08 20:27:06,1.7058
us-east-1,g5.16xlarge,Linux,us-east-1c,1.9964,2026-10-08 12:00:00+00:00,64.0,256.0,NVIDIA A10G,1.0,22.3515625,25 Gigabit,1.0,1900.0,x86_64,2026-10-08,2026-10-08 20:27:06,1.9964
us-east-1,g5.16xlarge,Linux,us-east-1f,1.509,2026-10-08 12:00:00+00:00,64.0,256.0,NVIDIA A10G,1.0,22.3515625,25 Gigabit,1.0,1900.0,x86_64,2026-10-08,2026-10-08 20:27:06,1.509
us-east-1,g5.16xlarge,Windows,us-east-1c,3.4101,2026-10-08 12:00:00+00:00,64.0,256.0,NVIDIA A10G,1.0,22.3515625,25 Gigabit,1.0,1900.0,x86_64,2026-10-08,2026-10-08 20:27:06,3.4101
us-east-1,g5.24xlarge,Linux,us-east-1b,3.5405,2026-10-08 12:00:00+00:00,96.0,384.0,NVIDIA A10G,4.0,89.40625,50 Gigabit,1.0,3800.0,x86_64,2026-10-08,2026-10-08 20:27:06,0.885125
us-east-1,g5.24xlarge,Windows,us-east-1a,6.6987,2026-10-08 12:00:00+00:00,96.0,384.0,NVIDIA A10G,4.0,89.40625,50 Gigabit,1.0,3800.0,x86_64,2026-10-08,2026-10-08 20:27:06,1.674675
us-east-1,g5.24xlarge,Windows,us-east-1b,5.8979,2026-10-08 12:00:00+00:00,96.0,384.0,NVIDIA A10G,4.0,89.40625,50 Gigabit,1.0,3800.0,x86_64,2026-10-08,2026-10-08 20:27:06,1.474475
us-east-1,g6.4xlarge,Windows,us-east-1b,1.0551,2026-10-08 12:00:00+00:00,16.0,64.0,NVIDIA L4,1.0,22.3515625,Up to 25 Gigabit,1.0,600.0,x86_64,2026-10-08,2026-10-08 20:27:06,1.0551
us-east-1,g6.8xlarge,Linux,us-east-1d,1.2335,2026-10-08 12:00:00+00:00,32.0,128.0,NVIDIA L4,1.0,22.3515625,25 Gigabit,1.0,900.0,x86_64,2026-10-08,2026-10-08 20:27:06,1.2335
us-east-1,g6.8xlarge,Windows,us-east-1a,1.7853,2026-10-08 12:00:00+00:00,32.0,128.0,NVIDIA L4,1.0,22.3515625,25 Gigabit,1.0,900.0,x86_64,2026-10-08,2026-10-08 20:27:06,1.7853
us-east-1,gr6.8xlarge,Linux,us-east-1b,1.2836,2026-10-08 12:00:00+00:00,32.0,256.0,NVIDIA L4,1.0,22.3515625,25 Gigabit,1.0,900.0,x86_64,2026-10-08,2026-10-08 20:27:06,1.2836
us-east-1,g7.24xlarge,Windows,us-east-1a,5.8417,2026-10-08 12:00:00+00:00,96.0,384.0,NVIDIA RTX PRO 4500,4.0,128.0,350 Gigabit,1.0,3800.0,x86_64,2026-10-08,2026-10-08 20:27:06,1.460425
us-east-1,g7.2xlarge,Linux,us-east-1b,0.5965,2026-10-08 12:00:00+00:00,8.0,32.0,NVIDIA RTX PRO 4500,1.0,32.0,Up to 60 Gigabit,1.0,440.0,x86_64,2026-10-08,2026-10-08 20:27:06,0.5965
us-east-1,g7.48xlarge,Linux,us-east-1a,4.8811,2026-10-08 12:00:00+00:00,192.0,768.0,NVIDIA RTX PRO 4500,8.0,256.0,700 Gigabit,2.0,7600.0,x86_64,2026-10-08,2026-10-08 20:27:06,0.6101375
us-east-1,g7.48xlarge,Linux,us-east-1d,5.0821,2026-10-08 12:00:00+00:00,192.0,768.0,NVIDIA RTX PRO 4500,8.0,256.0,700 Gigabit,2.0,7600.0,x86_64,2026-10-08,2026-10-08 20:27:06,0.6352625
us-east-1,g7e.12xlarge,Windows,us-east-1d,3.0366,2026-10-08 12:00:00+00:00,48.0,512.0,NVIDIA RTX PRO Server 6000,2.0,192.0,400 Gigabit,1.0,3800.0,x86_64,2026-10-08,2026-10-08 20:27:06,1.5183
us-east-1,g7e.24xlarge,Windows,us-east-1d,9.1561,2026-10-08 12:00:00+00:00,96.0,1024.0,NVIDIA RTX PRO Server 6000,4.0,384.0,800 Gigabit,2.0,7600.0,x86_64,2026-10-08,2026-10-08 20:27:06,2.289025
us-east-1,g7e.48xlarge,Windows,us-east-1b,12.1464,2026-10-08 12:00:00+00:00,192.0,2048.0,NVIDIA RTX PRO Server 6000,8.0,768.0,1600 Gigabit,4.0,15200.0,x86_64,2026-10-08,2026-10-08 20:27:06,1.5183
us-east-1,g7e.48xlarge,Windows,us-east-1d,12.1464,2026-10-08 12:00:00+00:00,192.0,2048.0,NVIDIA RTX PRO Server 6000,8.0,768.0,1600 Gigabit,4.0,15200.0,x86_64,2026-10-08,2026-10-08 20:27:06,1.5183
us-east-1,gr6.4xlarge,Linux,us-east-1d,0.8309,2026-10-08 12:00:00+00:00,16.0,128.0,NVIDIA L4,1.0,22.3515625,Up to 25 Gigabit,1.0,600.0,x86_64,2026-10-08,2026-10-08 20:27:06,0.8309
us-east-1,gr6.8xlarge,Windows,us-east-1a,1.7166,2026-10-08 12:00:00+00:00,32.0,256.0,NVIDIA L4,1.0,22.3515625,25 Gigabit,1.0,900.0,x86_64,2026-10-08,2026-10-08 20:27:06,1.7166
us-east-1,g7.12xlarge,Windows,us-east-1c,2.9208,2026-10-08 12:00:00+00:00,48.0,192.0,NVIDIA RTX PRO 4500,2.0,64.0,175 Gigabit,1.0,1900.0,x86_64,2026-10-08,2026-10-08 20:27:06,1.4604
us-east-1,gr6.8xlarge,Windows,us-east-1c,1.7166,2026-10-08 12:00:00+00:00,32.0,256.0,NVIDIA L4,1.0,22.3515625,25 Gigabit,1.0,900.0,x86_64,2026-10-08,2026-10-08 20:27:06,1.7166
us-east-1,gr6f.4xlarge,Windows,us-east-1b,1.7866,2026-10-08 12:00:00+00:00,16.0,128.0,NVIDIA L4,0.0,11.17578125,Up to 25 Gigabit,1.0,450.0,x86_64,2026-10-08,2026-10-08 20:27:06,
us-east-1,inf1.24xlarge,Linux,us-east-1f,0.8458,2026-10-08 12:00:00+00:00,96.0,192.0,Inferentia,16.0,128.0,100 Gigabit,1.0,0.0,x86_64,2026-10-08,2026-10-08 20:27:06,0.0528625
us-east-1,inf1.2xlarge,Linux,us-east-1a,0.1114,2026-10-08 12:00:00+00:00,8.0,16.0,Inferentia,1.0,8.0,Up to 25 Gigabit,1.0,0.0,x86_64,2026-10-08,2026-10-08 20:27:06,0.1114
us-east-1,inf1.2xlarge,Linux,us-east-1c,0.1089,2026-10-08 12:00:00+00:00,8.0,16.0,Inferentia,1.0,8.0,Up to 25 Gigabit,1.0,0.0,x86_64,2026-10-08,2026-10-08 20:27:06,0.1089
us-east-1,inf1.6xlarge,Linux,us-east-1a,0.3563,2026-10-08 12:00:00+00:00,24.0,48.0,Inferentia,4.0,32.0,25 Gigabit,1.0,0.0,x86_64,2026-10-08,2026-10-08 20:27:06,0.089075
us-east-1,inf1.6xlarge,Linux,us-east-1b,0.3299,2026-10-08 12:00:00+00:00,24.0,48.0,Inferentia,4.0,32.0,25 Gigabit,1.0,0.0,x86_64,2026-10-08,2026-10-08 20:27:06,0.082475
us-east-1,inf1.6xlarge,Linux,us-east-1f,0.1962,2026-10-08 12:00:00+00:00,24.0,48.0,Inferentia,4.0,32.0,25 Gigabit,1.0,0.0,x86_64,2026-10-08,2026-10-08 20:27:06,0.04905
us-east-1,inf1.xlarge,Linux,us-east-1f,0.0475,2026-10-08 12:00:00+00:00,4.0,8.0,Inferentia,1.0,8.0,Up to 25 Gigabit,1.0,0.0,x86_64,2026-10-08,2026-10-08 20:27:06,0.0475
us-east-1,g7.24xlarge,Linux,us-east-1d,1.7765,2026-10-08 12:00:00+00:00,96.0,384.0,NVIDIA RTX PRO 4500,4.0,128.0,350 Gigabit,1.0,3800.0,x86_64,2026-10-08,2026-10-08 20:27:06,0.444125
us-east-1,g6f.xlarge,Windows,us-east-1b,0.2078,2026-10-08 12:00:00+00:00,4.0,16.0,NVIDIA L4,0.0,2.7939453125,Up to 10 Gigabit,1.0,100.0,x86_64,2026-10-08,2026-10-08 20:27:06,
us-east-1,g6.xlarge,Linux,us-east-1b,0.5411,2026-10-08 12:00:00+00:00,4.0,16.0,NVIDIA L4,1.0,22.3515625,Up to 10 Gigabit,1.0,250.0,x86_64,2026-10-08,2026-10-08 20:27:06,0.5411
us-east-1,g6f.2xlarge,Windows,us-east-1d,0.4155,2026-10-08 12:00:00+00:00,8.0,32.0,NVIDIA L4,0.0,5.587890625,Up to 10 Gigabit,1.0,200.0,x86_64,2026-10-08,2026-10-08 20:27:06,
us-east-1,g6e.24xlarge,Linux,us-east-1d,1.5066,2026-10-08 12:00:00+00:00,96.0,768.0,NVIDIA L40S,4.0,178.8125,200 Gigabit,2.0,3800.0,x86_64,2026-10-08,2026-10-08 20:27:06,0.37665
us-east-1,g6e.24xlarge,Windows,us-east-1a,19.2634,2026-10-08 12:00:00+00:00,96.0,768.0,NVIDIA L40S,4.0,178.8125,200 Gigabit,2.0,3800.0,x86_64,2026-10-08,2026-10-08 20:27:06,4.81585
us-east-1,g6e.24xlarge,Windows,us-east-1d,5.9226,2026-10-08 12:00:00+00:00,96.0,768.0,NVIDIA L40S,4.0,178.8125,200 Gigabit,2.0,3800.0,x86_64,2026-10-08,2026-10-08 20:27:06,1.48065
us-east-1,g6e.2xlarge,Windows,us-east-1a,0.677,2026-10-08 12:00:00+00:00,8.0,64.0,NVIDIA L40S,1.0,44.703125,Up to 20 Gigabit,1.0,450.0,x86_64,2026-10-08,2026-10-08 20:27:06,0.677
us-east-1,g6e.2xlarge,Windows,us-east-1b,0.6389,2026-10-08 12:00:00+00:00,8.0,64.0,NVIDIA L40S,1.0,44.703125,Up to 20 Gigabit,1.0,450.0,x86_64,2026-10-08,2026-10-08 20:27:06,0.6389
us-east-1,g6e.48xlarge,Windows,us-east-1a,32.8512,2026-10-08 12:00:00+00:00,192.0,1536.0,NVIDIA L40S,8.0,357.625,400 Gigabit,4.0,7600.0,x86_64,2026-10-08,2026-10-08 20:27:06,4.1064
us-east-1,g6e.8xlarge,Windows,us-east-1b,1.9249,2026-10-08 12:00:00+00:00,32.0,256.0,NVIDIA L40S,1.0,44.703125,25 Gigabit,1.0,900.0,x86_64,2026-10-08,2026-10-08 20:27:06,1.9249
us-east-1,g6e.8xlarge,Windows,us-east-1c,2.0423,2026-10-08 12:00:00+00:00,32.0,256.0,NVIDIA L40S,1.0,44.703125,25 Gigabit,1.0,900.0,x86_64,2026-10-08,2026-10-08 20:27:06,2.0423
us-east-1,g6f.2xlarge,Linux,us-east-1b,0.2924,2026-10-08 12:00:00+00:00,8.0,32.0,NVIDIA L4,0.0,5.587890625,Up to 10 Gigabit,1.0,200.0,x86_64,2026-10-08,2026-10-08 20:27:06,
us-east-1,g6f.large,Windows,us-east-1b,0.1187,2026-10-08 12:00:00+00:00,2.0,8.0,NVIDIA L4,0.0,2.7939453125,Up to 10 Gigabit,1.0,100.0,x86_64,2026-10-08,2026-10-08 20:27:06,
us-east-1,g6f.xlarge,Windows,us-east-1a,0.2082,2026-10-08 12:00:00+00:00,4.0,16.0,NVIDIA L4,0.0,2.7939453125,Up to 10 Gigabit,1.0,100.0,x86_64,2026-10-08,2026-10-08 20:27:06,
us-east-1,g6f.xlarge,Linux,us-east-1a,0.0894,2026-10-08 12:00:00+00:00,4.0,16.0,NVIDIA L4,0.0,2.7939453125,Up to 10 Gigabit,1.0,100.0,x86_64,2026-10-08,2026-10-08 20:27:06,
ap-northeast-3,g6e.xlarge,Windows,ap-northeast-3b,0.8592,2026-10-08 12:00:00+00:00,4.0,32.0,NVIDIA L40S,1.0,44.703125,Up to 20 Gigabit,1.0,250.0,x86_64,2026-10-08,2026-10-08 20:27:06,0.8592
ap-northeast-3,g6e.8xlarge,Windows,ap-northeast-3b,2.1288,2026-10-08 12:00:00+00:00,32.0,256.0,NVIDIA L40S,1.0,44.703125,25 Gigabit,1.0,900.0,x86_64,2026-10-08,2026-10-08 20:27:06,2.1288
ap-northeast-3,g6e.2xlarge,Linux,ap-northeast-3c,2.0672,2026-10-08 12:00:00+00:00,8.0,64.0,NVIDIA L40S,1.0,44.703125,Up to 20 Gigabit,1.0,450.0,x86_64,2026-10-08,2026-10-08 20:27:06,2.0672
ap-northeast-3,g4dn.xlarge,Windows,ap-northeast-3b,0.255,2026-10-08 12:00:00+00:00,4.0,16.0,NVIDIA T4,1.0,16.0,Up to 25 Gigabit,1.0,125.0,x86_64,2026-10-08,2026-10-08 20:27:06,0.255
ap-northeast-3,g4dn.xlarge,Linux,ap-northeast-3c,0.2353,2026-10-08 12:00:00+00:00,4.0,16.0,NVIDIA T4,1.0,16.0,Up to 25 Gigabit,1.0,125.0,x86_64,2026-10-08,2026-10-08 20:27:06,0.2353
ca-central-1,gr6.8xlarge,Windows,ca-central-1a,1.7924,2026-10-08 12:00:00+00:00,32.0,256.0,NVIDIA L4,1.0,22.3515625,25 Gigabit,1.0,900.0,x86_64,2026-10-08,2026-10-08 20:27:06,1.7924
ap-northeast-3,g4dn.2xlarge,Linux,ap-northeast-3b,0.2863,2026-10-08 12:00:00+00:00,8.0,32.0,NVIDIA T4,1.0,16.0,Up to 25 Gigabit,1.0,225.0,x86_64,2026-10-08,2026-10-08 20:27:06,0.2863
ap-northeast-3,g4dn.12xlarge,Windows,ap-northeast-3c,2.7361,2026-10-08 12:00:00+00:00,48.0,192.0,NVIDIA T4,4.0,64.0,50 Gigabit,1.0,900.0,x86_64,2026-10-08,2026-10-08 20:27:06,0.684025
eu-west-3,g6.16xlarge,Linux,eu-west-3b,1.207,2026-10-08 12:00:00+00:00,64.0,256.0,NVIDIA L4,1.0,22.3515625,25 Gigabit,1.0,1880.0,x86_64,2026-10-08,2026-10-08 20:27:06,1.207
eu-west-3,g6.16xlarge,Windows,eu-west-3b,3.5612,2026-10-08 12:00:00+00:00,64.0,256.0,NVIDIA L4,1.0,22.3515625,25 Gigabit,1.0,1880.0,x86_64,2026-10-08,2026-10-08 20:27:06,3.5612
eu-west-3,g6.24xlarge,Linux,eu-west-3c,2.5534,2026-10-08 12:00:00+00:00,96.0,384.0,NVIDIA L4,4.0,89.40625,50 Gigabit,1.0,3760.0,x86_64,2026-10-08,2026-10-08 20:27:06,0.63835
eu-west-3,g6.48xlarge,Linux,eu-west-3b,5.238,2026-10-08 12:00:00+00:00,192.0,768.0,NVIDIA L4,8.0,178.8125,100 Gigabit,1.0,7520.0,x86_64,2026-10-08,2026-10-08 20:27:06,0.65475
eu-north-1,inf1.24xlarge,Linux,eu-north-1a,0.5016,2026-10-08 12:00:00+00:00,96.0,192.0,Inferentia,16.0,128.0,100 Gigabit,1.0,0.0,x86_64,2026-10-08,2026-10-08 20:27:06,0.03135
eu-north-1,p4d.24xlarge,Linux,eu-north-1c,8.0478,2026-10-08 12:00:00+00:00,96.0,1152.0,NVIDIA A100,8.0,320.0,4x 100 Gigabit,4.0,8000.0,x86_64,2026-10-08,2026-10-08 20:27:06,1.005975
eu-north-1,p5.4xlarge,Linux,eu-north-1c,2.0763,2026-10-08 12:00:00+00:00,16.0,256.0,NVIDIA H100,1.0,80.0,100 Gigabit,1.0,3800.0,x86_64,2026-10-08,2026-10-08 20:27:06,2.0763
eu-central-1,g4dn.12xlarge,Windows,eu-central-1c,2.697,2026-10-08 12:00:00+00:00,48.0,192.0,NVIDIA T4,4.0,64.0,50 Gigabit,1.0,900.0,x86_64,2026-10-08,2026-10-08 20:27:06,0.67425
eu-central-1,g4dn.16xlarge,Windows,eu-central-1a,3.488,2026-10-08 12:00:00+00:00,64.0,256.0,NVIDIA T4,1.0,16.0,50 Gigabit,1.0,900.0,x86_64,2026-10-08,2026-10-08 20:27:06,3.488
eu-central-1,g4dn.2xlarge,Linux,eu-central-1c,0.3877,2026-10-08 12:00:00+00:00,8.0,32.0,NVIDIA T4,1.0,16.0,Up to 25 Gigabit,1.0,225.0,x86_64,2026-10-08,2026-10-08 20:27:06,0.3877
eu-central-1,g4dn.8xlarge,Linux,eu-central-1a,1.1834,2026-10-08 12:00:00+00:00,32.0,128.0,NVIDIA T4,1.0,16.0,50 Gigabit,1.0,900.0,x86_64,2026-10-08,2026-10-08 20:27:06,1.1834
eu-central-1,g4dn.metal,Linux,eu-central-1a,4.4913,2026-10-08 12:00:00+00:00,96.0,384.0,NVIDIA T4,8.0,128.0,100 Gigabit,1.0,1800.0,x86_64,2026-10-08,2026-10-08 20:27:06,0.5614125
eu-central-1,g4dn.metal,Linux,eu-central-1b,4.6733,2026-10-08 12:00:00+00:00,96.0,384.0,NVIDIA T4,8.0,128.0,100 Gigabit,1.0,1800.0,x86_64,2026-10-08,2026-10-08 20:27:06,0.5841625
eu-central-1,g4dn.metal,Windows,eu-central-1c,5.394,2026-10-08 12:00:00+00:00,96.0,384.0,NVIDIA T4,8.0,128.0,100 Gigabit,1.0,1800.0,x86_64,2026-10-08,2026-10-08 20:27:06,0.67425
eu-central-1,g4dn.xlarge,Windows,eu-central-1c,0.3004,2026-10-08 12:00:00+00:00,4.0,16.0,NVIDIA T4,1.0,16.0,Up to 25 Gigabit,1.0,125.0,x86_64,2026-10-08,2026-10-08 20:27:06,0.3004
eu-central-1,g5.12xlarge,Linux,eu-central-1c,2.9772,2026-10-08 12:00:00+00:00,48.0,192.0,NVIDIA A10G,4.0,89.40625,40 Gigabit,1.0,3800.0,x86_64,2026-10-08,2026-10-08 20:27:06,0.7443
eu-central-1,g5.12xlarge,Windows,eu-central-1c,4.0382,2026-10-08 12:00:00+00:00,48.0,192.0,NVIDIA A10G,4.0,89.40625,40 Gigabit,1.0,3800.0,x86_64,2026-10-08,2026-10-08 20:27:06,1.00955
eu-central-1,g5.12xlarge,Windows,eu-central-1a,4.2862,2026-10-08 12:00:00+00:00,48.0,192.0,NVIDIA A10G,4.0,89.40625,40 Gigabit,1.0,3800.0,x86_64,2026-10-08,2026-10-08 20:27:06,1.07155
eu-central-1,g5.16xlarge,Linux,eu-central-1b,2.402,2026-10-08 12:00:00+00:00,64.0,256.0,NVIDIA A10G,1.0,22.3515625,25 Gigabit,1.0,1900.0,x86_64,2026-10-08,2026-10-08 20:27:06,2.402
eu-central-1,g5.48xlarge,Linux,eu-central-1c,20.3681,2026-10-08 12:00:00+00:00,192.0,768.0,NVIDIA A10G,8.0,178.8125,100 Gigabit,1.0,7600.0,x86_64,2026-10-08,2026-10-08 20:27:06,2.5460125
eu-central-1,g5.4xlarge,Linux,eu-central-1c,0.722,2026-10-08 12:00:00+00:00,16.0,64.0,NVIDIA A10G,1.0,22.3515625,Up to 25 Gigabit,1.0,600.0,x86_64,2026-10-08,2026-10-08 20:27:06,0.722
eu-central-1,g5.4xlarge,Linux,eu-central-1b,1.0275,2026-10-08 12:00:00+00:00,16.0,64.0,NVIDIA A10G,1.0,22.3515625,Up to 25 Gigabit,1.0,600.0,x86_64,2026-10-08,2026-10-08 20:27:06,1.0275
eu-central-1,g5.xlarge,Windows,eu-central-1c,0.4268,2026-10-08 12:00:00+00:00,4.0,16.0,NVIDIA A10G,1.0,22.3515625,Up to 10 Gigabit,1.0,250.0,x86_64,2026-10-08,2026-10-08 20:27:06,0.4268
eu-central-1,g5g.8xlarge,Linux,eu-central-1c,0.5982,2026-10-08 12:00:00+00:00,32.0,64.0,NVIDIA T4g,1.0,16.0,12 Gigabit,1.0,0.0,arm64,2026-10-08,2026-10-08 20:27:06,0.5982
eu-central-1,g6.16xlarge,Linux,eu-central-1a,1.3954,2026-10-08 12:00:00+00:00,64.0,256.0,NVIDIA L4,1.0,22.3515625,25 Gigabit,1.0,1880.0,x86_64,2026-10-08,2026-10-08 20:27:06,1.3954
eu-north-1,g7e.8xlarge,Linux,eu-north-1c,3.8614,2026-10-08 12:00:00+00:00,32.0,256.0,NVIDIA RTX PRO Server 6000,1.0,96.0,100 Gigabit,1.0,1900.0,x86_64,2026-10-08,2026-10-08 20:27:06,3.8614
eu-north-1,g7e.48xlarge,Windows,eu-north-1a,50.1815,2026-10-08 12:00:00+00:00,192.0,2048.0,NVIDIA RTX PRO Server 6000,8.0,768.0,1600 Gigabit,4.0,15200.0,x86_64,2026-10-08,2026-10-08 20:27:06,6.2726875
eu-north-1,g6f.xlarge,Windows,eu-north-1b,0.2092,2026-10-08 12:00:00+00:00,4.0,16.0,NVIDIA L4,0.0,2.7939453125,Up to 10 Gigabit,1.0,100.0,x86_64,2026-10-08,2026-10-08 20:27:06,
eu-north-1,g6.xlarge,Windows,eu-north-1a,0.2694,2026-10-08 12:00:00+00:00,4.0,16.0,NVIDIA L4,1.0,22.3515625,Up to 10 Gigabit,1.0,250.0,x86_64,2026-10-08,2026-10-08 20:27:06,0.2694
eu-north-1,g5.16xlarge,Linux,eu-north-1c,0.6261,2026-10-08 12:00:00+00:00,64.0,256.0,NVIDIA A10G,1.0,22.3515625,25 Gigabit,1.0,1900.0,x86_64,2026-10-08,2026-10-08 20:27:06,0.6261
eu-north-1,g5.2xlarge,Windows,eu-north-1c,0.4965,2026-10-08 12:00:00+00:00,8.0,32.0,NVIDIA A10G,1.0,22.3515625,Up to 10 Gigabit,1.0,450.0,x86_64,2026-10-08,2026-10-08 20:27:06,0.4965
eu-north-1,g5.48xlarge,Linux,eu-north-1c,3.6051,2026-10-08 12:00:00+00:00,192.0,768.0,NVIDIA A10G,8.0,178.8125,100 Gigabit,1.0,7600.0,x86_64,2026-10-08,2026-10-08 20:27:06,0.4506375
eu-north-1,g5.4xlarge,Linux,eu-north-1b,0.4568,2026-10-08 12:00:00+00:00,16.0,64.0,NVIDIA A10G,1.0,22.3515625,Up to 25 Gigabit,1.0,600.0,x86_64,2026-10-08,2026-10-08 20:27:06,0.4568
eu-north-1,g5.xlarge,Linux,eu-north-1c,0.2976,2026-10-08 12:00:00+00:00,4.0,16.0,NVIDIA A10G,1.0,22.3515625,Up to 10 Gigabit,1.0,250.0,x86_64,2026-10-08,2026-10-08 20:27:06,0.2976
eu-north-1,g6.12xlarge,Linux,eu-north-1a,1.3941,2026-10-08 12:00:00+00:00,48.0,192.0,NVIDIA L4,4.0,89.40625,40 Gigabit,1.0,3760.0,x86_64,2026-10-08,2026-10-08 20:27:06,0.348525
eu-north-1,g6.24xlarge,Linux,eu-north-1a,1.9579,2026-10-08 12:00:00+00:00,96.0,384.0,NVIDIA L4,4.0,89.40625,50 Gigabit,1.0,3760.0,x86_64,2026-10-08,2026-10-08 20:27:06,0.489475
eu-north-1,g6.8xlarge,Windows,eu-north-1b,1.6857,2026-10-08 12:00:00+00:00,32.0,128.0,NVIDIA L4,1.0,22.3515625,25 Gigabit,1.0,900.0,x86_64,2026-10-08,2026-10-08 20:27:06,1.6857
eu-north-1,g6.xlarge,Linux,eu-north-1b,0.2116,2026-10-08 12:00:00+00:00,4.0,16.0,NVIDIA L4,1.0,22.3515625,Up to 10 Gigabit,1.0,250.0,x86_64,2026-10-08,2026-10-08 20:27:06,0.2116
eu-north-1,g6e.12xlarge,Linux,eu-north-1a,9.6251,2026-10-08 12:00:00+00:00,48.0,384.0,NVIDIA L40S,4.0,178.8125,100 Gigabit,1.0,3800.0,x86_64,2026-10-08,2026-10-08 20:27:06,2.406275
eu-north-1,g6f.xlarge,Linux,eu-north-1b,0.0399,2026-10-08 12:00:00+00:00,4.0,16.0,NVIDIA L4,0.0,2.7939453125,Up to 10 Gigabit,1.0,100.0,x86_64,2026-10-08,2026-10-08 20:27:06,
eu-north-1,g6e.12xlarge,Linux,eu-north-1b,4.4838,2026-10-08 12:00:00+00:00,48.0,384.0,NVIDIA L40S,4.0,178.8125,100 Gigabit,1.0,3800.0,x86_64,2026-10-08,2026-10-08 20:27:06,1.12095
eu-north-1,g6e.16xlarge,Windows,eu-north-1a,3.7477,2026-10-08 12:00:00+00:00,64.0,512.0,NVIDIA L40S,1.0,44.703125,35 Gigabit,1.0,1900.0,x86_64,2026-10-08,2026-10-08 20:27:06,3.7477
eu-north-1,g6e.16xlarge,Windows,eu-north-1b,3.7477,2026-10-08 12:00:00+00:00,64.0,512.0,NVIDIA L40S,1.0,44.703125,35 Gigabit,1.0,1900.0,x86_64,2026-10-08,2026-10-08 20:27:06,3.7477
eu-north-1,g6e.48xlarge,Windows,eu-north-1b,22.5523,2026-10-08 12:00:00+00:00,192.0,1536.0,NVIDIA L40S,8.0,357.625,400 Gigabit,4.0,7600.0,x86_64,2026-10-08,2026-10-08 20:27:06,2.8190375
eu-north-1,g6e.4xlarge,Windows,eu-north-1b,1.3766,2026-10-08 12:00:00+00:00,16.0,128.0,NVIDIA L40S,1.0,44.703125,20 Gigabit,1.0,600.0,x86_64,2026-10-08,2026-10-08 20:27:06,1.3766
eu-north-1,g6e.8xlarge,Linux,eu-north-1a,0.7635,2026-10-08 12:00:00+00:00,32.0,256.0,NVIDIA L40S,1.0,44.703125,25 Gigabit,1.0,900.0,x86_64,2026-10-08,2026-10-08 20:27:06,0.7635
eu-north-1,g6e.8xlarge,Linux,eu-north-1b,1.0612,2026-10-08 12:00:00+00:00,32.0,256.0,NVIDIA L40S,1.0,44.703125,25 Gigabit,1.0,900.0,x86_64,2026-10-08,2026-10-08 20:27:06,1.0612
eu-north-1,g6e.xlarge,Windows,eu-north-1b,0.7153,2026-10-08 12:00:00+00:00,4.0,32.0,NVIDIA L40S,1.0,44.703125,Up to 20 Gigabit,1.0,250.0,x86_64,2026-10-08,2026-10-08 20:27:06,0.7153
eu-north-1,g6f.large,Windows,eu-north-1a,0.1134,2026-10-08 12:00:00+00:00,2.0,8.0,NVIDIA L4,0.0,2.7939453125,Up to 10 Gigabit,1.0,100.0,x86_64,2026-10-08,2026-10-08 20:27:06,
eu-central-1,g6.16xlarge,Linux,eu-central-1b,1.3556,2026-10-08 12:00:00+00:00,64.0,256.0,NVIDIA L4,1.0,22.3515625,25 Gigabit,1.0,1880.0,x86_64,2026-10-08,2026-10-08 20:27:06,1.3556
eu-central-1,g6.16xlarge,Windows,eu-central-1c,3.6951,2026-10-08 12:00:00+00:00,64.0,256.0,NVIDIA L4,1.0,22.3515625,25 Gigabit,1.0,1880.0,x86_64,2026-10-08,2026-10-08 20:27:06,3.6951
eu-central-1,g6.24xlarge,Windows,eu-central-1a,5.2507,2026-10-08 12:00:00+00:00,96.0,384.0,NVIDIA L4,4.0,89.40625,50 Gigabit,1.0,3760.0,x86_64,2026-10-08,2026-10-08 20:27:06,1.312675
ca-central-1,g6.2xlarge,Windows,ca-central-1a,0.5811,2026-10-08 12:00:00+00:00,8.0,32.0,NVIDIA L4,1.0,22.3515625,Up to 10 Gigabit,1.0,450.0,x86_64,2026-10-08,2026-10-08 20:27:06,0.5811
ca-central-1,g4dn.16xlarge,Windows,ca-central-1b,3.4272,2026-10-08 12:00:00+00:00,64.0,256.0,NVIDIA T4,1.0,16.0,50 Gigabit,1.0,900.0,x86_64,2026-10-08,2026-10-08 20:27:06,3.4272
ca-central-1,g4dn.8xlarge,Linux,ca-central-1b,0.7464,2026-10-08 12:00:00+00:00,32.0,128.0,NVIDIA T4,1.0,16.0,50 Gigabit,1.0,900.0,x86_64,2026-10-08,2026-10-08 20:27:06,0.7464
ca-central-1,g5.4xlarge,Windows,ca-central-1a,2.5392,2026-10-08 12:00:00+00:00,16.0,64.0,NVIDIA A10G,1.0,22.3515625,Up to 25 Gigabit,1.0,600.0,x86_64,2026-10-08,2026-10-08 20:27:06,2.5392
ca-central-1,g5.xlarge,Windows,ca-central-1a,0.2957,2026-10-08 12:00:00+00:00,4.0,16.0,NVIDIA A10G,1.0,22.3515625,Up to 10 Gigabit,1.0,250.0,x86_64,2026-10-08,2026-10-08 20:27:06,0.2957
ca-central-1,g6.12xlarge,Linux,ca-central-1a,5.1093,2026-10-08 12:00:00+00:00,48.0,192.0,NVIDIA L4,4.0,89.40625,40 Gigabit,1.0,3760.0,x86_64,2026-10-08,2026-10-08 20:27:06,1.277325
ca-central-1,g6.16xlarge,Linux,ca-central-1d,3.7716,2026-10-08 12:00:00+00:00,64.0,256.0,NVIDIA L4,1.0,22.3515625,25 Gigabit,1.0,1880.0,x86_64,2026-10-08,2026-10-08 20:27:06,3.7716
ca-central-1,g6.16xlarge,Windows,ca-central-1a,6.7156,2026-10-08 12:00:00+00:00,64.0,256.0,NVIDIA L4,1.0,22.3515625,25 Gigabit,1.0,1880.0,x86_64,2026-10-08,2026-10-08 20:27:06,6.7156
ca-central-1,g6.24xlarge,Windows,ca-central-1b,11.8277,2026-10-08 12:00:00+00:00,96.0,384.0,NVIDIA L4,4.0,89.40625,50 Gigabit,1.0,3760.0,x86_64,2026-10-08,2026-10-08 20:27:06,2.956925
ca-central-1,g6.24xlarge,Windows,ca-central-1d,11.8277,2026-10-08 12:00:00+00:00,96.0,384.0,NVIDIA L4,4.0,89.40625,50 Gigabit,1.0,3760.0,x86_64,2026-10-08,2026-10-08 20:27:06,2.956925
ca-central-1,g6.4xlarge,Linux,ca-central-1d,1.4692,2026-10-08 12:00:00+00:00,16.0,64.0,NVIDIA L4,1.0,22.3515625,Up to 25 Gigabit,1.0,600.0,x86_64,2026-10-08,2026-10-08 20:27:06,1.4692
eu-central-1,p4de.24xlarge,Linux,eu-central-1c,23.2076,2026-10-08 12:00:00+00:00,96.0,1152.0,NVIDIA A100,8.0,640.0,4x 100 Gigabit,4.0,8000.0,x86_64,2026-10-08,2026-10-08 20:27:06,2.90095
ca-central-1,g6.4xlarge,Windows,ca-central-1a,2.2052,2026-10-08 12:00:00+00:00,16.0,64.0,NVIDIA L4,1.0,22.3515625,Up to 25 Gigabit,1.0,600.0,x86_64,2026-10-08,2026-10-08 20:27:06,2.2052
ca-central-1,g6.xlarge,Linux,ca-central-1a,0.427,2026-10-08 12:00:00+00:00,4.0,16.0,NVIDIA L4,1.0,22.3515625,Up to 10 Gigabit,1.0,250.0,x86_64,2026-10-08,2026-10-08 20:27:06,0.427
ca-central-1,g6.xlarge,Windows,ca-central-1a,0.2734,2026-10-08 12:00:00+00:00,4.0,16.0,NVIDIA L4,1.0,22.3515625,Up to 10 Gigabit,1.0,250.0,x86_64,2026-10-08,2026-10-08 20:27:06,0.2734
ca-central-1,g6f.2xlarge,Linux,ca-central-1b,0.2022,2026-10-08 12:00:00+00:00,8.0,32.0,NVIDIA L4,0.0,5.587890625,Up to 10 Gigabit,1.0,200.0,x86_64,2026-10-08,2026-10-08 20:27:06,
ca-central-1,g6f.large,Windows,ca-central-1b,0.1519,2026-10-08 12:00:00+00:00,2.0,8.0,NVIDIA L4,0.0,2.7939453125,Up to 10 Gigabit,1.0,100.0,x86_64,2026-10-08,2026-10-08 20:27:06,
ca-central-1,p4d.24xlarge,Linux,ca-central-1b,11.6513,2026-10-08 12:00:00+00:00,96.0,1152.0,NVIDIA A100,8.0,320.0,4x 100 Gigabit,4.0,8000.0,x86_64,2026-10-08,2026-10-08 20:27:06,1.4564125
ca-central-1,inf1.xlarge,Linux,ca-central-1a,0.0522,2026-10-08 12:00:00+00:00,4.0,8.0,Inferentia,1.0,8.0,Up to 25 Gigabit,1.0,0.0,x86_64,2026-10-08,2026-10-08 20:27:06,0.0522
ca-central-1,inf1.6xlarge,Linux,ca-central-1a,0.202,2026-10-08 12:00:00+00:00,24.0,48.0,Inferentia,4.0,32.0,25 Gigabit,1.0,0.0,x86_64,2026-10-08,2026-10-08 20:27:06,0.0505
ca-central-1,inf1.24xlarge,Linux,ca-central-1b,5.26,2026-10-08 12:00:00+00:00,96.0,192.0,Inferentia,16.0,128.0,100 Gigabit,1.0,0.0,x86_64,2026-10-08,2026-10-08 20:27:06,0.32875
ca-central-1,g4dn.12xlarge,Windows,ca-central-1b,2.6423,2026-10-08 12:00:00+00:00,48.0,192.0,NVIDIA T4,4.0,64.0,50 Gigabit,1.0,900.0,x86_64,2026-10-08,2026-10-08 20:27:06,0.660575
eu-central-1,p4d.24xlarge,Linux,eu-central-1b,27.433,2026-10-08 12:00:00+00:00,96.0,1152.0,NVIDIA A100,8.0,320.0,4x 100 Gigabit,4.0,8000.0,x86_64,2026-10-08,2026-10-08 20:27:06,3.429125
eu-central-1,g6.48xlarge,Linux,eu-central-1a,5.2338,2026-10-08 12:00:00+00:00,192.0,768.0,NVIDIA L4,8.0,178.8125,100 Gigabit,1.0,7520.0,x86_64,2026-10-08,2026-10-08 20:27:06,0.654225
eu-central-1,g6e.2xlarge,Windows,eu-central-1b,1.5322,2026-10-08 12:00:00+00:00,8.0,64.0,NVIDIA L40S,1.0,44.703125,Up to 20 Gigabit,1.0,450.0,x86_64,2026-10-08,2026-10-08 20:27:06,1.5322
eu-central-1,g6.48xlarge,Windows,eu-central-1b,11.7832,2026-10-08 12:00:00+00:00,192.0,768.0,NVIDIA L4,8.0,178.8125,100 Gigabit,1.0,7520.0,x86_64,2026-10-08,2026-10-08 20:27:06,1.4729
eu-central-1,g6.4xlarge,Linux,eu-central-1c,0.7408,2026-10-08 12:00:00+00:00,16.0,64.0,NVIDIA L4,1.0,22.3515625,Up to 25 Gigabit,1.0,600.0,x86_64,2026-10-08,2026-10-08 20:27:06,0.7408
eu-central-1,g6.4xlarge,Linux,eu-central-1b,0.793,2026-10-08 12:00:00+00:00,16.0,64.0,NVIDIA L4,1.0,22.3515625,Up to 25 Gigabit,1.0,600.0,x86_64,2026-10-08,2026-10-08 20:27:06,0.793
eu-central-1,g6.xlarge,Linux,eu-central-1a,0.4665,2026-10-08 12:00:00+00:00,4.0,16.0,NVIDIA L4,1.0,22.3515625,Up to 10 Gigabit,1.0,250.0,x86_64,2026-10-08,2026-10-08 20:27:06,0.4665
eu-central-1,g6.xlarge,Windows,eu-central-1c,0.3618,2026-10-08 12:00:00+00:00,4.0,16.0,NVIDIA L4,1.0,22.3515625,Up to 10 Gigabit,1.0,250.0,x86_64,2026-10-08,2026-10-08 20:27:06,0.3618
eu-central-1,g6.xlarge,Windows,eu-central-1a,0.3619,2026-10-08 12:00:00+00:00,4.0,16.0,NVIDIA L4,1.0,22.3515625,Up to 10 Gigabit,1.0,250.0,x86_64,2026-10-08,2026-10-08 20:27:06,0.3619
eu-central-1,g6e.16xlarge,Linux,eu-central-1a,3.3308,2026-10-08 12:00:00+00:00,64.0,512.0,NVIDIA L40S,1.0,44.703125,35 Gigabit,1.0,1900.0,x86_64,2026-10-08,2026-10-08 20:27:06,3.3308
eu-central-1,g6e.16xlarge,Windows,eu-central-1a,4.6266,2026-10-08 12:00:00+00:00,64.0,512.0,NVIDIA L40S,1.0,44.703125,35 Gigabit,1.0,1900.0,x86_64,2026-10-08,2026-10-08 20:27:06,4.6266
eu-central-1,g6e.24xlarge,Windows,eu-central-1b,23.2541,2026-10-08 12:00:00+00:00,96.0,768.0,NVIDIA L40S,4.0,178.8125,200 Gigabit,2.0,3800.0,x86_64,2026-10-08,2026-10-08 20:27:06,5.813525
eu-central-1,g6e.8xlarge,Linux,eu-central-1c,2.1622,2026-10-08 12:00:00+00:00,32.0,256.0,NVIDIA L40S,1.0,44.703125,25 Gigabit,1.0,900.0,x86_64,2026-10-08,2026-10-08 20:27:06,2.1622
eu-central-1,inf1.xlarge,Linux,eu-central-1a,0.088,2026-10-08 12:00:00+00:00,4.0,8.0,Inferentia,1.0,8.0,Up to 25 Gigabit,1.0,0.0,x86_64,2026-10-08,2026-10-08 20:27:06,0.088
eu-central-1,g6f.xlarge,Linux,eu-central-1a,0.109,2026-10-08 12:00:00+00:00,4.0,16.0,NVIDIA L4,0.0,2.7939453125,Up to 10 Gigabit,1.0,100.0,x86_64,2026-10-08,2026-10-08 20:27:06,
eu-central-1,g6f.xlarge,Linux,eu-central-1b,0.1159,2026-10-08 12:00:00+00:00,4.0,16.0,NVIDIA L4,0.0,2.7939453125,Up to 10 Gigabit,1.0,100.0,x86_64,2026-10-08,2026-10-08 20:27:06,
eu-central-1,g7e.12xlarge,Windows,eu-central-1b,8.4675,2026-10-08 12:00:00+00:00,48.0,512.0,NVIDIA RTX PRO Server 6000,2.0,192.0,400 Gigabit,1.0,3800.0,x86_64,2026-10-08,2026-10-08 20:27:06,4.23375
eu-central-1,g7e.2xlarge,Linux,eu-central-1a,2.6038,2026-10-08 12:00:00+00:00,8.0,64.0,NVIDIA RTX PRO Server 6000,1.0,96.0,50 Gigabit,1.0,1900.0,x86_64,2026-10-08,2026-10-08 20:27:06,2.6038
eu-central-1,g7e.48xlarge,Linux,eu-central-1b,23.1516,2026-10-08 12:00:00+00:00,192.0,2048.0,NVIDIA RTX PRO Server 6000,8.0,768.0,1600 Gigabit,4.0,15200.0,x86_64,2026-10-08,2026-10-08 20:27:06,2.89395
eu-central-1,g7e.8xlarge,Windows,eu-central-1a,3.1902,2026-10-08 12:00:00+00:00,32.0,256.0,NVIDIA RTX PRO Server 6000,1.0,96.0,100 Gigabit,1.0,1900.0,x86_64,2026-10-08,2026-10-08 20:27:06,3.1902
eu-central-1,gr6.4xlarge,Windows,eu-central-1a,1.1119,2026-10-08 12:00:00+00:00,16.0,128.0,NVIDIA L4,1.0,22.3515625,Up to 25 Gigabit,1.0,600.0,x86_64,2026-10-08,2026-10-08 20:27:06,1.1119
eu-central-1,gr6f.4xlarge,Linux,eu-central-1b,0.473,2026-10-08 12:00:00+00:00,16.0,128.0,NVIDIA L4,0.0,11.17578125,Up to 25 Gigabit,1.0,450.0,x86_64,2026-10-08,2026-10-08 20:27:06,
eu-central-1,inf1.24xlarge,Linux,eu-central-1a,5.902,2026-10-08 12:00:00+00:00,96.0,192.0,Inferentia,16.0,128.0,100 Gigabit,1.0,0.0,x86_64,2026-10-08,2026-10-08 20:27:06,0.368875
eu-north-1,g5.12xlarge,Windows,eu-north-1b,2.8096,2026-10-08 12:00:00+00:00,48.0,192.0,NVIDIA A10G,4.0,89.40625,40 Gigabit,1.0,3800.0,x86_64,2026-10-08,2026-10-08 20:27:06,0.7024
eu-north-1,g4dn.xlarge,Windows,eu-north-1b,0.2398,2026-10-08 12:00:00+00:00,4.0,16.0,NVIDIA T4,1.0,16.0,Up to 25 Gigabit,1.0,125.0,x86_64,2026-10-08,2026-10-08 20:27:06,0.2398
eu-north-1,g4dn.4xlarge,Windows,eu-north-1c,0.9024,2026-10-08 12:00:00+00:00,16.0,64.0,NVIDIA T4,1.0,16.0,Up to 25 Gigabit,1.0,225.0,x86_64,2026-10-08,2026-10-08 20:27:06,0.9024
eu-west-1,g4dn.12xlarge,Linux,eu-west-1c,2.2281,2026-10-08 12:00:00+00:00,48.0,192.0,NVIDIA T4,4.0,64.0,50 Gigabit,1.0,900.0,x86_64,2026-10-08,2026-10-08 20:27:06,0.557025
eu-west-2,g7e.2xlarge,Linux,eu-west-2a,2.2456,2026-10-08 12:00:00+00:00,8.0,64.0,NVIDIA RTX PRO Server 6000,1.0,96.0,50 Gigabit,1.0,1900.0,x86_64,2026-10-08,2026-10-08 20:27:06,2.2456
eu-west-2,g7e.2xlarge,Windows,eu-west-2a,1.0396,2026-10-08 12:00:00+00:00,8.0,64.0,NVIDIA RTX PRO Server 6000,1.0,96.0,50 Gigabit,1.0,1900.0,x86_64,2026-10-08,2026-10-08 20:27:06,1.0396
eu-west-2,g7e.48xlarge,Windows,eu-west-2c,14.5927,2026-10-08 12:00:00+00:00,192.0,2048.0,NVIDIA RTX PRO Server 6000,8.0,768.0,1600 Gigabit,4.0,15200.0,x86_64,2026-10-08,2026-10-08 20:27:06,1.8240875
eu-west-2,g7e.48xlarge,Windows,eu-west-2a,23.735,2026-10-08 12:00:00+00:00,192.0,2048.0,NVIDIA RTX PRO Server 6000,8.0,768.0,1600 Gigabit,4.0,15200.0,x86_64,2026-10-08,2026-10-08 20:27:06,2.966875
eu-west-2,gr6.4xlarge,Linux,eu-west-2a,0.6876,2026-10-08 12:00:00+00:00,16.0,128.0,NVIDIA L4,1.0,22.3515625,Up to 25 Gigabit,1.0,600.0,x86_64,2026-10-08,2026-10-08 20:27:06,0.6876
eu-west-2,gr6.4xlarge,Linux,eu-west-2b,0.5358,2026-10-08 12:00:00+00:00,16.0,128.0,NVIDIA L4,1.0,22.3515625,Up to 25 Gigabit,1.0,600.0,x86_64,2026-10-08,2026-10-08 20:27:06,0.5358
eu-west-2,inf1.6xlarge,Linux,eu-west-2a,0.1867,2026-10-08 12:00:00+00:00,24.0,48.0,Inferentia,4.0,32.0,25 Gigabit,1.0,0.0,x86_64,2026-10-08,2026-10-08 20:27:06,0.046675
eu-west-2,p5.48xlarge,Linux,eu-west-2c,21.2726,2026-10-08 12:00:00+00:00,192.0,2048.0,NVIDIA H100,8.0,640.0,3200 Gigabit,32.0,30400.0,x86_64,2026-10-08,2026-10-08 20:27:06,2.659075
eu-west-2,p5.48xlarge,Linux,eu-west-2b,19.3576,2026-10-08 12:00:00+00:00,192.0,2048.0,NVIDIA H100,8.0,640.0,3200 Gigabit,32.0,30400.0,x86_64,2026-10-08,2026-10-08 20:27:06,2.4197
eu-west-1,g4dn.12xlarge,Linux,eu-west-1b,1.8561,2026-10-08 12:00:00+00:00,48.0,192.0,NVIDIA T4,4.0,64.0,50 Gigabit,1.0,900.0,x86_64,2026-10-08,2026-10-08 20:27:06,0.464025
eu-west-2,g7e.12xlarge,Linux,eu-west-2c,5.5729,2026-10-08 12:00:00+00:00,48.0,512.0,NVIDIA RTX PRO Server 6000,2.0,192.0,400 Gigabit,1.0,3800.0,x86_64,2026-10-08,2026-10-08 20:27:06,2.78645
eu-west-1,g4dn.4xlarge,Windows,eu-west-1c,1.0671,2026-10-08 12:00:00+00:00,16.0,64.0,NVIDIA T4,1.0,16.0,Up to 25 Gigabit,1.0,225.0,x86_64,2026-10-08,2026-10-08 20:27:06,1.0671
ap-southeast-1,p4de.24xlarge,Linux,ap-southeast-1a,32.9365,2026-10-08 12:00:00+00:00,96.0,1152.0,NVIDIA A100,8.0,640.0,4x 100 Gigabit,4.0,8000.0,x86_64,2026-10-08,2026-10-08 20:27:06,4.1170625
ap-southeast-1,inf2.8xlarge,Linux,ap-southeast-1a,1.3408,2026-10-08 12:00:00+00:00,32.0,128.0,Inferentia2,1.0,32.0,Up to 25 Gigabit,1.0,0.0,x86_64,2026-10-08,2026-10-08 20:27:06,1.3408
ap-southeast-1,inf2.48xlarge,Linux,ap-southeast-1c,3.2407,2026-10-08 12:00:00+00:00,192.0,768.0,Inferentia2,12.0,384.0,100 Gigabit,1.0,0.0,x86_64,2026-10-08,2026-10-08 20:27:06,0.27005833333333334
ap-southeast-1,inf2.24xlarge,Linux,ap-southeast-1a,9.0869,2026-10-08 12:00:00+00:00,96.0,384.0,Inferentia2,6.0,192.0,50 Gigabit,1.0,0.0,x86_64,2026-10-08,2026-10-08 20:27:06,1.5144833333333334
ap-southeast-1,inf1.2xlarge,Linux,ap-southeast-1c,0.1084,2026-10-08 12:00:00+00:00,8.0,16.0,Inferentia,1.0,8.0,Up to 25 Gigabit,1.0,0.0,x86_64,2026-10-08,2026-10-08 20:27:06,0.1084
ap-southeast-1,g5g.8xlarge,Linux,ap-southeast-1b,0.7548,2026-10-08 12:00:00+00:00,32.0,64.0,NVIDIA T4g,1.0,16.0,12 Gigabit,1.0,0.0,arm64,2026-10-08,2026-10-08 20:27:06,0.7548
ap-southeast-1,g5g.4xlarge,Linux,ap-southeast-1a,0.3846,2026-10-08 12:00:00+00:00,16.0,32.0,NVIDIA T4g,1.0,16.0,Up to 10 Gigabit,1.0,0.0,arm64,2026-10-08,2026-10-08 20:27:06,0.3846
ap-southeast-1,g5g.16xlarge,Linux,ap-southeast-1b,1.2015,2026-10-08 12:00:00+00:00,64.0,128.0,NVIDIA T4g,2.0,32.0,25 Gigabit,1.0,0.0,arm64,2026-10-08,2026-10-08 20:27:06,0.60075
eu-west-2,g7e.12xlarge,Windows,eu-west-2c,3.8331,2026-10-08 12:00:00+00:00,48.0,512.0,NVIDIA RTX PRO Server 6000,2.0,192.0,400 Gigabit,1.0,3800.0,x86_64,2026-10-08,2026-10-08 20:27:06,1.91655
eu-west-2,g6f.4xlarge,Windows,eu-west-2b,0.8718,2026-10-08 12:00:00+00:00,16.0,64.0,NVIDIA L4,0.0,11.17578125,Up to 25 Gigabit,1.0,450.0,x86_64,2026-10-08,2026-10-08 20:27:06,
ap-southeast-1,g4dn.xlarge,Linux,ap-southeast-1a,0.3389,2026-10-08 12:00:00+00:00,4.0,16.0,NVIDIA T4,1.0,16.0,Up to 25 Gigabit,1.0,125.0,x86_64,2026-10-08,2026-10-08 20:27:06,0.3389
eu-west-2,g4dn.metal,Linux,eu-west-2c,1.2551,2026-10-08 12:00:00+00:00,96.0,384.0,NVIDIA T4,8.0,128.0,100 Gigabit,1.0,1800.0,x86_64,2026-10-08,2026-10-08 20:27:06,0.1568875
eu-west-3,g6.4xlarge,Windows,eu-west-3b,0.9624,2026-10-08 12:00:00+00:00,16.0,64.0,NVIDIA L4,1.0,22.3515625,Up to 25 Gigabit,1.0,600.0,x86_64,2026-10-08,2026-10-08 20:27:06,0.9624
eu-west-3,g6.8xlarge,Linux,eu-west-3b,0.8895,2026-10-08 12:00:00+00:00,32.0,128.0,NVIDIA L4,1.0,22.3515625,25 Gigabit,1.0,900.0,x86_64,2026-10-08,2026-10-08 20:27:06,0.8895
eu-west-3,g6.8xlarge,Linux,eu-west-3c,0.8016,2026-10-08 12:00:00+00:00,32.0,128.0,NVIDIA L4,1.0,22.3515625,25 Gigabit,1.0,900.0,x86_64,2026-10-08,2026-10-08 20:27:06,0.8016
eu-west-3,inf1.xlarge,Linux,eu-west-3a,0.0462,2026-10-08 12:00:00+00:00,4.0,8.0,Inferentia,1.0,8.0,Up to 25 Gigabit,1.0,0.0,x86_64,2026-10-08,2026-10-08 20:27:06,0.0462
eu-west-3,inf2.48xlarge,Linux,eu-west-3c,2.5066,2026-10-08 12:00:00+00:00,192.0,768.0,Inferentia2,12.0,384.0,100 Gigabit,1.0,0.0,x86_64,2026-10-08,2026-10-08 20:27:06,0.20888333333333334
eu-west-3,p6-b200.48xlarge,Linux,eu-west-3a,51.6668,2026-10-08 12:00:00+00:00,192.0,2048.0,NVIDIA B200,8.0,1432.4921875,3200 Gigabit,8.0,30400.0,x86_64,2026-10-08,2026-10-08 20:27:06,6.45835
ap-northeast-1,p4de.24xlarge,Linux,ap-northeast-1a,17.7316,2026-10-08 12:00:00+00:00,96.0,1152.0,NVIDIA A100,8.0,640.0,4x 100 Gigabit,4.0,8000.0,x86_64,2026-10-08,2026-10-08 20:27:06,2.21645
eu-west-2,g4dn.2xlarge,Windows,eu-west-2c,0.4669,2026-10-08 12:00:00+00:00,8.0,32.0,NVIDIA T4,1.0,16.0,Up to 25 Gigabit,1.0,225.0,x86_64,2026-10-08,2026-10-08 20:27:06,0.4669
eu-west-2,g4dn.4xlarge,Linux,eu-west-2b,0.3777,2026-10-08 12:00:00+00:00,16.0,64.0,NVIDIA T4,1.0,16.0,Up to 25 Gigabit,1.0,225.0,x86_64,2026-10-08,2026-10-08 20:27:06,0.3777
eu-west-2,g4dn.metal,Linux,eu-west-2a,4.4604,2026-10-08 12:00:00+00:00,96.0,384.0,NVIDIA T4,8.0,128.0,100 Gigabit,1.0,1800.0,x86_64,2026-10-08,2026-10-08 20:27:06,0.55755
eu-west-2,g6.48xlarge,Windows,eu-west-2a,10.5267,2026-10-08 12:00:00+00:00,192.0,768.0,NVIDIA L4,8.0,178.8125,100 Gigabit,1.0,7520.0,x86_64,2026-10-08,2026-10-08 20:27:06,1.3158375
eu-west-2,g4dn.metal,Windows,eu-west-2c,5.3314,2026-10-08 12:00:00+00:00,96.0,384.0,NVIDIA T4,8.0,128.0,100 Gigabit,1.0,1800.0,x86_64,2026-10-08,2026-10-08 20:27:06,0.666425
eu-west-2,g4dn.metal,Windows,eu-west-2a,5.3314,2026-10-08 12:00:00+00:00,96.0,384.0,NVIDIA T4,8.0,128.0,100 Gigabit,1.0,1800.0,x86_64,2026-10-08,2026-10-08 20:27:06,0.666425
eu-west-2,g4dn.metal,Windows,eu-west-2b,5.3314,2026-10-08 12:00:00+00:00,96.0,384.0,NVIDIA T4,8.0,128.0,100 Gigabit,1.0,1800.0,x86_64,2026-10-08,2026-10-08 20:27:06,0.666425
eu-west-2,g5.16xlarge,Linux,eu-west-2b,5.1994,2026-10-08 12:00:00+00:00,64.0,256.0,NVIDIA A10G,1.0,22.3515625,25 Gigabit,1.0,1900.0,x86_64,2026-10-08,2026-10-08 20:27:06,5.1994
eu-west-2,g5.24xlarge,Windows,eu-west-2a,14.7539,2026-10-08 12:00:00+00:00,96.0,384.0,NVIDIA A10G,4.0,89.40625,50 Gigabit,1.0,3800.0,x86_64,2026-10-08,2026-10-08 20:27:06,3.688475
eu-west-2,g5.8xlarge,Windows,eu-west-2b,2.5227,2026-10-08 12:00:00+00:00,32.0,128.0,NVIDIA A10G,1.0,22.3515625,25 Gigabit,1.0,900.0,x86_64,2026-10-08,2026-10-08 20:27:06,2.5227
eu-west-2,g6.16xlarge,Windows,eu-west-2b,3.4297,2026-10-08 12:00:00+00:00,64.0,256.0,NVIDIA L4,1.0,22.3515625,25 Gigabit,1.0,1880.0,x86_64,2026-10-08,2026-10-08 20:27:06,3.4297
eu-west-2,g6.24xlarge,Windows,eu-west-2c,12.8894,2026-10-08 12:00:00+00:00,96.0,384.0,NVIDIA L4,4.0,89.40625,50 Gigabit,1.0,3760.0,x86_64,2026-10-08,2026-10-08 20:27:06,3.22235
eu-west-2,g6.48xlarge,Windows,eu-west-2c,25.7788,2026-10-08 12:00:00+00:00,192.0,768.0,NVIDIA L4,8.0,178.8125,100 Gigabit,1.0,7520.0,x86_64,2026-10-08,2026-10-08 20:27:06,3.22235
ap-southeast-1,g4dn.xlarge,Linux,ap-southeast-1c,0.3276,2026-10-08 12:00:00+00:00,4.0,16.0,NVIDIA T4,1.0,16.0,Up to 25 Gigabit,1.0,125.0,x86_64,2026-10-08,2026-10-08 20:27:06,0.3276
ap-southeast-1,g4dn.8xlarge,Windows,ap-southeast-1c,1.7765,2026-10-08 12:00:00+00:00,32.0,128.0,NVIDIA T4,1.0,16.0,50 Gigabit,1.0,900.0,x86_64,2026-10-08,2026-10-08 20:27:06,1.7765
ap-southeast-2,g4dn.12xlarge,Windows,ap-southeast-2b,2.7167,2026-10-08 12:00:00+00:00,48.0,192.0,NVIDIA T4,4.0,64.0,50 Gigabit,1.0,900.0,x86_64,2026-10-08,2026-10-08 20:27:06,0.679175
ap-southeast-2,g5.8xlarge,Windows,ap-southeast-2a,2.3023,2026-10-08 12:00:00+00:00,32.0,128.0,NVIDIA A10G,1.0,22.3515625,25 Gigabit,1.0,900.0,x86_64,2026-10-08,2026-10-08 20:27:06,2.3023
ap-southeast-2,inf1.6xlarge,Linux,ap-southeast-2b,0.462,2026-10-08 12:00:00+00:00,24.0,48.0,Inferentia,4.0,32.0,25 Gigabit,1.0,0.0,x86_64,2026-10-08,2026-10-08 20:27:06,0.1155
ap-southeast-2,gr6.4xlarge,Windows,ap-southeast-2a,0.9797,2026-10-08 12:00:00+00:00,16.0,128.0,NVIDIA L4,1.0,22.3515625,Up to 25 Gigabit,1.0,600.0,x86_64,2026-10-08,2026-10-08 20:27:06,0.9797
ap-southeast-2,g6f.xlarge,Linux,ap-southeast-2c,0.11,2026-10-08 12:00:00+00:00,4.0,16.0,NVIDIA L4,0.0,2.7939453125,Up to 10 Gigabit,1.0,100.0,x86_64,2026-10-08,2026-10-08 20:27:06,
ap-southeast-2,g6f.xlarge,Linux,ap-southeast-2a,0.1388,2026-10-08 12:00:00+00:00,4.0,16.0,NVIDIA L4,0.0,2.7939453125,Up to 10 Gigabit,1.0,100.0,x86_64,2026-10-08,2026-10-08 20:27:06,
ap-southeast-2,g6.4xlarge,Windows,ap-southeast-2a,0.9219,2026-10-08 12:00:00+00:00,16.0,64.0,NVIDIA L4,1.0,22.3515625,Up to 25 Gigabit,1.0,600.0,x86_64,2026-10-08,2026-10-08 20:27:06,0.9219
ap-southeast-2,g6.48xlarge,Windows,ap-southeast-2b,26.1902,2026-10-08 12:00:00+00:00,192.0,768.0,NVIDIA L4,8.0,178.8125,100 Gigabit,1.0,7520.0,x86_64,2026-10-08,2026-10-08 20:27:06,3.273775
ap-southeast-2,g6.2xlarge,Windows,ap-southeast-2c,0.5857,2026-10-08 12:00:00+00:00,8.0,32.0,NVIDIA L4,1.0,22.3515625,Up to 10 Gigabit,1.0,450.0,x86_64,2026-10-08,2026-10-08 20:27:06,0.5857
ap-southeast-2,g6.16xlarge,Linux,ap-southeast-2c,1.7077,2026-10-08 12:00:00+00:00,64.0,256.0,NVIDIA L4,1.0,22.3515625,25 Gigabit,1.0,1880.0,x86_64,2026-10-08,2026-10-08 20:27:06,1.7077
ap-southeast-2,g6.12xlarge,Linux,ap-southeast-2c,5.983,2026-10-08 12:00:00+00:00,48.0,192.0,NVIDIA L4,4.0,89.40625,40 Gigabit,1.0,3760.0,x86_64,2026-10-08,2026-10-08 20:27:06,1.49575
ap-southeast-2,g5.8xlarge,Linux,ap-southeast-2c,0.8819,2026-10-08 12:00:00+00:00,32.0,128.0,NVIDIA A10G,1.0,22.3515625,25 Gigabit,1.0,900.0,x86_64,2026-10-08,2026-10-08 20:27:06,0.8819
ap-southeast-2,p4d.24xlarge,Linux,ap-southeast-2a,17.1613,2026-10-08 12:00:00+00:00,96.0,1152.0,NVIDIA A100,8.0,320.0,4x 100 Gigabit,4.0,8000.0,x86_64,2026-10-08,2026-10-08 20:27:06,2.1451625
ap-southeast-2,g5.48xlarge,Windows,ap-southeast-2c,30.0096,2026-10-08 12:00:00+00:00,192.0,768.0,NVIDIA A10G,8.0,178.8125,100 Gigabit,1.0,7600.0,x86_64,2026-10-08,2026-10-08 20:27:06,3.7512
ap-southeast-2,g5.48xlarge,Linux,ap-southeast-2c,21.1776,2026-10-08 12:00:00+00:00,192.0,768.0,NVIDIA A10G,8.0,178.8125,100 Gigabit,1.0,7600.0,x86_64,2026-10-08,2026-10-08 20:27:06,2.6472
ap-southeast-2,g5.2xlarge,Windows,ap-southeast-2a,0.8408,2026-10-08 12:00:00+00:00,8.0,32.0,NVIDIA A10G,1.0,22.3515625,Up to 10 Gigabit,1.0,450.0,x86_64,2026-10-08,2026-10-08 20:27:06,0.8408
ap-southeast-2,g5.2xlarge,Linux,ap-southeast-2c,1.3979,2026-10-08 12:00:00+00:00,8.0,32.0,NVIDIA A10G,1.0,22.3515625,Up to 10 Gigabit,1.0,450.0,x86_64,2026-10-08,2026-10-08 20:27:06,1.3979
ap-southeast-2,g4dn.xlarge,Windows,ap-southeast-2b,0.2836,2026-10-08 12:00:00+00:00,4.0,16.0,NVIDIA T4,1.0,16.0,Up to 25 Gigabit,1.0,125.0,x86_64,2026-10-08,2026-10-08 20:27:06,0.2836
ap-southeast-2,g4dn.4xlarge,Linux,ap-southeast-2b,0.5583,2026-10-08 12:00:00+00:00,16.0,64.0,NVIDIA T4,1.0,16.0,Up to 25 Gigabit,1.0,225.0,x86_64,2026-10-08,2026-10-08 20:27:06,0.5583
ap-southeast-2,g4dn.16xlarge,Windows,ap-southeast-2b,3.5099,2026-10-08 12:00:00+00:00,64.0,256.0,NVIDIA T4,1.0,16.0,50 Gigabit,1.0,900.0,x86_64,2026-10-08,2026-10-08 20:27:06,3.5099
ap-southeast-2,g4dn.16xlarge,Linux,ap-southeast-2c,1.2933,2026-10-08 12:00:00+00:00,64.0,256.0,NVIDIA T4,1.0,16.0,50 Gigabit,1.0,900.0,x86_64,2026-10-08,2026-10-08 20:27:06,1.2933
ap-southeast-2,g4dn.16xlarge,Linux,ap-southeast-2a,1.3791,2026-10-08 12:00:00+00:00,64.0,256.0,NVIDIA T4,1.0,16.0,50 Gigabit,1.0,900.0,x86_64,2026-10-08,2026-10-08 20:27:06,1.3791
ap-southeast-2,inf2.48xlarge,Linux,ap-southeast-2b,5.4252,2026-10-08 12:00:00+00:00,192.0,768.0,Inferentia2,12.0,384.0,100 Gigabit,1.0,0.0,x86_64,2026-10-08,2026-10-08 20:27:06,0.4521
eu-north-1,g4dn.4xlarge,Windows,eu-north-1b,0.8637,2026-10-08 12:00:00+00:00,16.0,64.0,NVIDIA T4,1.0,16.0,Up to 25 Gigabit,1.0,225.0,x86_64,2026-10-08,2026-10-08 20:27:06,0.8637
ap-southeast-1,g4dn.8xlarge,Linux,ap-southeast-1a,0.9918,2026-10-08 12:00:00+00:00,32.0,128.0,NVIDIA T4,1.0,16.0,50 Gigabit,1.0,900.0,x86_64,2026-10-08,2026-10-08 20:27:06,0.9918
eu-west-1,g5.48xlarge,Linux,eu-west-1c,5.3396,2026-10-08 12:00:00+00:00,192.0,768.0,NVIDIA A10G,8.0,178.8125,100 Gigabit,1.0,7600.0,x86_64,2026-10-08,2026-10-08 20:27:06,0.66745
ap-southeast-1,g4dn.2xlarge,Linux,ap-southeast-1a,0.4892,2026-10-08 12:00:00+00:00,8.0,32.0,NVIDIA T4,1.0,16.0,Up to 25 Gigabit,1.0,225.0,x86_64,2026-10-08,2026-10-08 20:27:06,0.4892
ap-southeast-1,g4dn.16xlarge,Windows,ap-southeast-1a,3.5529,2026-10-08 12:00:00+00:00,64.0,256.0,NVIDIA T4,1.0,16.0,50 Gigabit,1.0,900.0,x86_64,2026-10-08,2026-10-08 20:27:06,3.5529
ap-southeast-1,g4dn.16xlarge,Linux,ap-southeast-1a,1.8048,2026-10-08 12:00:00+00:00,64.0,256.0,NVIDIA T4,1.0,16.0,50 Gigabit,1.0,900.0,x86_64,2026-10-08,2026-10-08 20:27:06,1.8048
eu-west-1,g4dn.4xlarge,Windows,eu-west-1b,1.0326,2026-10-08 12:00:00+00:00,16.0,64.0,NVIDIA T4,1.0,16.0,Up to 25 Gigabit,1.0,225.0,x86_64,2026-10-08,2026-10-08 20:27:06,1.0326
eu-west-1,g4dn.8xlarge,Linux,eu-west-1b,1.0109,2026-10-08 12:00:00+00:00,32.0,128.0,NVIDIA T4,1.0,16.0,50 Gigabit,1.0,900.0,x86_64,2026-10-08,2026-10-08 20:27:06,1.0109
eu-west-1,g4dn.8xlarge,Windows,eu-west-1c,1.9677,2026-10-08 12:00:00+00:00,32.0,128.0,NVIDIA T4,1.0,16.0,50 Gigabit,1.0,900.0,x86_64,2026-10-08,2026-10-08 20:27:06,1.9677
eu-west-1,g4dn.metal,Linux,eu-west-1b,4.426,2026-10-08 12:00:00+00:00,96.0,384.0,NVIDIA T4,8.0,128.0,100 Gigabit,1.0,1800.0,x86_64,2026-10-08,2026-10-08 20:27:06,0.55325
eu-west-1,g5.16xlarge,Linux,eu-west-1c,1.7796,2026-10-08 12:00:00+00:00,64.0,256.0,NVIDIA A10G,1.0,22.3515625,25 Gigabit,1.0,1900.0,x86_64,2026-10-08,2026-10-08 20:27:06,1.7796
eu-west-1,g5.24xlarge,Linux,eu-west-1b,4.3609,2026-10-08 12:00:00+00:00,96.0,384.0,NVIDIA A10G,4.0,89.40625,50 Gigabit,1.0,3800.0,x86_64,2026-10-08,2026-10-08 20:27:06,1.090225
eu-west-1,g5.48xlarge,Linux,eu-west-1b,6.7257,2026-10-08 12:00:00+00:00,192.0,768.0,NVIDIA A10G,8.0,178.8125,100 Gigabit,1.0,7600.0,x86_64,2026-10-08,2026-10-08 20:27:06,0.8407125
eu-north-1,g4dn.16xlarge,Linux,eu-north-1a,0.7031,2026-10-08 12:00:00+00:00,64.0,256.0,NVIDIA T4,1.0,16.0,50 Gigabit,1.0,900.0,x86_64,2026-10-08,2026-10-08 20:27:06,0.7031
eu-west-1,g5.48xlarge,Windows,eu-west-1c,14.1588,2026-10-08 12:00:00+00:00,192.0,768.0,NVIDIA A10G,8.0,178.8125,100 Gigabit,1.0,7600.0,x86_64,2026-10-08,2026-10-08 20:27:06,1.76985
eu-west-1,g5.4xlarge,Windows,eu-west-1c,1.1734,2026-10-08 12:00:00+00:00,16.0,64.0,NVIDIA A10G,1.0,22.3515625,Up to 25 Gigabit,1.0,600.0,x86_64,2026-10-08,2026-10-08 20:27:06,1.1734
eu-west-1,g5.xlarge,Linux,eu-west-1c,0.6336,2026-10-08 12:00:00+00:00,4.0,16.0,NVIDIA A10G,1.0,22.3515625,Up to 10 Gigabit,1.0,250.0,x86_64,2026-10-08,2026-10-08 20:27:06,0.6336
eu-west-1,inf1.24xlarge,Linux,eu-west-1b,1.308,2026-10-08 12:00:00+00:00,96.0,192.0,Inferentia,16.0,128.0,100 Gigabit,1.0,0.0,x86_64,2026-10-08,2026-10-08 20:27:06,0.08175
eu-west-1,inf1.2xlarge,Linux,eu-west-1c,0.1305,2026-10-08 12:00:00+00:00,8.0,16.0,Inferentia,1.0,8.0,Up to 25 Gigabit,1.0,0.0,x86_64,2026-10-08,2026-10-08 20:27:06,0.1305
eu-west-1,inf1.6xlarge,Linux,eu-west-1a,0.3507,2026-10-08 12:00:00+00:00,24.0,48.0,Inferentia,4.0,32.0,25 Gigabit,1.0,0.0,x86_64,2026-10-08,2026-10-08 20:27:06,0.087675
eu-west-1,inf1.xlarge,Linux,eu-west-1b,0.0681,2026-10-08 12:00:00+00:00,4.0,8.0,Inferentia,1.0,8.0,Up to 25 Gigabit,1.0,0.0,x86_64,2026-10-08,2026-10-08 20:27:06,0.0681
eu-west-1,inf2.48xlarge,Linux,eu-west-1b,2.8305,2026-10-08 12:00:00+00:00,192.0,768.0,Inferentia2,12.0,384.0,100 Gigabit,1.0,0.0,x86_64,2026-10-08,2026-10-08 20:27:06,0.23587499999999997
eu-west-1,p3dn.24xlarge,Linux,eu-west-1c,8.0738,2026-10-08 12:00:00+00:00,96.0,768.0,NVIDIA V100,8.0,256.0,100 Gigabit,1.0,1800.0,x86_64,2026-10-08,2026-10-08 20:27:06,1.009225
us-east-1,g4dn.12xlarge,Linux,us-east-1b,1.4745,2026-10-08 12:00:00+00:00,48.0,192.0,NVIDIA T4,4.0,64.0,50 Gigabit,1.0,900.0,x86_64,2026-10-08,2026-10-08 20:27:06,0.368625
ap-northeast-3,g4dn.metal,Linux,ap-northeast-3b,4.2027,2026-10-08 12:00:00+00:00,96.0,384.0,NVIDIA T4,8.0,128.0,100 Gigabit,1.0,1800.0,x86_64,2026-10-08,2026-10-08 20:27:06,0.5253375
ca-central-1,gr6f.4xlarge,Windows,ca-central-1b,0.9782,2026-10-08 12:00:00+00:00,16.0,128.0,NVIDIA L4,0.0,11.17578125,Up to 25 Gigabit,1.0,450.0,x86_64,2026-10-08,2026-10-08 20:27:06,
ap-northeast-2,g6e.xlarge,Windows,ap-northeast-2b,1.2137,2026-10-08 12:00:00+00:00,4.0,32.0,NVIDIA L40S,1.0,44.703125,Up to 20 Gigabit,1.0,250.0,x86_64,2026-10-08,2026-10-08 20:27:06,1.2137
ap-northeast-2,g7e.2xlarge,Windows,ap-northeast-2a,4.0893,2026-10-08 12:00:00+00:00,8.0,64.0,NVIDIA RTX PRO Server 6000,1.0,96.0,50 Gigabit,1.0,1900.0,x86_64,2026-10-08,2026-10-08 20:27:06,4.0893
ap-northeast-2,g7e.2xlarge,Linux,ap-northeast-2b,2.4308,2026-10-08 12:00:00+00:00,8.0,64.0,NVIDIA RTX PRO Server 6000,1.0,96.0,50 Gigabit,1.0,1900.0,x86_64,2026-10-08,2026-10-08 20:27:06,2.4308
ap-northeast-2,g7e.12xlarge,Linux,ap-northeast-2a,9.1686,2026-10-08 12:00:00+00:00,48.0,512.0,NVIDIA RTX PRO Server 6000,2.0,192.0,400 Gigabit,1.0,3800.0,x86_64,2026-10-08,2026-10-08 20:27:06,4.5843
ap-northeast-2,g6f.xlarge,Linux,ap-northeast-2d,0.1334,2026-10-08 12:00:00+00:00,4.0,16.0,NVIDIA L4,0.0,2.7939453125,Up to 10 Gigabit,1.0,100.0,x86_64,2026-10-08,2026-10-08 20:27:06,
ap-northeast-2,g6f.xlarge,Linux,ap-northeast-2a,0.1334,2026-10-08 12:00:00+00:00,4.0,16.0,NVIDIA L4,0.0,2.7939453125,Up to 10 Gigabit,1.0,100.0,x86_64,2026-10-08,2026-10-08 20:27:06,
ap-northeast-2,g6f.large,Linux,ap-northeast-2a,0.1119,2026-10-08 12:00:00+00:00,2.0,8.0,NVIDIA L4,0.0,2.7939453125,Up to 10 Gigabit,1.0,100.0,x86_64,2026-10-08,2026-10-08 20:27:06,
ap-northeast-2,g6e.24xlarge,Linux,ap-northeast-2a,8.4855,2026-10-08 12:00:00+00:00,96.0,768.0,NVIDIA L40S,4.0,178.8125,200 Gigabit,2.0,3800.0,x86_64,2026-10-08,2026-10-08 20:27:06,2.121375
ap-northeast-2,g5g.8xlarge,Linux,ap-northeast-2a,0.7594,2026-10-08 12:00:00+00:00,32.0,64.0,NVIDIA T4g,1.0,16.0,12 Gigabit,1.0,0.0,arm64,2026-10-08,2026-10-08 20:27:06,0.7594
ap-northeast-2,g6e.16xlarge,Windows,ap-northeast-2a,7.1364,2026-10-08 12:00:00+00:00,64.0,512.0,NVIDIA L40S,1.0,44.703125,35 Gigabit,1.0,1900.0,x86_64,2026-10-08,2026-10-08 20:27:06,7.1364
ap-northeast-2,g6e.12xlarge,Linux,ap-northeast-2b,6.0809,2026-10-08 12:00:00+00:00,48.0,384.0,NVIDIA L40S,4.0,178.8125,100 Gigabit,1.0,3800.0,x86_64,2026-10-08,2026-10-08 20:27:06,1.520225
ap-northeast-2,g6.8xlarge,Windows,ap-northeast-2c,2.5885,2026-10-08 12:00:00+00:00,32.0,128.0,NVIDIA L4,1.0,22.3515625,25 Gigabit,1.0,900.0,x86_64,2026-10-08,2026-10-08 20:27:06,2.5885
ap-northeast-2,g6.2xlarge,Linux,ap-northeast-2d,0.5525,2026-10-08 12:00:00+00:00,8.0,32.0,NVIDIA L4,1.0,22.3515625,Up to 10 Gigabit,1.0,450.0,x86_64,2026-10-08,2026-10-08 20:27:06,0.5525
ap-northeast-2,g6.24xlarge,Windows,ap-northeast-2a,8.1134,2026-10-08 12:00:00+00:00,96.0,384.0,NVIDIA L4,4.0,89.40625,50 Gigabit,1.0,3760.0,x86_64,2026-10-08,2026-10-08 20:27:06,2.02835
ap-northeast-2,g6.24xlarge,Linux,ap-northeast-2a,4.0189,2026-10-08 12:00:00+00:00,96.0,384.0,NVIDIA L4,4.0,89.40625,50 Gigabit,1.0,3760.0,x86_64,2026-10-08,2026-10-08 20:27:06,1.004725
ap-northeast-2,g7e.48xlarge,Linux,ap-northeast-2a,36.6743,2026-10-08 12:00:00+00:00,192.0,2048.0,NVIDIA RTX PRO Server 6000,8.0,768.0,1600 Gigabit,4.0,15200.0,x86_64,2026-10-08,2026-10-08 20:27:06,4.5842875
ap-northeast-2,inf1.24xlarge,Linux,ap-northeast-2c,0.7477,2026-10-08 12:00:00+00:00,96.0,192.0,Inferentia,16.0,128.0,100 Gigabit,1.0,0.0,x86_64,2026-10-08,2026-10-08 20:27:06,0.04673125
ap-northeast-2,inf1.xlarge,Linux,ap-northeast-2c,0.0281,2026-10-08 12:00:00+00:00,4.0,8.0,Inferentia,1.0,8.0,Up to 25 Gigabit,1.0,0.0,x86_64,2026-10-08,2026-10-08 20:27:06,0.0281
ap-northeast-2,p4d.24xlarge,Linux,ap-northeast-2d,11.9641,2026-10-08 12:00:00+00:00,96.0,1152.0,NVIDIA A100,8.0,320.0,4x 100 Gigabit,4.0,8000.0,x86_64,2026-10-08,2026-10-08 20:27:06,1.4955125
us-west-2,g4dn.2xlarge,Windows,us-west-2a,0.4738,2026-10-08 12:00:00+00:00,8.0,32.0,NVIDIA T4,1.0,16.0,Up to 25 Gigabit,1.0,225.0,x86_64,2026-10-08,2026-10-08 20:27:06,0.4738
us-west-2,g4dn.xlarge,Windows,us-west-2c,0.2572,2026-10-08 12:00:00+00:00,4.0,16.0,NVIDIA T4,1.0,16.0,Up to 25 Gigabit,1.0,125.0,x86_64,2026-10-08,2026-10-08 20:27:06,0.2572
us-west-2,g5.16xlarge,Linux,us-west-2c,1.0956,2026-10-08 12:00:00+00:00,64.0,256.0,NVIDIA A10G,1.0,22.3515625,25 Gigabit,1.0,1900.0,x86_64,2026-10-08,2026-10-08 20:27:06,1.0956
us-west-2,g5.24xlarge,Linux,us-west-2a,2.5786,2026-10-08 12:00:00+00:00,96.0,384.0,NVIDIA A10G,4.0,89.40625,50 Gigabit,1.0,3800.0,x86_64,2026-10-08,2026-10-08 20:27:06,0.64465
us-west-2,g5.24xlarge,Windows,us-west-2a,5.2304,2026-10-08 12:00:00+00:00,96.0,384.0,NVIDIA A10G,4.0,89.40625,50 Gigabit,1.0,3800.0,x86_64,2026-10-08,2026-10-08 20:27:06,1.3076
us-west-2,g5.48xlarge,Linux,us-west-2a,8.4095,2026-10-08 12:00:00+00:00,192.0,768.0,NVIDIA A10G,8.0,178.8125,100 Gigabit,1.0,7600.0,x86_64,2026-10-08,2026-10-08 20:27:06,1.0511875
us-west-1,p5en.48xlarge,Linux,us-west-1c,79.12,2026-10-08 12:00:00+00:00,192.0,2048.0,NVIDIA H200,8.0,1128.0,3200 Gigabit,16.0,30400.0,x86_64,2026-10-08,2026-10-08 20:27:06,9.89
us-west-1,g4dn.metal,Windows,us-west-1c,5.3549,2026-10-08 12:00:00+00:00,96.0,384.0,NVIDIA T4,8.0,128.0,100 Gigabit,1.0,1800.0,x86_64,2026-10-08,2026-10-08 20:27:06,0.6693625
us-west-1,g4dn.2xlarge,Linux,us-west-1c,0.3762,2026-10-08 12:00:00+00:00,8.0,32.0,NVIDIA T4,1.0,16.0,Up to 25 Gigabit,1.0,225.0,x86_64,2026-10-08,2026-10-08 20:27:06,0.3762
us-west-1,g4dn.16xlarge,Windows,us-west-1a,3.4662,2026-10-08 12:00:00+00:00,64.0,256.0,NVIDIA T4,1.0,16.0,50 Gigabit,1.0,900.0,x86_64,2026-10-08,2026-10-08 20:27:06,3.4662
us-west-1,g4dn.16xlarge,Linux,us-west-1c,1.4526,2026-10-08 12:00:00+00:00,64.0,256.0,NVIDIA T4,1.0,16.0,50 Gigabit,1.0,900.0,x86_64,2026-10-08,2026-10-08 20:27:06,1.4526
us-west-1,g4dn.16xlarge,Linux,us-west-1a,1.3743,2026-10-08 12:00:00+00:00,64.0,256.0,NVIDIA T4,1.0,16.0,50 Gigabit,1.0,900.0,x86_64,2026-10-08,2026-10-08 20:27:06,1.3743
us-west-1,g4dn.12xlarge,Linux,us-west-1c,2.3712,2026-10-08 12:00:00+00:00,48.0,192.0,NVIDIA T4,4.0,64.0,50 Gigabit,1.0,900.0,x86_64,2026-10-08,2026-10-08 20:27:06,0.5928
ap-northeast-2,g6.12xlarge,Windows,ap-northeast-2d,4.7563,2026-10-08 12:00:00+00:00,48.0,192.0,NVIDIA L4,4.0,89.40625,40 Gigabit,1.0,3760.0,x86_64,2026-10-08,2026-10-08 20:27:06,1.189075
ap-northeast-2,g5g.16xlarge,Linux,ap-northeast-2a,1.5188,2026-10-08 12:00:00+00:00,64.0,128.0,NVIDIA T4g,2.0,32.0,25 Gigabit,1.0,0.0,arm64,2026-10-08,2026-10-08 20:27:06,0.7594
us-east-2,g6e.16xlarge,Windows,us-east-2c,6.3539,2026-10-08 12:00:00+00:00,64.0,512.0,NVIDIA L40S,1.0,44.703125,35 Gigabit,1.0,1900.0,x86_64,2026-10-08,2026-10-08 20:27:06,6.3539
us-east-2,g6.24xlarge,Linux,us-east-2c,3.2103,2026-10-08 12:00:00+00:00,96.0,384.0,NVIDIA L4,4.0,89.40625,50 Gigabit,1.0,3760.0,x86_64,2026-10-08,2026-10-08 20:27:06,0.802575
us-east-2,g5.2xlarge,Windows,us-east-2a,0.9134,2026-10-08 12:00:00+00:00,8.0,32.0,NVIDIA A10G,1.0,22.3515625,Up to 10 Gigabit,1.0,450.0,x86_64,2026-10-08,2026-10-08 20:27:06,0.9134
us-east-2,g5.4xlarge,Windows,us-east-2b,1.4668,2026-10-08 12:00:00+00:00,16.0,64.0,NVIDIA A10G,1.0,22.3515625,Up to 25 Gigabit,1.0,600.0,x86_64,2026-10-08,2026-10-08 20:27:06,1.4668
us-east-2,g5.4xlarge,Windows,us-east-2c,1.4668,2026-10-08 12:00:00+00:00,16.0,64.0,NVIDIA A10G,1.0,22.3515625,Up to 25 Gigabit,1.0,600.0,x86_64,2026-10-08,2026-10-08 20:27:06,1.4668
us-east-2,g5.8xlarge,Linux,us-east-2c,1.1872,2026-10-08 12:00:00+00:00,32.0,128.0,NVIDIA A10G,1.0,22.3515625,25 Gigabit,1.0,900.0,x86_64,2026-10-08,2026-10-08 20:27:06,1.1872
us-east-2,g5.xlarge,Linux,us-east-2c,0.5164,2026-10-08 12:00:00+00:00,4.0,16.0,NVIDIA A10G,1.0,22.3515625,Up to 10 Gigabit,1.0,250.0,x86_64,2026-10-08,2026-10-08 20:27:06,0.5164
us-east-2,g6.16xlarge,Linux,us-east-2a,1.578,2026-10-08 12:00:00+00:00,64.0,256.0,NVIDIA L4,1.0,22.3515625,25 Gigabit,1.0,1880.0,x86_64,2026-10-08,2026-10-08 20:27:06,1.578
us-east-2,g6.24xlarge,Windows,us-east-2a,7.4203,2026-10-08 12:00:00+00:00,96.0,384.0,NVIDIA L4,4.0,89.40625,50 Gigabit,1.0,3760.0,x86_64,2026-10-08,2026-10-08 20:27:06,1.855075
ap-northeast-2,g5.48xlarge,Windows,ap-northeast-2a,17.8446,2026-10-08 12:00:00+00:00,192.0,768.0,NVIDIA A10G,8.0,178.8125,100 Gigabit,1.0,7600.0,x86_64,2026-10-08,2026-10-08 20:27:06,2.230575
us-east-2,g6.48xlarge,Linux,us-east-2a,7.2605,2026-10-08 12:00:00+00:00,192.0,768.0,NVIDIA L4,8.0,178.8125,100 Gigabit,1.0,7520.0,x86_64,2026-10-08,2026-10-08 20:27:06,0.9075625
us-east-2,g6.48xlarge,Windows,us-east-2c,14.8397,2026-10-08 12:00:00+00:00,192.0,768.0,NVIDIA L4,8.0,178.8125,100 Gigabit,1.0,7520.0,x86_64,2026-10-08,2026-10-08 20:27:06,1.8549625
us-east-2,g6.xlarge,Linux,us-east-2c,0.3953,2026-10-08 12:00:00+00:00,4.0,16.0,NVIDIA L4,1.0,22.3515625,Up to 10 Gigabit,1.0,250.0,x86_64,2026-10-08,2026-10-08 20:27:06,0.3953
us-east-2,g6e.12xlarge,Linux,us-east-2a,5.3138,2026-10-08 12:00:00+00:00,48.0,384.0,NVIDIA L40S,4.0,178.8125,100 Gigabit,1.0,3800.0,x86_64,2026-10-08,2026-10-08 20:27:06,1.32845
us-east-2,g6e.12xlarge,Windows,us-east-2b,6.9299,2026-10-08 12:00:00+00:00,48.0,384.0,NVIDIA L40S,4.0,178.8125,100 Gigabit,1.0,3800.0,x86_64,2026-10-08,2026-10-08 20:27:06,1.732475
us-east-2,g6e.16xlarge,Linux,us-east-2c,3.7667,2026-10-08 12:00:00+00:00,64.0,512.0,NVIDIA L40S,1.0,44.703125,35 Gigabit,1.0,1900.0,x86_64,2026-10-08,2026-10-08 20:27:06,3.7667
us-east-2,g5.2xlarge,Linux,us-east-2b,0.6198,2026-10-08 12:00:00+00:00,8.0,32.0,NVIDIA A10G,1.0,22.3515625,Up to 10 Gigabit,1.0,450.0,x86_64,2026-10-08,2026-10-08 20:27:06,0.6198
us-east-2,g5.16xlarge,Windows,us-east-2b,4.7872,2026-10-08 12:00:00+00:00,64.0,256.0,NVIDIA A10G,1.0,22.3515625,25 Gigabit,1.0,1900.0,x86_64,2026-10-08,2026-10-08 20:27:06,4.7872
us-east-2,g5.12xlarge,Windows,us-east-2c,4.7604,2026-10-08 12:00:00+00:00,48.0,192.0,NVIDIA A10G,4.0,89.40625,40 Gigabit,1.0,3800.0,x86_64,2026-10-08,2026-10-08 20:27:06,1.1901
us-east-2,g4dn.metal,Windows,us-east-2b,7.9368,2026-10-08 12:00:00+00:00,96.0,384.0,NVIDIA T4,8.0,128.0,100 Gigabit,1.0,1800.0,x86_64,2026-10-08,2026-10-08 20:27:06,0.9921
us-east-2,g4dn.metal,Windows,us-east-2a,7.9368,2026-10-08 12:00:00+00:00,96.0,384.0,NVIDIA T4,8.0,128.0,100 Gigabit,1.0,1800.0,x86_64,2026-10-08,2026-10-08 20:27:06,0.9921
us-east-2,g4dn.8xlarge,Windows,us-east-2a,2.4512,2026-10-08 12:00:00+00:00,32.0,128.0,NVIDIA T4,1.0,16.0,50 Gigabit,1.0,900.0,x86_64,2026-10-08,2026-10-08 20:27:06,2.4512
us-east-2,g4dn.4xlarge,Windows,us-east-2c,1.2794,2026-10-08 12:00:00+00:00,16.0,64.0,NVIDIA T4,1.0,16.0,Up to 25 Gigabit,1.0,225.0,x86_64,2026-10-08,2026-10-08 20:27:06,1.2794
us-east-2,g4dn.4xlarge,Linux,us-east-2b,0.6219,2026-10-08 12:00:00+00:00,16.0,64.0,NVIDIA T4,1.0,16.0,Up to 25 Gigabit,1.0,225.0,x86_64,2026-10-08,2026-10-08 20:27:06,0.6219
us-east-2,g4dn.2xlarge,Windows,us-east-2c,0.7103,2026-10-08 12:00:00+00:00,8.0,32.0,NVIDIA T4,1.0,16.0,Up to 25 Gigabit,1.0,225.0,x86_64,2026-10-08,2026-10-08 20:27:06,0.7103
us-east-2,g4dn.12xlarge,Windows,us-east-2b,3.9684,2026-10-08 12:00:00+00:00,48.0,192.0,NVIDIA T4,4.0,64.0,50 Gigabit,1.0,900.0,x86_64,2026-10-08,2026-10-08 20:27:06,0.9921
us-east-2,g4dn.12xlarge,Linux,us-east-2b,1.9213,2026-10-08 12:00:00+00:00,48.0,192.0,NVIDIA T4,4.0,64.0,50 Gigabit,1.0,900.0,x86_64,2026-10-08,2026-10-08 20:27:06,0.480325
ap-northeast-2,g4dn.12xlarge,Linux,ap-northeast-2a,2.5331,2026-10-08 12:00:00+00:00,48.0,192.0,NVIDIA T4,4.0,64.0,50 Gigabit,1.0,900.0,x86_64,2026-10-08,2026-10-08 20:27:06,0.633275
ap-northeast-2,g4dn.16xlarge,Linux,ap-northeast-2c,2.4095,2026-10-08 12:00:00+00:00,64.0,256.0,NVIDIA T4,1.0,16.0,50 Gigabit,1.0,900.0,x86_64,2026-10-08,2026-10-08 20:27:06,2.4095
ap-northeast-2,g4dn.xlarge,Linux,ap-northeast-2b,0.3297,2026-10-08 12:00:00+00:00,4.0,16.0,NVIDIA T4,1.0,16.0,Up to 25 Gigabit,1.0,125.0,x86_64,2026-10-08,2026-10-08 20:27:06,0.3297
ap-northeast-2,g4dn.xlarge,Linux,ap-northeast-2c,0.3229,2026-10-08 12:00:00+00:00,4.0,16.0,NVIDIA T4,1.0,16.0,Up to 25 Gigabit,1.0,125.0,x86_64,2026-10-08,2026-10-08 20:27:06,0.3229
ap-northeast-2,g4dn.xlarge,Windows,ap-northeast-2a,0.4752,2026-10-08 12:00:00+00:00,4.0,16.0,NVIDIA T4,1.0,16.0,Up to 25 Gigabit,1.0,125.0,x86_64,2026-10-08,2026-10-08 20:27:06,0.4752
ap-northeast-2,g5.2xlarge,Linux,ap-northeast-2c,0.6791,2026-10-08 12:00:00+00:00,8.0,32.0,NVIDIA A10G,1.0,22.3515625,Up to 10 Gigabit,1.0,450.0,x86_64,2026-10-08,2026-10-08 20:27:06,0.6791
us-west-2,g5.8xlarge,Windows,us-west-2b,1.8123,2026-10-08 12:00:00+00:00,32.0,128.0,NVIDIA A10G,1.0,22.3515625,25 Gigabit,1.0,900.0,x86_64,2026-10-08,2026-10-08 20:27:06,1.8123
us-west-2,g5.xlarge,Linux,us-west-2a,0.5307,2026-10-08 12:00:00+00:00,4.0,16.0,NVIDIA A10G,1.0,22.3515625,Up to 10 Gigabit,1.0,250.0,x86_64,2026-10-08,2026-10-08 20:27:06,0.5307
us-west-2,g5.xlarge,Windows,us-west-2b,0.3258,2026-10-08 12:00:00+00:00,4.0,16.0,NVIDIA A10G,1.0,22.3515625,Up to 10 Gigabit,1.0,250.0,x86_64,2026-10-08,2026-10-08 20:27:06,0.3258
us-west-2,inf2.8xlarge,Linux,us-west-2a,0.6289,2026-10-08 12:00:00+00:00,32.0,128.0,Inferentia2,1.0,32.0,Up to 25 Gigabit,1.0,0.0,x86_64,2026-10-08,2026-10-08 20:27:06,0.6289
us-west-2,inf1.24xlarge,Linux,us-west-2c,1.1698,2026-10-08 12:00:00+00:00,96.0,192.0,Inferentia,16.0,128.0,100 Gigabit,1.0,0.0,x86_64,2026-10-08,2026-10-08 20:27:06,0.0731125
us-west-2,inf1.6xlarge,Linux,us-west-2a,0.3769,2026-10-08 12:00:00+00:00,24.0,48.0,Inferentia,4.0,32.0,25 Gigabit,1.0,0.0,x86_64,2026-10-08,2026-10-08 20:27:06,0.094225
us-west-2,inf1.xlarge,Linux,us-west-2b,0.0598,2026-10-08 12:00:00+00:00,4.0,8.0,Inferentia,1.0,8.0,Up to 25 Gigabit,1.0,0.0,x86_64,2026-10-08,2026-10-08 20:27:06,0.0598
us-west-2,inf2.24xlarge,Linux,us-west-2a,1.7924,2026-10-08 12:00:00+00:00,96.0,384.0,Inferentia2,6.0,192.0,50 Gigabit,1.0,0.0,x86_64,2026-10-08,2026-10-08 20:27:06,0.29873333333333335
us-west-2,inf2.24xlarge,Linux,us-west-2c,1.49,2026-10-08 12:00:00+00:00,96.0,384.0,Inferentia2,6.0,192.0,50 Gigabit,1.0,0.0,x86_64,2026-10-08,2026-10-08 20:27:06,0.24833333333333332
us-west-2,inf2.24xlarge,Linux,us-west-2d,1.4718,2026-10-08 12:00:00+00:00,96.0,384.0,Inferentia2,6.0,192.0,50 Gigabit,1.0,0.0,x86_64,2026-10-08,2026-10-08 20:27:06,0.2453
us-west-2,p3dn.24xlarge,Windows,us-west-2b,7.5372,2026-10-08 12:00:00+00:00,96.0,768.0,NVIDIA V100,8.0,256.0,100 Gigabit,1.0,1800.0,x86_64,2026-10-08,2026-10-08 20:27:06,0.94215
us-west-2,trn1.32xlarge,Linux,us-west-2d,3.1019,2026-10-08 12:00:00+00:00,128.0,512.0,Trainium,16.0,512.0,8x 100 Gigabit,8.0,7600.0,x86_64,2026-10-08,2026-10-08 20:27:06,0.19386875
us-west-2,p4de.24xlarge,Linux,us-west-2a,16.1139,2026-10-08 12:00:00+00:00,96.0,1152.0,NVIDIA A100,8.0,640.0,4x 100 Gigabit,4.0,8000.0,x86_64,2026-10-08,2026-10-08 20:27:06,2.0142375
us-west-2,g6f.xlarge,Windows,us-west-2d,0.2361,2026-10-08 12:00:00+00:00,4.0,16.0,NVIDIA L4,0.0,2.7939453125,Up to 10 Gigabit,1.0,100.0,x86_64,2026-10-08,2026-10-08 20:27:06,
us-west-2,g6f.xlarge,Windows,us-west-2b,0.217,2026-10-08 12:00:00+00:00,4.0,16.0,NVIDIA L4,0.0,2.7939453125,Up to 10 Gigabit,1.0,100.0,x86_64,2026-10-08,2026-10-08 20:27:06,
us-west-2,g6f.xlarge,Linux,us-west-2c,0.077,2026-10-08 12:00:00+00:00,4.0,16.0,NVIDIA L4,0.0,2.7939453125,Up to 10 Gigabit,1.0,100.0,x86_64,2026-10-08,2026-10-08 20:27:06,
us-west-2,g6f.xlarge,Linux,us-west-2a,0.0792,2026-10-08 12:00:00+00:00,4.0,16.0,NVIDIA L4,0.0,2.7939453125,Up to 10 Gigabit,1.0,100.0,x86_64,2026-10-08,2026-10-08 20:27:06,
us-west-2,g6f.large,Windows,us-west-2a,0.142,2026-10-08 12:00:00+00:00,2.0,8.0,NVIDIA L4,0.0,2.7939453125,Up to 10 Gigabit,1.0,100.0,x86_64,2026-10-08,2026-10-08 20:27:06,
us-west-2,gr6f.4xlarge,Linux,us-west-2d,0.3478,2026-10-08 12:00:00+00:00,16.0,128.0,NVIDIA L4,0.0,11.17578125,Up to 25 Gigabit,1.0,450.0,x86_64,2026-10-08,2026-10-08 20:27:06,
us-west-2,gr6.8xlarge,Windows,us-west-2b,1.8779,2026-10-08 12:00:00+00:00,32.0,256.0,NVIDIA L4,1.0,22.3515625,25 Gigabit,1.0,900.0,x86_64,2026-10-08,2026-10-08 20:27:06,1.8779
us-west-2,gr6.4xlarge,Windows,us-west-2d,0.9589,2026-10-08 12:00:00+00:00,16.0,128.0,NVIDIA L4,1.0,22.3515625,Up to 25 Gigabit,1.0,600.0,x86_64,2026-10-08,2026-10-08 20:27:06,0.9589
us-west-2,gr6.4xlarge,Linux,us-west-2b,0.6628,2026-10-08 12:00:00+00:00,16.0,128.0,NVIDIA L4,1.0,22.3515625,Up to 25 Gigabit,1.0,600.0,x86_64,2026-10-08,2026-10-08 20:27:06,0.6628
us-west-2,g7e.48xlarge,Windows,us-west-2d,41.9763,2026-10-08 12:00:00+00:00,192.0,2048.0,NVIDIA RTX PRO Server 6000,8.0,768.0,1600 Gigabit,4.0,15200.0,x86_64,2026-10-08,2026-10-08 20:27:06,5.2470375
us-west-2,g7e.48xlarge,Windows,us-west-2c,12.3509,2026-10-08 12:00:00+00:00,192.0,2048.0,NVIDIA RTX PRO Server 6000,8.0,768.0,1600 Gigabit,4.0,15200.0,x86_64,2026-10-08,2026-10-08 20:27:06,1.5438625
us-west-2,g7e.24xlarge,Linux,us-west-2c,7.7857,2026-10-08 12:00:00+00:00,96.0,1024.0,NVIDIA RTX PRO Server 6000,4.0,384.0,800 Gigabit,2.0,7600.0,x86_64,2026-10-08,2026-10-08 20:27:06,1.946425
us-west-2,g7.8xlarge,Windows,us-west-2d,2.0386,2026-10-08 12:00:00+00:00,32.0,128.0,NVIDIA RTX PRO 4500,1.0,32.0,100 Gigabit,1.0,930.0,x86_64,2026-10-08,2026-10-08 20:27:06,2.0386
us-west-2,g7.8xlarge,Windows,us-west-2b,2.0383,2026-10-08 12:00:00+00:00,32.0,128.0,NVIDIA RTX PRO 4500,1.0,32.0,100 Gigabit,1.0,930.0,x86_64,2026-10-08,2026-10-08 20:27:06,2.0383
us-west-2,g7.8xlarge,Linux,us-west-2c,1.009,2026-10-08 12:00:00+00:00,32.0,128.0,NVIDIA RTX PRO 4500,1.0,32.0,100 Gigabit,1.0,930.0,x86_64,2026-10-08,2026-10-08 20:27:06,1.009
us-west-2,g7.8xlarge,Linux,us-west-2b,0.8104,2026-10-08 12:00:00+00:00,32.0,128.0,NVIDIA RTX PRO 4500,1.0,32.0,100 Gigabit,1.0,930.0,x86_64,2026-10-08,2026-10-08 20:27:06,0.8104
us-west-2,g7.4xlarge,Windows,us-west-2b,1.1605,2026-10-08 12:00:00+00:00,16.0,64.0,NVIDIA RTX PRO 4500,1.0,32.0,Up to 100 Gigabit,1.0,875.0,x86_64,2026-10-08,2026-10-08 20:27:06,1.1605
us-west-2,g7.4xlarge,Linux,us-west-2c,0.9832,2026-10-08 12:00:00+00:00,16.0,64.0,NVIDIA RTX PRO 4500,1.0,32.0,Up to 100 Gigabit,1.0,875.0,x86_64,2026-10-08,2026-10-08 20:27:06,0.9832
us-west-2,g7.48xlarge,Linux,us-west-2c,8.5898,2026-10-08 12:00:00+00:00,192.0,768.0,NVIDIA RTX PRO 4500,8.0,256.0,700 Gigabit,2.0,7600.0,x86_64,2026-10-08,2026-10-08 20:27:06,1.073725
us-west-2,g7.24xlarge,Windows,us-west-2d,5.8417,2026-10-08 12:00:00+00:00,96.0,384.0,NVIDIA RTX PRO 4500,4.0,128.0,350 Gigabit,1.0,3800.0,x86_64,2026-10-08,2026-10-08 20:27:06,1.460425
us-west-2,g7.24xlarge,Windows,us-west-2a,6.3944,2026-10-08 12:00:00+00:00,96.0,384.0,NVIDIA RTX PRO 4500,4.0,128.0,350 Gigabit,1.0,3800.0,x86_64,2026-10-08,2026-10-08 20:27:06,1.5986
us-west-2,g7.12xlarge,Linux,us-west-2d,1.9421,2026-10-08 12:00:00+00:00,48.0,192.0,NVIDIA RTX PRO 4500,2.0,64.0,175 Gigabit,1.0,1900.0,x86_64,2026-10-08,2026-10-08 20:27:06,0.97105
us-west-2,g6f.large,Linux,us-west-2b,0.0563,2026-10-08 12:00:00+00:00,2.0,8.0,NVIDIA L4,0.0,2.7939453125,Up to 10 Gigabit,1.0,100.0,x86_64,2026-10-08,2026-10-08 20:27:06,
us-west-2,g6f.4xlarge,Linux,us-west-2d,0.275,2026-10-08 12:00:00+00:00,16.0,64.0,NVIDIA L4,0.0,11.17578125,Up to 25 Gigabit,1.0,450.0,x86_64,2026-10-08,2026-10-08 20:27:06,
us-west-2,g6f.2xlarge,Windows,us-west-2d,0.485,2026-10-08 12:00:00+00:00,8.0,32.0,NVIDIA L4,0.0,5.587890625,Up to 10 Gigabit,1.0,200.0,x86_64,2026-10-08,2026-10-08 20:27:06,
us-west-2,g6.2xlarge,Windows,us-west-2b,0.5371,2026-10-08 12:00:00+00:00,8.0,32.0,NVIDIA L4,1.0,22.3515625,Up to 10 Gigabit,1.0,450.0,x86_64,2026-10-08,2026-10-08 20:27:06,0.5371
us-west-2,p6-b300.48xlarge,Linux,us-west-2a,74.5001,2026-10-08 12:00:00+00:00,192.0,4096.0,NVIDIA B300,8.0,2148.75,6400 Gigabit,17.0,30400.0,x86_64,2026-10-08,2026-10-08 20:27:06,9.3125125
us-west-2,p6-b300.48xlarge,Linux,us-west-2b,79.8478,2026-10-08 12:00:00+00:00,192.0,4096.0,NVIDIA B300,8.0,2148.75,6400 Gigabit,17.0,30400.0,x86_64,2026-10-08,2026-10-08 20:27:06,9.980975
us-west-2,p5en.48xlarge,Linux,us-west-2d,37.3142,2026-10-08 12:00:00+00:00,192.0,2048.0,NVIDIA H200,8.0,1128.0,3200 Gigabit,16.0,30400.0,x86_64,2026-10-08,2026-10-08 20:27:06,4.664275
us-west-2,p5.4xlarge,Windows,us-west-2b,4.2905,2026-10-08 12:00:00+00:00,16.0,256.0,NVIDIA H100,1.0,80.0,100 Gigabit,1.0,3800.0,x86_64,2026-10-08,2026-10-08 20:27:06,4.2905
us-west-2,p5.4xlarge,Linux,us-west-2c,3.6111,2026-10-08 12:00:00+00:00,16.0,256.0,NVIDIA H100,1.0,80.0,100 Gigabit,1.0,3800.0,x86_64,2026-10-08,2026-10-08 20:27:06,3.6111
us-west-2,p5.4xlarge,Linux,us-west-2a,4.0139,2026-10-08 12:00:00+00:00,16.0,256.0,NVIDIA H100,1.0,80.0,100 Gigabit,1.0,3800.0,x86_64,2026-10-08,2026-10-08 20:27:06,4.0139
us-west-2,g5g.16xlarge,Linux,us-west-2c,0.8298,2026-10-08 12:00:00+00:00,64.0,128.0,NVIDIA T4g,2.0,32.0,25 Gigabit,1.0,0.0,arm64,2026-10-08,2026-10-08 20:27:06,0.4149
us-west-2,g5g.4xlarge,Linux,us-west-2b,0.294,2026-10-08 12:00:00+00:00,16.0,32.0,NVIDIA T4g,1.0,16.0,Up to 10 Gigabit,1.0,0.0,arm64,2026-10-08,2026-10-08 20:27:06,0.294
us-west-2,g5g.4xlarge,Linux,us-west-2c,0.2951,2026-10-08 12:00:00+00:00,16.0,32.0,NVIDIA T4g,1.0,16.0,Up to 10 Gigabit,1.0,0.0,arm64,2026-10-08,2026-10-08 20:27:06,0.2951
us-west-2,g5g.8xlarge,Linux,us-west-2a,0.5267,2026-10-08 12:00:00+00:00,32.0,64.0,NVIDIA T4g,1.0,16.0,12 Gigabit,1.0,0.0,arm64,2026-10-08,2026-10-08 20:27:06,0.5267
us-west-2,g5g.metal,Linux,us-west-2c,0.8059,2026-10-08 12:00:00+00:00,64.0,128.0,NVIDIA T4g,2.0,32.0,25 Gigabit,1.0,0.0,arm64,2026-10-08,2026-10-08 20:27:06,0.40295
us-west-2,g5g.xlarge,Linux,us-west-2b,0.1437,2026-10-08 12:00:00+00:00,4.0,8.0,NVIDIA T4g,1.0,16.0,Up to 10 Gigabit,1.0,0.0,arm64,2026-10-08,2026-10-08 20:27:06,0.1437
us-west-2,g6.24xlarge,Linux,us-west-2b,2.8707,2026-10-08 12:00:00+00:00,96.0,384.0,NVIDIA L4,4.0,89.40625,50 Gigabit,1.0,3760.0,x86_64,2026-10-08,2026-10-08 20:27:06,0.717675
us-west-2,g6.2xlarge,Linux,us-west-2c,0.8174,2026-10-08 12:00:00+00:00,8.0,32.0,NVIDIA L4,1.0,22.3515625,Up to 10 Gigabit,1.0,450.0,x86_64,2026-10-08,2026-10-08 20:27:06,0.8174
us-west-2,p5.48xlarge,Linux,us-west-2a,25.564,2026-10-08 12:00:00+00:00,192.0,2048.0,NVIDIA H100,8.0,640.0,3200 Gigabit,32.0,30400.0,x86_64,2026-10-08,2026-10-08 20:27:06,3.1955
us-west-2,g6e.xlarge,Linux,us-west-2c,1.861,2026-10-08 12:00:00+00:00,4.0,32.0,NVIDIA L40S,1.0,44.703125,Up to 20 Gigabit,1.0,250.0,x86_64,2026-10-08,2026-10-08 20:27:06,1.861
us-west-2,g6.2xlarge,Windows,us-west-2c,0.5152,2026-10-08 12:00:00+00:00,8.0,32.0,NVIDIA L4,1.0,22.3515625,Up to 10 Gigabit,1.0,450.0,x86_64,2026-10-08,2026-10-08 20:27:06,0.5152
us-west-2,g6.4xlarge,Linux,us-west-2d,1.2098,2026-10-08 12:00:00+00:00,16.0,64.0,NVIDIA L4,1.0,22.3515625,Up to 25 Gigabit,1.0,600.0,x86_64,2026-10-08,2026-10-08 20:27:06,1.2098
us-west-2,g6.4xlarge,Windows,us-west-2b,1.0173,2026-10-08 12:00:00+00:00,16.0,64.0,NVIDIA L4,1.0,22.3515625,Up to 25 Gigabit,1.0,600.0,x86_64,2026-10-08,2026-10-08 20:27:06,1.0173
us-west-2,g6.4xlarge,Windows,us-west-2c,0.9479,2026-10-08 12:00:00+00:00,16.0,64.0,NVIDIA L4,1.0,22.3515625,Up to 25 Gigabit,1.0,600.0,x86_64,2026-10-08,2026-10-08 20:27:06,0.9479
us-west-2,g6.4xlarge,Windows,us-west-2d,1.0237,2026-10-08 12:00:00+00:00,16.0,64.0,NVIDIA L4,1.0,22.3515625,Up to 25 Gigabit,1.0,600.0,x86_64,2026-10-08,2026-10-08 20:27:06,1.0237
us-west-2,g6.8xlarge,Linux,us-west-2b,0.8455,2026-10-08 12:00:00+00:00,32.0,128.0,NVIDIA L4,1.0,22.3515625,25 Gigabit,1.0,900.0,x86_64,2026-10-08,2026-10-08 20:27:06,0.8455
us-west-2,g6.8xlarge,Linux,us-west-2d,0.8884,2026-10-08 12:00:00+00:00,32.0,128.0,NVIDIA L4,1.0,22.3515625,25 Gigabit,1.0,900.0,x86_64,2026-10-08,2026-10-08 20:27:06,0.8884
us-west-2,g6.8xlarge,Windows,us-west-2b,1.6734,2026-10-08 12:00:00+00:00,32.0,128.0,NVIDIA L4,1.0,22.3515625,25 Gigabit,1.0,900.0,x86_64,2026-10-08,2026-10-08 20:27:06,1.6734
us-west-2,g6.xlarge,Windows,us-west-2d,0.3029,2026-10-08 12:00:00+00:00,4.0,16.0,NVIDIA L4,1.0,22.3515625,Up to 10 Gigabit,1.0,250.0,x86_64,2026-10-08,2026-10-08 20:27:06,0.3029
us-west-2,g6e.12xlarge,Linux,us-west-2b,9.6975,2026-10-08 12:00:00+00:00,48.0,384.0,NVIDIA L40S,4.0,178.8125,100 Gigabit,1.0,3800.0,x86_64,2026-10-08,2026-10-08 20:27:06,2.424375
us-west-2,g6e.12xlarge,Linux,us-west-2a,10.4926,2026-10-08 12:00:00+00:00,48.0,384.0,NVIDIA L40S,4.0,178.8125,100 Gigabit,1.0,3800.0,x86_64,2026-10-08,2026-10-08 20:27:06,2.62315
us-west-2,g6e.16xlarge,Linux,us-west-2d,3.4846,2026-10-08 12:00:00+00:00,64.0,512.0,NVIDIA L40S,1.0,44.703125,35 Gigabit,1.0,1900.0,x86_64,2026-10-08,2026-10-08 20:27:06,3.4846
us-west-2,g6e.48xlarge,Linux,us-west-2a,14.7344,2026-10-08 12:00:00+00:00,192.0,1536.0,NVIDIA L40S,8.0,357.625,400 Gigabit,4.0,7600.0,x86_64,2026-10-08,2026-10-08 20:27:06,1.8418
us-west-2,g6e.8xlarge,Windows,us-west-2c,2.44,2026-10-08 12:00:00+00:00,32.0,256.0,NVIDIA L40S,1.0,44.703125,25 Gigabit,1.0,900.0,x86_64,2026-10-08,2026-10-08 20:27:06,2.44
us-east-2,g6e.16xlarge,Windows,us-east-2a,6.3578,2026-10-08 12:00:00+00:00,64.0,512.0,NVIDIA L40S,1.0,44.703125,35 Gigabit,1.0,1900.0,x86_64,2026-10-08,2026-10-08 20:27:06,6.3578
ap-northeast-2,g6f.large,Linux,ap-northeast-2c,0.1119,2026-10-08 12:00:00+00:00,2.0,8.0,NVIDIA L4,0.0,2.7939453125,Up to 10 Gigabit,1.0,100.0,x86_64,2026-10-08,2026-10-08 20:27:06,
us-east-2,g6e.24xlarge,Windows,us-east-2b,12.2572,2026-10-08 12:00:00+00:00,96.0,768.0,NVIDIA L40S,4.0,178.8125,200 Gigabit,2.0,3800.0,x86_64,2026-10-08,2026-10-08 20:27:06,3.0643
ap-northeast-1,g7e.12xlarge,Windows,ap-northeast-1c,9.4717,2026-10-08 12:00:00+00:00,48.0,512.0,NVIDIA RTX PRO Server 6000,2.0,192.0,400 Gigabit,1.0,3800.0,x86_64,2026-10-08,2026-10-08 20:27:06,4.73585
ap-northeast-1,g6e.12xlarge,Windows,ap-northeast-1c,9.0561,2026-10-08 12:00:00+00:00,48.0,384.0,NVIDIA L40S,4.0,178.8125,100 Gigabit,1.0,3800.0,x86_64,2026-10-08,2026-10-08 20:27:06,2.264025
ap-northeast-1,g6e.2xlarge,Linux,ap-northeast-1a,1.5578,2026-10-08 12:00:00+00:00,8.0,64.0,NVIDIA L40S,1.0,44.703125,Up to 20 Gigabit,1.0,450.0,x86_64,2026-10-08,2026-10-08 20:27:06,1.5578
ap-northeast-1,g6e.2xlarge,Windows,ap-northeast-1a,1.8334,2026-10-08 12:00:00+00:00,8.0,64.0,NVIDIA L40S,1.0,44.703125,Up to 20 Gigabit,1.0,450.0,x86_64,2026-10-08,2026-10-08 20:27:06,1.8334
ap-northeast-1,g6f.large,Linux,ap-northeast-1c,0.1323,2026-10-08 12:00:00+00:00,2.0,8.0,NVIDIA L4,0.0,2.7939453125,Up to 10 Gigabit,1.0,100.0,x86_64,2026-10-08,2026-10-08 20:27:06,
ap-northeast-1,g6f.large,Windows,ap-northeast-1c,0.2238,2026-10-08 12:00:00+00:00,2.0,8.0,NVIDIA L4,0.0,2.7939453125,Up to 10 Gigabit,1.0,100.0,x86_64,2026-10-08,2026-10-08 20:27:06,
ap-northeast-1,g6f.xlarge,Windows,ap-northeast-1c,0.339,2026-10-08 12:00:00+00:00,4.0,16.0,NVIDIA L4,0.0,2.7939453125,Up to 10 Gigabit,1.0,100.0,x86_64,2026-10-08,2026-10-08 20:27:06,
ap-northeast-1,g7e.12xlarge,Windows,ap-northeast-1a,8.8495,2026-10-08 12:00:00+00:00,48.0,512.0,NVIDIA RTX PRO Server 6000,2.0,192.0,400 Gigabit,1.0,3800.0,x86_64,2026-10-08,2026-10-08 20:27:06,4.42475
us-east-2,trn2.48xlarge,Linux,us-east-2c,14.8354,2026-10-08 12:00:00+00:00,,,,,,,,,,2026-10-08,2026-10-08 20:27:06,
ap-northeast-1,g7e.48xlarge,Linux,ap-northeast-1a,43.2622,2026-10-08 12:00:00+00:00,192.0,2048.0,NVIDIA RTX PRO Server 6000,8.0,768.0,1600 Gigabit,4.0,15200.0,x86_64,2026-10-08,2026-10-08 20:27:06,5.407775
ap-northeast-1,g7e.8xlarge,Linux,ap-northeast-1a,4.4069,2026-10-08 12:00:00+00:00,32.0,256.0,NVIDIA RTX PRO Server 6000,1.0,96.0,100 Gigabit,1.0,1900.0,x86_64,2026-10-08,2026-10-08 20:27:06,4.4069
ap-northeast-1,gr6f.4xlarge,Linux,ap-northeast-1c,0.3712,2026-10-08 12:00:00+00:00,16.0,128.0,NVIDIA L4,0.0,11.17578125,Up to 25 Gigabit,1.0,450.0,x86_64,2026-10-08,2026-10-08 20:27:06,
ap-northeast-1,inf1.6xlarge,Linux,ap-northeast-1c,0.3063,2026-10-08 12:00:00+00:00,24.0,48.0,Inferentia,4.0,32.0,25 Gigabit,1.0,0.0,x86_64,2026-10-08,2026-10-08 20:27:06,0.076575
ap-northeast-1,inf2.8xlarge,Linux,ap-northeast-1a,2.9518,2026-10-08 12:00:00+00:00,32.0,128.0,Inferentia2,1.0,32.0,Up to 25 Gigabit,1.0,0.0,x86_64,2026-10-08,2026-10-08 20:27:06,2.9518
ap-northeast-1,inf2.xlarge,Linux,ap-northeast-1c,1.1373,2026-10-08 12:00:00+00:00,4.0,16.0,Inferentia2,1.0,32.0,Up to 15 Gigabit,1.0,0.0,x86_64,2026-10-08,2026-10-08 20:27:06,1.1373
ap-northeast-1,g6.xlarge,Windows,ap-northeast-1a,0.7094,2026-10-08 12:00:00+00:00,4.0,16.0,NVIDIA L4,1.0,22.3515625,Up to 10 Gigabit,1.0,250.0,x86_64,2026-10-08,2026-10-08 20:27:06,0.7094
ap-northeast-1,g6.4xlarge,Linux,ap-northeast-1c,0.9182,2026-10-08 12:00:00+00:00,16.0,64.0,NVIDIA L4,1.0,22.3515625,Up to 25 Gigabit,1.0,600.0,x86_64,2026-10-08,2026-10-08 20:27:06,0.9182
ap-northeast-1,g6.2xlarge,Linux,ap-northeast-1a,0.6799,2026-10-08 12:00:00+00:00,8.0,32.0,NVIDIA L4,1.0,22.3515625,Up to 10 Gigabit,1.0,450.0,x86_64,2026-10-08,2026-10-08 20:27:06,0.6799
ap-northeast-1,g6.12xlarge,Linux,ap-northeast-1c,3.0573,2026-10-08 12:00:00+00:00,48.0,192.0,NVIDIA L4,4.0,89.40625,40 Gigabit,1.0,3760.0,x86_64,2026-10-08,2026-10-08 20:27:06,0.764325
ap-northeast-1,g5.xlarge,Windows,ap-northeast-1a,0.8406,2026-10-08 12:00:00+00:00,4.0,16.0,NVIDIA A10G,1.0,22.3515625,Up to 10 Gigabit,1.0,250.0,x86_64,2026-10-08,2026-10-08 20:27:06,0.8406
us-east-2,g6e.2xlarge,Windows,us-east-2c,1.3772,2026-10-08 12:00:00+00:00,8.0,64.0,NVIDIA L40S,1.0,44.703125,Up to 20 Gigabit,1.0,450.0,x86_64,2026-10-08,2026-10-08 20:27:06,1.3772
ap-northeast-1,g5.xlarge,Linux,ap-northeast-1c,0.7561,2026-10-08 12:00:00+00:00,4.0,16.0,NVIDIA A10G,1.0,22.3515625,Up to 10 Gigabit,1.0,250.0,x86_64,2026-10-08,2026-10-08 20:27:06,0.7561
ap-northeast-1,g5.8xlarge,Linux,ap-northeast-1c,1.6154,2026-10-08 12:00:00+00:00,32.0,128.0,NVIDIA A10G,1.0,22.3515625,25 Gigabit,1.0,900.0,x86_64,2026-10-08,2026-10-08 20:27:06,1.6154
ap-northeast-1,g5.2xlarge,Linux,ap-northeast-1c,0.849,2026-10-08 12:00:00+00:00,8.0,32.0,NVIDIA A10G,1.0,22.3515625,Up to 10 Gigabit,1.0,450.0,x86_64,2026-10-08,2026-10-08 20:27:06,0.849
ap-northeast-1,g5.24xlarge,Windows,ap-northeast-1a,15.0461,2026-10-08 12:00:00+00:00,96.0,384.0,NVIDIA A10G,4.0,89.40625,50 Gigabit,1.0,3800.0,x86_64,2026-10-08,2026-10-08 20:27:06,3.761525
ap-northeast-1,g4dn.xlarge,Linux,ap-northeast-1c,0.3395,2026-10-08 12:00:00+00:00,4.0,16.0,NVIDIA T4,1.0,16.0,Up to 25 Gigabit,1.0,125.0,x86_64,2026-10-08,2026-10-08 20:27:06,0.3395
ap-northeast-1,g4dn.8xlarge,Windows,ap-northeast-1d,2.7941,2026-10-08 12:00:00+00:00,32.0,128.0,NVIDIA T4,1.0,16.0,50 Gigabit,1.0,900.0,x86_64,2026-10-08,2026-10-08 20:27:06,2.7941
ap-northeast-1,g4dn.8xlarge,Linux,ap-northeast-1c,1.3721,2026-10-08 12:00:00+00:00,32.0,128.0,NVIDIA T4,1.0,16.0,50 Gigabit,1.0,900.0,x86_64,2026-10-08,2026-10-08 20:27:06,1.3721
ap-northeast-1,g4dn.4xlarge,Windows,ap-northeast-1a,1.4673,2026-10-08 12:00:00+00:00,16.0,64.0,NVIDIA T4,1.0,16.0,Up to 25 Gigabit,1.0,225.0,x86_64,2026-10-08,2026-10-08 20:27:06,1.4673
ap-northeast-1,g4dn.2xlarge,Linux,ap-northeast-1d,0.4949,2026-10-08 12:00:00+00:00,8.0,32.0,NVIDIA T4,1.0,16.0,Up to 25 Gigabit,1.0,225.0,x86_64,2026-10-08,2026-10-08 20:27:06,0.4949
ap-northeast-1,g4dn.16xlarge,Windows,ap-northeast-1a,5.5878,2026-10-08 12:00:00+00:00,64.0,256.0,NVIDIA T4,1.0,16.0,50 Gigabit,1.0,900.0,x86_64,2026-10-08,2026-10-08 20:27:06,5.5878
ap-northeast-1,g4dn.16xlarge,Linux,ap-northeast-1d,2.6694,2026-10-08 12:00:00+00:00,64.0,256.0,NVIDIA T4,1.0,16.0,50 Gigabit,1.0,900.0,x86_64,2026-10-08,2026-10-08 20:27:06,2.6694
ap-northeast-1,p4d.24xlarge,Linux,ap-northeast-1c,30.0978,2026-10-08 12:00:00+00:00,96.0,1152.0,NVIDIA A100,8.0,320.0,4x 100 Gigabit,4.0,8000.0,x86_64,2026-10-08,2026-10-08 20:27:06,3.762225
ap-northeast-1,g6e.48xlarge,Windows,ap-northeast-1a,28.4989,2026-10-08 12:00:00+00:00,192.0,1536.0,NVIDIA L40S,8.0,357.625,400 Gigabit,4.0,7600.0,x86_64,2026-10-08,2026-10-08 20:27:06,3.5623625
us-east-2,p5e.48xlarge,Linux,us-east-2b,37.1736,2026-10-08 12:00:00+00:00,,,,,,,,,,2026-10-08,2026-10-08 20:27:06,
us-east-2,g6e.xlarge,Linux,us-east-2a,1.6749,2026-10-08 12:00:00+00:00,4.0,32.0,NVIDIA L40S,1.0,44.703125,Up to 20 Gigabit,1.0,250.0,x86_64,2026-10-08,2026-10-08 20:27:06,1.6749
us-east-2,g7e.2xlarge,Windows,us-east-2a,1.8832,2026-10-08 12:00:00+00:00,8.0,64.0,NVIDIA RTX PRO Server 6000,1.0,96.0,50 Gigabit,1.0,1900.0,x86_64,2026-10-08,2026-10-08 20:27:06,1.8832
us-east-2,g7e.12xlarge,Windows,us-east-2a,6.6941,2026-10-08 12:00:00+00:00,48.0,512.0,NVIDIA RTX PRO Server 6000,2.0,192.0,400 Gigabit,1.0,3800.0,x86_64,2026-10-08,2026-10-08 20:27:06,3.34705
us-east-2,g7e.12xlarge,Linux,us-east-2c,3.8845,2026-10-08 12:00:00+00:00,48.0,512.0,NVIDIA RTX PRO Server 6000,2.0,192.0,400 Gigabit,1.0,3800.0,x86_64,2026-10-08,2026-10-08 20:27:06,1.94225
us-east-2,g7e.12xlarge,Linux,us-east-2b,4.3785,2026-10-08 12:00:00+00:00,48.0,512.0,NVIDIA RTX PRO Server 6000,2.0,192.0,400 Gigabit,1.0,3800.0,x86_64,2026-10-08,2026-10-08 20:27:06,2.18925
us-east-2,g6e.48xlarge,Windows,us-east-2b,27.7844,2026-10-08 12:00:00+00:00,192.0,1536.0,NVIDIA L40S,8.0,357.625,400 Gigabit,4.0,7600.0,x86_64,2026-10-08,2026-10-08 20:27:06,3.47305
us-east-2,g6e.4xlarge,Linux,us-east-2c,1.5347,2026-10-08 12:00:00+00:00,16.0,128.0,NVIDIA L40S,1.0,44.703125,20 Gigabit,1.0,600.0,x86_64,2026-10-08,2026-10-08 20:27:06,1.5347
us-east-2,g6e.4xlarge,Windows,us-east-2c,2.088,2026-10-08 12:00:00+00:00,16.0,128.0,NVIDIA L40S,1.0,44.703125,20 Gigabit,1.0,600.0,x86_64,2026-10-08,2026-10-08 20:27:06,2.088
us-east-2,g6f.large,Windows,us-east-2a,0.1829,2026-10-08 12:00:00+00:00,2.0,8.0,NVIDIA L4,0.0,2.7939453125,Up to 10 Gigabit,1.0,100.0,x86_64,2026-10-08,2026-10-08 20:27:06,
us-east-2,g7e.8xlarge,Linux,us-east-2a,2.8366,2026-10-08 12:00:00+00:00,32.0,256.0,NVIDIA RTX PRO Server 6000,1.0,96.0,100 Gigabit,1.0,1900.0,x86_64,2026-10-08,2026-10-08 20:27:06,2.8366
us-east-2,g7.12xlarge,Windows,us-east-2a,5.4158,2026-10-08 12:00:00+00:00,48.0,192.0,NVIDIA RTX PRO 4500,2.0,64.0,175 Gigabit,1.0,1900.0,x86_64,2026-10-08,2026-10-08 20:27:06,2.7079
us-east-2,g7.24xlarge,Linux,us-east-2b,6.4421,2026-10-08 12:00:00+00:00,96.0,384.0,NVIDIA RTX PRO 4500,4.0,128.0,350 Gigabit,1.0,3800.0,x86_64,2026-10-08,2026-10-08 20:27:06,1.610525
us-east-2,g7.4xlarge,Windows,us-east-2b,2.1049,2026-10-08 12:00:00+00:00,16.0,64.0,NVIDIA RTX PRO 4500,1.0,32.0,Up to 100 Gigabit,1.0,875.0,x86_64,2026-10-08,2026-10-08 20:27:06,2.1049
us-east-2,g7.24xlarge,Windows,us-east-2b,10.8321,2026-10-08 12:00:00+00:00,96.0,384.0,NVIDIA RTX PRO 4500,4.0,128.0,350 Gigabit,1.0,3800.0,x86_64,2026-10-08,2026-10-08 20:27:06,2.708025
us-east-2,g7.48xlarge,Windows,us-east-2b,21.6663,2026-10-08 12:00:00+00:00,192.0,768.0,NVIDIA RTX PRO 4500,8.0,256.0,700 Gigabit,2.0,7600.0,x86_64,2026-10-08,2026-10-08 20:27:06,2.7082875
us-east-2,g7.4xlarge,Linux,us-east-2c,1.374,2026-10-08 12:00:00+00:00,16.0,64.0,NVIDIA RTX PRO 4500,1.0,32.0,Up to 100 Gigabit,1.0,875.0,x86_64,2026-10-08,2026-10-08 20:27:06,1.374
us-east-2,g7.4xlarge,Windows,us-east-2a,2.105,2026-10-08 12:00:00+00:00,16.0,64.0,NVIDIA RTX PRO 4500,1.0,32.0,Up to 100 Gigabit,1.0,875.0,x86_64,2026-10-08,2026-10-08 20:27:06,2.105
us-east-2,g7e.2xlarge,Windows,us-east-2c,2.286,2026-10-08 12:00:00+00:00,8.0,64.0,NVIDIA RTX PRO Server 6000,1.0,96.0,50 Gigabit,1.0,1900.0,x86_64,2026-10-08,2026-10-08 20:27:06,2.286
us-east-2,g7e.2xlarge,Windows,us-east-2b,1.8816,2026-10-08 12:00:00+00:00,8.0,64.0,NVIDIA RTX PRO Server 6000,1.0,96.0,50 Gigabit,1.0,1900.0,x86_64,2026-10-08,2026-10-08 20:27:06,1.8816
us-east-2,g7e.8xlarge,Windows,us-east-2b,3.8736,2026-10-08 12:00:00+00:00,32.0,256.0,NVIDIA RTX PRO Server 6000,1.0,96.0,100 Gigabit,1.0,1900.0,x86_64,2026-10-08,2026-10-08 20:27:06,3.8736
us-east-2,inf1.24xlarge,Linux,us-east-2c,0.4721,2026-10-08 12:00:00+00:00,96.0,192.0,Inferentia,16.0,128.0,100 Gigabit,1.0,0.0,x86_64,2026-10-08,2026-10-08 20:27:06,0.02950625
us-east-2,p5e.48xlarge,Linux,us-east-2a,30.8412,2026-10-08 12:00:00+00:00,,,,,,,,,,2026-10-08,2026-10-08 20:27:06,
us-east-2,p5.4xlarge,Windows,us-east-2b,3.2362,2026-10-08 12:00:00+00:00,16.0,256.0,NVIDIA H100,1.0,80.0,100 Gigabit,1.0,3800.0,x86_64,2026-10-08,2026-10-08 20:27:06,3.2362
us-east-2,p5.48xlarge,Linux,us-east-2a,22.4936,2026-10-08 12:00:00+00:00,192.0,2048.0,NVIDIA H100,8.0,640.0,3200 Gigabit,32.0,30400.0,x86_64,2026-10-08,2026-10-08 20:27:06,2.8117
us-east-2,inf1.6xlarge,Linux,us-east-2c,0.1296,2026-10-08 12:00:00+00:00,24.0,48.0,Inferentia,4.0,32.0,25 Gigabit,1.0,0.0,x86_64,2026-10-08,2026-10-08 20:27:06,0.0324
us-east-2,p5.48xlarge,Linux,us-east-2b,30.7978,2026-10-08 12:00:00+00:00,192.0,2048.0,NVIDIA H100,8.0,640.0,3200 Gigabit,32.0,30400.0,x86_64,2026-10-08,2026-10-08 20:27:06,3.849725
us-east-2,inf1.24xlarge,Linux,us-east-2b,0.5023,2026-10-08 12:00:00+00:00,96.0,192.0,Inferentia,16.0,128.0,100 Gigabit,1.0,0.0,x86_64,2026-10-08,2026-10-08 20:27:06,0.03139375
us-east-2,gr6.4xlarge,Windows,us-east-2c,0.8899,2026-10-08 12:00:00+00:00,16.0,128.0,NVIDIA L4,1.0,22.3515625,Up to 25 Gigabit,1.0,600.0,x86_64,2026-10-08,2026-10-08 20:27:06,0.8899
us-east-2,gr6.4xlarge,Windows,us-east-2b,0.8899,2026-10-08 12:00:00+00:00,16.0,128.0,NVIDIA L4,1.0,22.3515625,Up to 25 Gigabit,1.0,600.0,x86_64,2026-10-08,2026-10-08 20:27:06,0.8899
us-east-2,gr6.4xlarge,Windows,us-east-2a,0.8899,2026-10-08 12:00:00+00:00,16.0,128.0,NVIDIA L4,1.0,22.3515625,Up to 25 Gigabit,1.0,600.0,x86_64,2026-10-08,2026-10-08 20:27:06,0.8899
us-west-2,g5.24xlarge,Windows,us-west-2b,5.2304,2026-10-08 11:00:00+00:00,96.0,384.0,NVIDIA A10G,4.0,89.40625,50 Gigabit,1.0,3800.0,x86_64,2026-10-08,2026-10-08 20:27:06,1.3076
us-west-2,g5g.16xlarge,Linux,us-west-2a,1.0162,2026-10-08 11:00:00+00:00,64.0,128.0,NVIDIA T4g,2.0,32.0,25 Gigabit,1.0,0.0,arm64,2026-10-08,2026-10-08 20:27:06,0.5081
us-west-2,g5.xlarge,Windows,us-west-2a,0.3239,2026-10-08 11:00:00+00:00,4.0,16.0,NVIDIA A10G,1.0,22.3515625,Up to 10 Gigabit,1.0,250.0,x86_64,2026-10-08,2026-10-08 20:27:06,0.3239
us-west-2,g5.4xlarge,Linux,us-west-2b,0.7888,2026-10-08 11:00:00+00:00,16.0,64.0,NVIDIA A10G,1.0,22.3515625,Up to 25 Gigabit,1.0,600.0,x86_64,2026-10-08,2026-10-08 20:27:06,0.7888
eu-north-1,g4dn.2xlarge,Linux,eu-north-1c,0.1269,2026-10-08 11:00:00+00:00,8.0,32.0,NVIDIA T4,1.0,16.0,Up to 25 Gigabit,1.0,225.0,x86_64,2026-10-08,2026-10-08 20:27:06,0.1269
eu-north-1,g4dn.16xlarge,Windows,eu-north-1c,3.4057,2026-10-08 11:00:00+00:00,64.0,256.0,NVIDIA T4,1.0,16.0,50 Gigabit,1.0,900.0,x86_64,2026-10-08,2026-10-08 20:27:06,3.4057
us-west-2,g5.2xlarge,Linux,us-west-2c,0.4558,2026-10-08 11:00:00+00:00,8.0,32.0,NVIDIA A10G,1.0,22.3515625,Up to 10 Gigabit,1.0,450.0,x86_64,2026-10-08,2026-10-08 20:27:06,0.4558
us-west-2,g5.2xlarge,Linux,us-west-2b,0.4562,2026-10-08 11:00:00+00:00,8.0,32.0,NVIDIA A10G,1.0,22.3515625,Up to 10 Gigabit,1.0,450.0,x86_64,2026-10-08,2026-10-08 20:27:06,0.4562
eu-north-1,g4dn.12xlarge,Linux,eu-north-1b,1.6579,2026-10-08 11:00:00+00:00,48.0,192.0,NVIDIA T4,4.0,64.0,50 Gigabit,1.0,900.0,x86_64,2026-10-08,2026-10-08 20:27:06,0.414475
us-west-2,g5.2xlarge,Windows,us-west-2a,0.4892,2026-10-08 11:00:00+00:00,8.0,32.0,NVIDIA A10G,1.0,22.3515625,Up to 10 Gigabit,1.0,450.0,x86_64,2026-10-08,2026-10-08 20:27:06,0.4892
us-west-2,g6.12xlarge,Windows,us-west-2a,2.9657,2026-10-08 11:00:00+00:00,48.0,192.0,NVIDIA L4,4.0,89.40625,40 Gigabit,1.0,3760.0,x86_64,2026-10-08,2026-10-08 20:27:06,0.741425
eu-north-1,g4dn.12xlarge,Windows,eu-north-1b,2.623,2026-10-08 11:00:00+00:00,48.0,192.0,NVIDIA T4,4.0,64.0,50 Gigabit,1.0,900.0,x86_64,2026-10-08,2026-10-08 20:27:06,0.65575
us-west-2,g5.48xlarge,Linux,us-west-2b,8.0463,2026-10-08 11:00:00+00:00,192.0,768.0,NVIDIA A10G,8.0,178.8125,100 Gigabit,1.0,7600.0,x86_64,2026-10-08,2026-10-08 20:27:06,1.0057875
us-west-2,g5g.2xlarge,Linux,us-west-2c,0.2535,2026-10-08 11:00:00+00:00,8.0,16.0,NVIDIA T4g,1.0,16.0,Up to 10 Gigabit,1.0,0.0,arm64,2026-10-08,2026-10-08 20:27:06,0.2535
eu-north-1,g5.xlarge,Windows,eu-north-1b,0.2907,2026-10-08 11:00:00+00:00,4.0,16.0,NVIDIA A10G,1.0,22.3515625,Up to 10 Gigabit,1.0,250.0,x86_64,2026-10-08,2026-10-08 20:27:06,0.2907
us-west-2,g6.12xlarge,Windows,us-west-2d,2.7902,2026-10-08 11:00:00+00:00,48.0,192.0,NVIDIA L4,4.0,89.40625,40 Gigabit,1.0,3760.0,x86_64,2026-10-08,2026-10-08 20:27:06,0.69755
eu-north-1,g6.24xlarge,Windows,eu-north-1a,5.124,2026-10-08 11:00:00+00:00,96.0,384.0,NVIDIA L4,4.0,89.40625,50 Gigabit,1.0,3760.0,x86_64,2026-10-08,2026-10-08 20:27:06,1.281
eu-north-1,g6f.large,Linux,eu-north-1a,0.0214,2026-10-08 11:00:00+00:00,2.0,8.0,NVIDIA L4,0.0,2.7939453125,Up to 10 Gigabit,1.0,100.0,x86_64,2026-10-08,2026-10-08 20:27:06,
eu-north-1,g6f.4xlarge,Windows,eu-north-1a,0.8368,2026-10-08 11:00:00+00:00,16.0,64.0,NVIDIA L4,0.0,11.17578125,Up to 25 Gigabit,1.0,450.0,x86_64,2026-10-08,2026-10-08 20:27:06,
eu-north-1,g6f.4xlarge,Linux,eu-north-1a,0.1271,2026-10-08 11:00:00+00:00,16.0,64.0,NVIDIA L4,0.0,11.17578125,Up to 25 Gigabit,1.0,450.0,x86_64,2026-10-08,2026-10-08 20:27:06,
eu-north-1,g6e.xlarge,Windows,eu-north-1a,1.2051,2026-10-08 11:00:00+00:00,4.0,32.0,NVIDIA L40S,1.0,44.703125,Up to 20 Gigabit,1.0,250.0,x86_64,2026-10-08,2026-10-08 20:27:06,1.2051
eu-north-1,g7e.12xlarge,Linux,eu-north-1c,2.6811,2026-10-08 11:00:00+00:00,48.0,512.0,NVIDIA RTX PRO Server 6000,2.0,192.0,400 Gigabit,1.0,3800.0,x86_64,2026-10-08,2026-10-08 20:27:06,1.34055
eu-north-1,g7e.24xlarge,Windows,eu-north-1a,25.0908,2026-10-08 11:00:00+00:00,96.0,1024.0,NVIDIA RTX PRO Server 6000,4.0,384.0,800 Gigabit,2.0,7600.0,x86_64,2026-10-08,2026-10-08 20:27:06,6.2727
us-west-2,g5.16xlarge,Linux,us-west-2a,1.1799,2026-10-08 11:00:00+00:00,64.0,256.0,NVIDIA A10G,1.0,22.3515625,25 Gigabit,1.0,1900.0,x86_64,2026-10-08,2026-10-08 20:27:06,1.1799
eu-north-1,g6e.4xlarge,Windows,eu-north-1a,1.438,2026-10-08 11:00:00+00:00,16.0,128.0,NVIDIA L40S,1.0,44.703125,20 Gigabit,1.0,600.0,x86_64,2026-10-08,2026-10-08 20:27:06,1.438
eu-north-1,g6e.4xlarge,Linux,eu-north-1a,0.8971,2026-10-08 11:00:00+00:00,16.0,128.0,NVIDIA L40S,1.0,44.703125,20 Gigabit,1.0,600.0,x86_64,2026-10-08,2026-10-08 20:27:06,0.8971
eu-north-1,g6.2xlarge,Linux,eu-north-1a,0.2137,2026-10-08 11:00:00+00:00,8.0,32.0,NVIDIA L4,1.0,22.3515625,Up to 10 Gigabit,1.0,450.0,x86_64,2026-10-08,2026-10-08 20:27:06,0.2137
eu-north-1,g6.16xlarge,Linux,eu-north-1b,0.885,2026-10-08 11:00:00+00:00,64.0,256.0,NVIDIA L4,1.0,22.3515625,25 Gigabit,1.0,1880.0,x86_64,2026-10-08,2026-10-08 20:27:06,0.885
us-west-2,g6.16xlarge,Windows,us-west-2b,3.4276,2026-10-08 11:00:00+00:00,64.0,256.0,NVIDIA L4,1.0,22.3515625,25 Gigabit,1.0,1880.0,x86_64,2026-10-08,2026-10-08 20:27:06,3.4276
eu-north-1,g6.12xlarge,Windows,eu-north-1b,2.6961,2026-10-08 11:00:00+00:00,48.0,192.0,NVIDIA L4,4.0,89.40625,40 Gigabit,1.0,3760.0,x86_64,2026-10-08,2026-10-08 20:27:06,0.674025
eu-north-1,g6.12xlarge,Windows,eu-north-1a,2.6961,2026-10-08 11:00:00+00:00,48.0,192.0,NVIDIA L4,4.0,89.40625,40 Gigabit,1.0,3760.0,x86_64,2026-10-08,2026-10-08 20:27:06,0.674025
eu-north-1,g6f.xlarge,Windows,eu-north-1a,0.2152,2026-10-08 11:00:00+00:00,4.0,16.0,NVIDIA L4,0.0,2.7939453125,Up to 10 Gigabit,1.0,100.0,x86_64,2026-10-08,2026-10-08 20:27:06,
eu-north-1,g5.8xlarge,Windows,eu-north-1c,1.7316,2026-10-08 11:00:00+00:00,32.0,128.0,NVIDIA A10G,1.0,22.3515625,25 Gigabit,1.0,900.0,x86_64,2026-10-08,2026-10-08 20:27:06,1.7316
eu-north-1,g5.4xlarge,Windows,eu-north-1b,0.9082,2026-10-08 11:00:00+00:00,16.0,64.0,NVIDIA A10G,1.0,22.3515625,Up to 25 Gigabit,1.0,600.0,x86_64,2026-10-08,2026-10-08 20:27:06,0.9082
eu-north-1,g5.4xlarge,Linux,eu-north-1c,0.4446,2026-10-08 11:00:00+00:00,16.0,64.0,NVIDIA A10G,1.0,22.3515625,Up to 25 Gigabit,1.0,600.0,x86_64,2026-10-08,2026-10-08 20:27:06,0.4446
eu-north-1,g5.24xlarge,Linux,eu-north-1c,2.2831,2026-10-08 11:00:00+00:00,96.0,384.0,NVIDIA A10G,4.0,89.40625,50 Gigabit,1.0,3800.0,x86_64,2026-10-08,2026-10-08 20:27:06,0.570775
eu-north-1,g5.16xlarge,Windows,eu-north-1c,3.3784,2026-10-08 11:00:00+00:00,64.0,256.0,NVIDIA A10G,1.0,22.3515625,25 Gigabit,1.0,1900.0,x86_64,2026-10-08,2026-10-08 20:27:06,3.3784
eu-north-1,g5.12xlarge,Linux,eu-north-1b,1.6478,2026-10-08 11:00:00+00:00,48.0,192.0,NVIDIA A10G,4.0,89.40625,40 Gigabit,1.0,3800.0,x86_64,2026-10-08,2026-10-08 20:27:06,0.41195
eu-north-1,g4dn.metal,Windows,eu-north-1a,5.246,2026-10-08 11:00:00+00:00,96.0,384.0,NVIDIA T4,8.0,128.0,100 Gigabit,1.0,1800.0,x86_64,2026-10-08,2026-10-08 20:27:06,0.65575
us-west-2,g5.16xlarge,Windows,us-west-2c,3.5138,2026-10-08 11:00:00+00:00,64.0,256.0,NVIDIA A10G,1.0,22.3515625,25 Gigabit,1.0,1900.0,x86_64,2026-10-08,2026-10-08 20:27:06,3.5138
ca-central-1,g6.16xlarge,Linux,ca-central-1b,3.7716,2026-10-08 11:00:00+00:00,64.0,256.0,NVIDIA L4,1.0,22.3515625,25 Gigabit,1.0,1880.0,x86_64,2026-10-08,2026-10-08 20:27:06,3.7716
us-west-2,g5.12xlarge,Windows,us-west-2a,3.8081,2026-10-08 11:00:00+00:00,48.0,192.0,NVIDIA A10G,4.0,89.40625,40 Gigabit,1.0,3800.0,x86_64,2026-10-08,2026-10-08 20:27:06,0.952025
ca-central-1,g6.24xlarge,Linux,ca-central-1d,7.4117,2026-10-08 11:00:00+00:00,96.0,384.0,NVIDIA L4,4.0,89.40625,50 Gigabit,1.0,3760.0,x86_64,2026-10-08,2026-10-08 20:27:06,1.852925
ca-central-1,g6.4xlarge,Windows,ca-central-1b,2.2052,2026-10-08 11:00:00+00:00,16.0,64.0,NVIDIA L4,1.0,22.3515625,Up to 25 Gigabit,1.0,600.0,x86_64,2026-10-08,2026-10-08 20:27:06,2.2052
ca-central-1,g6.8xlarge,Windows,ca-central-1d,3.7087,2026-10-08 11:00:00+00:00,32.0,128.0,NVIDIA L4,1.0,22.3515625,25 Gigabit,1.0,900.0,x86_64,2026-10-08,2026-10-08 20:27:06,3.7087
eu-west-1,p3dn.24xlarge,Windows,eu-west-1a,7.7871,2026-10-08 11:00:00+00:00,96.0,768.0,NVIDIA V100,8.0,256.0,100 Gigabit,1.0,1800.0,x86_64,2026-10-08,2026-10-08 20:27:06,0.9733875
eu-west-1,inf2.xlarge,Linux,eu-west-1a,0.2371,2026-10-08 11:00:00+00:00,4.0,16.0,Inferentia2,1.0,32.0,Up to 15 Gigabit,1.0,0.0,x86_64,2026-10-08,2026-10-08 20:27:06,0.2371
eu-west-1,inf2.8xlarge,Linux,eu-west-1c,0.799,2026-10-08 11:00:00+00:00,32.0,128.0,Inferentia2,1.0,32.0,Up to 25 Gigabit,1.0,0.0,x86_64,2026-10-08,2026-10-08 20:27:06,0.799
ca-central-1,g6f.2xlarge,Windows,ca-central-1b,0.4594,2026-10-08 11:00:00+00:00,8.0,32.0,NVIDIA L4,0.0,5.587890625,Up to 10 Gigabit,1.0,200.0,x86_64,2026-10-08,2026-10-08 20:27:06,
ca-central-1,g6f.large,Linux,ca-central-1a,0.2243,2026-10-08 11:00:00+00:00,2.0,8.0,NVIDIA L4,0.0,2.7939453125,Up to 10 Gigabit,1.0,100.0,x86_64,2026-10-08,2026-10-08 20:27:06,
ca-central-1,gr6.4xlarge,Linux,ca-central-1b,0.8118,2026-10-08 11:00:00+00:00,16.0,128.0,NVIDIA L4,1.0,22.3515625,Up to 25 Gigabit,1.0,600.0,x86_64,2026-10-08,2026-10-08 20:27:06,0.8118
ca-central-1,inf1.xlarge,Linux,ca-central-1b,0.0493,2026-10-08 11:00:00+00:00,4.0,8.0,Inferentia,1.0,8.0,Up to 25 Gigabit,1.0,0.0,x86_64,2026-10-08,2026-10-08 20:27:06,0.0493
ca-central-1,p5.48xlarge,Linux,ca-central-1d,17.6786,2026-10-08 11:00:00+00:00,192.0,2048.0,NVIDIA H100,8.0,640.0,3200 Gigabit,32.0,30400.0,x86_64,2026-10-08,2026-10-08 20:27:06,2.209825
eu-west-1,inf1.xlarge,Linux,eu-west-1a,0.0696,2026-10-08 11:00:00+00:00,4.0,8.0,Inferentia,1.0,8.0,Up to 25 Gigabit,1.0,0.0,x86_64,2026-10-08,2026-10-08 20:27:06,0.0696
eu-west-1,inf1.6xlarge,Linux,eu-west-1c,0.362,2026-10-08 11:00:00+00:00,24.0,48.0,Inferentia,4.0,32.0,25 Gigabit,1.0,0.0,x86_64,2026-10-08,2026-10-08 20:27:06,0.0905
eu-west-1,inf1.24xlarge,Linux,eu-west-1a,1.2693,2026-10-08 11:00:00+00:00,96.0,192.0,Inferentia,16.0,128.0,100 Gigabit,1.0,0.0,x86_64,2026-10-08,2026-10-08 20:27:06,0.07933125
eu-west-1,g5.4xlarge,Windows,eu-west-1b,1.1622,2026-10-08 11:00:00+00:00,16.0,64.0,NVIDIA A10G,1.0,22.3515625,Up to 25 Gigabit,1.0,600.0,x86_64,2026-10-08,2026-10-08 20:27:06,1.1622
eu-west-1,g5.4xlarge,Windows,eu-west-1a,1.1217,2026-10-08 11:00:00+00:00,16.0,64.0,NVIDIA A10G,1.0,22.3515625,Up to 25 Gigabit,1.0,600.0,x86_64,2026-10-08,2026-10-08 20:27:06,1.1217
eu-west-1,g5.48xlarge,Windows,eu-west-1b,11.9736,2026-10-08 11:00:00+00:00,192.0,768.0,NVIDIA A10G,8.0,178.8125,100 Gigabit,1.0,7600.0,x86_64,2026-10-08,2026-10-08 20:27:06,1.4967
eu-west-1,g5.2xlarge,Linux,eu-west-1b,1.2166,2026-10-08 11:00:00+00:00,8.0,32.0,NVIDIA A10G,1.0,22.3515625,Up to 10 Gigabit,1.0,450.0,x86_64,2026-10-08,2026-10-08 20:27:06,1.2166
ca-central-1,g6.4xlarge,Linux,ca-central-1b,1.4692,2026-10-08 11:00:00+00:00,16.0,64.0,NVIDIA L4,1.0,22.3515625,Up to 25 Gigabit,1.0,600.0,x86_64,2026-10-08,2026-10-08 20:27:06,1.4692
eu-north-1,g7e.48xlarge,Linux,eu-north-1c,27.6781,2026-10-08 11:00:00+00:00,192.0,2048.0,NVIDIA RTX PRO Server 6000,8.0,768.0,1600 Gigabit,4.0,15200.0,x86_64,2026-10-08,2026-10-08 20:27:06,3.4597625
us-west-2,g4dn.xlarge,Windows,us-west-2a,0.257,2026-10-08 11:00:00+00:00,4.0,16.0,NVIDIA T4,1.0,16.0,Up to 25 Gigabit,1.0,125.0,x86_64,2026-10-08,2026-10-08 20:27:06,0.257
ca-central-1,g6.16xlarge,Linux,ca-central-1a,3.7716,2026-10-08 11:00:00+00:00,64.0,256.0,NVIDIA L4,1.0,22.3515625,25 Gigabit,1.0,1880.0,x86_64,2026-10-08,2026-10-08 20:27:06,3.7716
us-west-2,g4dn.metal,Windows,us-west-2b,5.1984,2026-10-08 11:00:00+00:00,96.0,384.0,NVIDIA T4,8.0,128.0,100 Gigabit,1.0,1800.0,x86_64,2026-10-08,2026-10-08 20:27:06,0.6498
us-west-2,g4dn.8xlarge,Windows,us-west-2a,1.6896,2026-10-08 11:00:00+00:00,32.0,128.0,NVIDIA T4,1.0,16.0,50 Gigabit,1.0,900.0,x86_64,2026-10-08,2026-10-08 20:27:06,1.6896
us-west-2,g4dn.4xlarge,Windows,us-west-2c,0.903,2026-10-08 11:00:00+00:00,16.0,64.0,NVIDIA T4,1.0,16.0,Up to 25 Gigabit,1.0,225.0,x86_64,2026-10-08,2026-10-08 20:27:06,0.903
us-west-2,g4dn.4xlarge,Linux,us-west-2a,0.4814,2026-10-08 11:00:00+00:00,16.0,64.0,NVIDIA T4,1.0,16.0,Up to 25 Gigabit,1.0,225.0,x86_64,2026-10-08,2026-10-08 20:27:06,0.4814
us-west-2,g4dn.16xlarge,Windows,us-west-2b,3.6337,2026-10-08 11:00:00+00:00,64.0,256.0,NVIDIA T4,1.0,16.0,50 Gigabit,1.0,900.0,x86_64,2026-10-08,2026-10-08 20:27:06,3.6337
us-west-2,g4dn.12xlarge,Linux,us-west-2b,1.4727,2026-10-08 11:00:00+00:00,48.0,192.0,NVIDIA T4,4.0,64.0,50 Gigabit,1.0,900.0,x86_64,2026-10-08,2026-10-08 20:27:06,0.368175
ca-central-1,g4dn.2xlarge,Linux,ca-central-1b,0.3139,2026-10-08 11:00:00+00:00,8.0,32.0,NVIDIA T4,1.0,16.0,Up to 25 Gigabit,1.0,225.0,x86_64,2026-10-08,2026-10-08 20:27:06,0.3139
ca-central-1,g4dn.metal,Windows,ca-central-1b,5.2847,2026-10-08 11:00:00+00:00,96.0,384.0,NVIDIA T4,8.0,128.0,100 Gigabit,1.0,1800.0,x86_64,2026-10-08,2026-10-08 20:27:06,0.6605875
ca-central-1,g4dn.xlarge,Linux,ca-central-1b,0.2434,2026-10-08 11:00:00+00:00,4.0,16.0,NVIDIA T4,1.0,16.0,Up to 25 Gigabit,1.0,125.0,x86_64,2026-10-08,2026-10-08 20:27:06,0.2434
ca-central-1,g4dn.xlarge,Windows,ca-central-1b,0.2424,2026-10-08 11:00:00+00:00,4.0,16.0,NVIDIA T4,1.0,16.0,Up to 25 Gigabit,1.0,125.0,x86_64,2026-10-08,2026-10-08 20:27:06,0.2424
ca-central-1,g5.12xlarge,Linux,ca-central-1a,3.2585,2026-10-08 11:00:00+00:00,48.0,192.0,NVIDIA A10G,4.0,89.40625,40 Gigabit,1.0,3800.0,x86_64,2026-10-08,2026-10-08 20:27:06,0.814625
ca-central-1,g5.12xlarge,Linux,ca-central-1b,6.2978,2026-10-08 11:00:00+00:00,48.0,192.0,NVIDIA A10G,4.0,89.40625,40 Gigabit,1.0,3800.0,x86_64,2026-10-08,2026-10-08 20:27:06,1.57445
ca-central-1,g5.2xlarge,Linux,ca-central-1b,1.3457,2026-10-08 11:00:00+00:00,8.0,32.0,NVIDIA A10G,1.0,22.3515625,Up to 10 Gigabit,1.0,450.0,x86_64,2026-10-08,2026-10-08 20:27:06,1.3457
ca-central-1,g5.2xlarge,Windows,ca-central-1a,0.8549,2026-10-08 11:00:00+00:00,8.0,32.0,NVIDIA A10G,1.0,22.3515625,Up to 10 Gigabit,1.0,450.0,x86_64,2026-10-08,2026-10-08 20:27:06,0.8549
ca-central-1,g5.48xlarge,Windows,ca-central-1b,26.9172,2026-10-08 11:00:00+00:00,192.0,768.0,NVIDIA A10G,8.0,178.8125,100 Gigabit,1.0,7600.0,x86_64,2026-10-08,2026-10-08 20:27:06,3.36465
ca-central-1,g5.8xlarge,Linux,ca-central-1a,2.7181,2026-10-08 11:00:00+00:00,32.0,128.0,NVIDIA A10G,1.0,22.3515625,25 Gigabit,1.0,900.0,x86_64,2026-10-08,2026-10-08 20:27:06,2.7181
ca-central-1,g6.12xlarge,Windows,ca-central-1a,7.3173,2026-10-08 11:00:00+00:00,48.0,192.0,NVIDIA L4,4.0,89.40625,40 Gigabit,1.0,3760.0,x86_64,2026-10-08,2026-10-08 20:27:06,1.829325
eu-north-1,g7e.2xlarge,Windows,eu-north-1a,0.8532,2026-10-08 11:00:00+00:00,8.0,64.0,NVIDIA RTX PRO Server 6000,1.0,96.0,50 Gigabit,1.0,1900.0,x86_64,2026-10-08,2026-10-08 20:27:06,0.8532
us-west-2,g6.24xlarge,Windows,us-west-2c,6.1031,2026-10-08 11:00:00+00:00,96.0,384.0,NVIDIA L4,4.0,89.40625,50 Gigabit,1.0,3760.0,x86_64,2026-10-08,2026-10-08 20:27:06,1.525775
eu-north-1,g7e.48xlarge,Windows,eu-north-1c,37.0687,2026-10-08 11:00:00+00:00,192.0,2048.0,NVIDIA RTX PRO Server 6000,8.0,768.0,1600 Gigabit,4.0,15200.0,x86_64,2026-10-08,2026-10-08 20:27:06,4.6335875
eu-central-1,gr6f.4xlarge,Linux,eu-central-1a,0.4112,2026-10-08 11:00:00+00:00,16.0,128.0,NVIDIA L4,0.0,11.17578125,Up to 25 Gigabit,1.0,450.0,x86_64,2026-10-08,2026-10-08 20:27:06,
eu-central-1,inf1.6xlarge,Linux,eu-central-1a,0.4058,2026-10-08 11:00:00+00:00,24.0,48.0,Inferentia,4.0,32.0,25 Gigabit,1.0,0.0,x86_64,2026-10-08,2026-10-08 20:27:06,0.10145
eu-central-1,inf2.24xlarge,Linux,eu-central-1a,2.1227,2026-10-08 11:00:00+00:00,96.0,384.0,Inferentia2,6.0,192.0,50 Gigabit,1.0,0.0,x86_64,2026-10-08,2026-10-08 20:27:06,0.35378333333333334
eu-central-1,p4de.24xlarge,Linux,eu-central-1a,21.5719,2026-10-08 11:00:00+00:00,96.0,1152.0,NVIDIA A100,8.0,640.0,4x 100 Gigabit,4.0,8000.0,x86_64,2026-10-08,2026-10-08 20:27:06,2.6964875
us-west-2,g6e.2xlarge,Linux,us-west-2a,1.3891,2026-10-08 11:00:00+00:00,8.0,64.0,NVIDIA L40S,1.0,44.703125,Up to 20 Gigabit,1.0,450.0,x86_64,2026-10-08,2026-10-08 20:27:06,1.3891
us-west-2,g6e.24xlarge,Windows,us-west-2c,16.0048,2026-10-08 11:00:00+00:00,96.0,768.0,NVIDIA L40S,4.0,178.8125,200 Gigabit,2.0,3800.0,x86_64,2026-10-08,2026-10-08 20:27:06,4.0012
us-west-2,g6e.24xlarge,Linux,us-west-2d,15.0656,2026-10-08 11:00:00+00:00,96.0,768.0,NVIDIA L40S,4.0,178.8125,200 Gigabit,2.0,3800.0,x86_64,2026-10-08,2026-10-08 20:27:06,3.7664
us-west-2,g6e.16xlarge,Windows,us-west-2b,3.9975,2026-10-08 11:00:00+00:00,64.0,512.0,NVIDIA L40S,1.0,44.703125,35 Gigabit,1.0,1900.0,x86_64,2026-10-08,2026-10-08 20:27:06,3.9975
us-west-2,g6e.16xlarge,Linux,us-west-2a,2.7555,2026-10-08 11:00:00+00:00,64.0,512.0,NVIDIA L40S,1.0,44.703125,35 Gigabit,1.0,1900.0,x86_64,2026-10-08,2026-10-08 20:27:06,2.7555
us-west-2,g6e.12xlarge,Linux,us-west-2d,8.564,2026-10-08 11:00:00+00:00,48.0,384.0,NVIDIA L40S,4.0,178.8125,100 Gigabit,1.0,3800.0,x86_64,2026-10-08,2026-10-08 20:27:06,2.141
eu-central-1,g5.4xlarge,Windows,eu-central-1c,1.1975,2026-10-08 11:00:00+00:00,16.0,64.0,NVIDIA A10G,1.0,22.3515625,Up to 25 Gigabit,1.0,600.0,x86_64,2026-10-08,2026-10-08 20:27:06,1.1975
eu-central-1,g5.48xlarge,Linux,eu-central-1a,20.3681,2026-10-08 11:00:00+00:00,192.0,768.0,NVIDIA A10G,8.0,178.8125,100 Gigabit,1.0,7600.0,x86_64,2026-10-08,2026-10-08 20:27:06,2.5460125
eu-central-1,g5.2xlarge,Windows,eu-central-1a,0.7305,2026-10-08 11:00:00+00:00,8.0,32.0,NVIDIA A10G,1.0,22.3515625,Up to 10 Gigabit,1.0,450.0,x86_64,2026-10-08,2026-10-08 20:27:06,0.7305
eu-central-1,g4dn.xlarge,Windows,eu-central-1a,0.3003,2026-10-08 11:00:00+00:00,4.0,16.0,NVIDIA T4,1.0,16.0,Up to 25 Gigabit,1.0,125.0,x86_64,2026-10-08,2026-10-08 20:27:06,0.3003
eu-central-1,g4dn.xlarge,Linux,eu-central-1b,0.3177,2026-10-08 11:00:00+00:00,4.0,16.0,NVIDIA T4,1.0,16.0,Up to 25 Gigabit,1.0,125.0,x86_64,2026-10-08,2026-10-08 20:27:06,0.3177
eu-central-1,g4dn.8xlarge,Linux,eu-central-1b,1.2595,2026-10-08 11:00:00+00:00,32.0,128.0,NVIDIA T4,1.0,16.0,50 Gigabit,1.0,900.0,x86_64,2026-10-08,2026-10-08 20:27:06,1.2595
eu-central-1,g4dn.4xlarge,Linux,eu-central-1c,0.5789,2026-10-08 11:00:00+00:00,16.0,64.0,NVIDIA T4,1.0,16.0,Up to 25 Gigabit,1.0,225.0,x86_64,2026-10-08,2026-10-08 20:27:06,0.5789
eu-central-1,g4dn.12xlarge,Linux,eu-central-1c,2.0341,2026-10-08 11:00:00+00:00,48.0,192.0,NVIDIA T4,4.0,64.0,50 Gigabit,1.0,900.0,x86_64,2026-10-08,2026-10-08 20:27:06,0.508525
us-west-2,g6e.2xlarge,Windows,us-west-2a,0.9738,2026-10-08 11:00:00+00:00,8.0,64.0,NVIDIA L40S,1.0,44.703125,Up to 20 Gigabit,1.0,450.0,x86_64,2026-10-08,2026-10-08 20:27:06,0.9738
us-west-2,g6e.48xlarge,Linux,us-west-2b,25.4195,2026-10-08 11:00:00+00:00,192.0,1536.0,NVIDIA L40S,8.0,357.625,400 Gigabit,4.0,7600.0,x86_64,2026-10-08,2026-10-08 20:27:06,3.1774375
us-west-2,g6e.4xlarge,Linux,us-west-2d,1.5881,2026-10-08 11:00:00+00:00,16.0,128.0,NVIDIA L40S,1.0,44.703125,20 Gigabit,1.0,600.0,x86_64,2026-10-08,2026-10-08 20:27:06,1.5881
us-west-2,g6e.4xlarge,Windows,us-west-2a,1.5532,2026-10-08 11:00:00+00:00,16.0,128.0,NVIDIA L40S,1.0,44.703125,20 Gigabit,1.0,600.0,x86_64,2026-10-08,2026-10-08 20:27:06,1.5532
us-west-2,g6e.xlarge,Linux,us-west-2a,1.861,2026-10-08 11:00:00+00:00,4.0,32.0,NVIDIA L40S,1.0,44.703125,Up to 20 Gigabit,1.0,250.0,x86_64,2026-10-08,2026-10-08 20:27:06,1.861
us-west-2,g6e.xlarge,Windows,us-west-2a,0.6766,2026-10-08 11:00:00+00:00,4.0,32.0,NVIDIA L40S,1.0,44.703125,Up to 20 Gigabit,1.0,250.0,x86_64,2026-10-08,2026-10-08 20:27:06,0.6766
us-west-2,g6e.xlarge,Windows,us-west-2c,0.7346,2026-10-08 11:00:00+00:00,4.0,32.0,NVIDIA L40S,1.0,44.703125,Up to 20 Gigabit,1.0,250.0,x86_64,2026-10-08,2026-10-08 20:27:06,0.7346
us-west-2,g6e.xlarge,Windows,us-west-2d,0.6176,2026-10-08 11:00:00+00:00,4.0,32.0,NVIDIA L40S,1.0,44.703125,Up to 20 Gigabit,1.0,250.0,x86_64,2026-10-08,2026-10-08 20:27:06,0.6176
eu-west-1,g5.12xlarge,Linux,eu-west-1b,3.1372,2026-10-08 11:00:00+00:00,48.0,192.0,NVIDIA A10G,4.0,89.40625,40 Gigabit,1.0,3800.0,x86_64,2026-10-08,2026-10-08 20:27:06,0.7843
eu-central-1,gr6.8xlarge,Windows,eu-central-1b,1.8085,2026-10-08 11:00:00+00:00,32.0,256.0,NVIDIA L4,1.0,22.3515625,25 Gigabit,1.0,900.0,x86_64,2026-10-08,2026-10-08 20:27:06,1.8085
us-west-2,g6f.2xlarge,Windows,us-west-2b,0.4348,2026-10-08 11:00:00+00:00,8.0,32.0,NVIDIA L4,0.0,5.587890625,Up to 10 Gigabit,1.0,200.0,x86_64,2026-10-08,2026-10-08 20:27:06,
eu-central-1,g5.8xlarge,Linux,eu-central-1c,1.3926,2026-10-08 11:00:00+00:00,32.0,128.0,NVIDIA A10G,1.0,22.3515625,25 Gigabit,1.0,900.0,x86_64,2026-10-08,2026-10-08 20:27:06,1.3926
eu-central-1,g6e.4xlarge,Windows,eu-central-1a,1.9964,2026-10-08 11:00:00+00:00,16.0,128.0,NVIDIA L40S,1.0,44.703125,20 Gigabit,1.0,600.0,x86_64,2026-10-08,2026-10-08 20:27:06,1.9964
eu-central-1,g6e.4xlarge,Windows,eu-central-1c,1.7369,2026-10-08 11:00:00+00:00,16.0,128.0,NVIDIA L40S,1.0,44.703125,20 Gigabit,1.0,600.0,x86_64,2026-10-08,2026-10-08 20:27:06,1.7369
eu-central-1,g6e.4xlarge,Windows,eu-central-1b,1.1721,2026-10-08 11:00:00+00:00,16.0,128.0,NVIDIA L40S,1.0,44.703125,20 Gigabit,1.0,600.0,x86_64,2026-10-08,2026-10-08 20:27:06,1.1721
eu-central-1,g6e.8xlarge,Windows,eu-central-1b,7.1345,2026-10-08 11:00:00+00:00,32.0,256.0,NVIDIA L40S,1.0,44.703125,25 Gigabit,1.0,900.0,x86_64,2026-10-08,2026-10-08 20:27:06,7.1345
eu-central-1,g6f.4xlarge,Linux,eu-central-1a,0.4364,2026-10-08 11:00:00+00:00,16.0,64.0,NVIDIA L4,0.0,11.17578125,Up to 25 Gigabit,1.0,450.0,x86_64,2026-10-08,2026-10-08 20:27:06,
eu-central-1,g6f.4xlarge,Linux,eu-central-1b,0.4425,2026-10-08 11:00:00+00:00,16.0,64.0,NVIDIA L4,0.0,11.17578125,Up to 25 Gigabit,1.0,450.0,x86_64,2026-10-08,2026-10-08 20:27:06,
eu-central-1,g6f.large,Linux,eu-central-1b,0.0835,2026-10-08 11:00:00+00:00,2.0,8.0,NVIDIA L4,0.0,2.7939453125,Up to 10 Gigabit,1.0,100.0,x86_64,2026-10-08,2026-10-08 20:27:06,
eu-central-1,g7e.12xlarge,Linux,eu-central-1a,5.4067,2026-10-08 11:00:00+00:00,48.0,512.0,NVIDIA RTX PRO Server 6000,2.0,192.0,400 Gigabit,1.0,3800.0,x86_64,2026-10-08,2026-10-08 20:27:06,2.70335
eu-central-1,g7e.24xlarge,Linux,eu-central-1a,11.8067,2026-10-08 11:00:00+00:00,96.0,1024.0,NVIDIA RTX PRO Server 6000,4.0,384.0,800 Gigabit,2.0,7600.0,x86_64,2026-10-08,2026-10-08 20:27:06,2.951675
eu-central-1,g7e.48xlarge,Linux,eu-central-1a,23.9502,2026-10-08 11:00:00+00:00,192.0,2048.0,NVIDIA RTX PRO Server 6000,8.0,768.0,1600 Gigabit,4.0,15200.0,x86_64,2026-10-08,2026-10-08 20:27:06,2.993775
eu-central-1,g7e.4xlarge,Linux,eu-central-1a,2.8685,2026-10-08 11:00:00+00:00,16.0,128.0,NVIDIA RTX PRO Server 6000,1.0,96.0,50 Gigabit,1.0,1900.0,x86_64,2026-10-08,2026-10-08 20:27:06,2.8685
eu-central-1,gr6.4xlarge,Linux,eu-central-1a,0.7501,2026-10-08 11:00:00+00:00,16.0,128.0,NVIDIA L4,1.0,22.3515625,Up to 25 Gigabit,1.0,600.0,x86_64,2026-10-08,2026-10-08 20:27:06,0.7501
eu-central-1,g6e.4xlarge,Linux,eu-central-1b,0.4334,2026-10-08 11:00:00+00:00,16.0,128.0,NVIDIA L40S,1.0,44.703125,20 Gigabit,1.0,600.0,x86_64,2026-10-08,2026-10-08 20:27:06,0.4334
eu-central-1,g6e.2xlarge,Windows,eu-central-1c,1.1953,2026-10-08 11:00:00+00:00,8.0,64.0,NVIDIA L40S,1.0,44.703125,Up to 20 Gigabit,1.0,450.0,x86_64,2026-10-08,2026-10-08 20:27:06,1.1953
eu-central-1,g6e.24xlarge,Windows,eu-central-1c,23.2541,2026-10-08 11:00:00+00:00,96.0,768.0,NVIDIA L40S,4.0,178.8125,200 Gigabit,2.0,3800.0,x86_64,2026-10-08,2026-10-08 20:27:06,5.813525
eu-central-1,g6.xlarge,Windows,eu-central-1b,0.362,2026-10-08 11:00:00+00:00,4.0,16.0,NVIDIA L4,1.0,22.3515625,Up to 10 Gigabit,1.0,250.0,x86_64,2026-10-08,2026-10-08 20:27:06,0.362
eu-central-1,g6.xlarge,Linux,eu-central-1b,0.4788,2026-10-08 11:00:00+00:00,4.0,16.0,NVIDIA L4,1.0,22.3515625,Up to 10 Gigabit,1.0,250.0,x86_64,2026-10-08,2026-10-08 20:27:06,0.4788
eu-central-1,g6.4xlarge,Windows,eu-central-1a,1.034,2026-10-08 11:00:00+00:00,16.0,64.0,NVIDIA L4,1.0,22.3515625,Up to 25 Gigabit,1.0,600.0,x86_64,2026-10-08,2026-10-08 20:27:06,1.034
eu-central-1,g6.48xlarge,Windows,eu-central-1a,10.5015,2026-10-08 11:00:00+00:00,192.0,768.0,NVIDIA L4,8.0,178.8125,100 Gigabit,1.0,7520.0,x86_64,2026-10-08,2026-10-08 20:27:06,1.3126875
eu-central-1,g6.48xlarge,Linux,eu-central-1b,6.3494,2026-10-08 11:00:00+00:00,192.0,768.0,NVIDIA L4,8.0,178.8125,100 Gigabit,1.0,7520.0,x86_64,2026-10-08,2026-10-08 20:27:06,0.793675
eu-central-1,g6.48xlarge,Linux,eu-central-1c,6.3847,2026-10-08 11:00:00+00:00,192.0,768.0,NVIDIA L4,8.0,178.8125,100 Gigabit,1.0,7520.0,x86_64,2026-10-08,2026-10-08 20:27:06,0.7980875
eu-central-1,g6.16xlarge,Linux,eu-central-1c,1.4007,2026-10-08 11:00:00+00:00,64.0,256.0,NVIDIA L4,1.0,22.3515625,25 Gigabit,1.0,1880.0,x86_64,2026-10-08,2026-10-08 20:27:06,1.4007
eu-central-1,g6.12xlarge,Windows,eu-central-1b,3.2262,2026-10-08 11:00:00+00:00,48.0,192.0,NVIDIA L4,4.0,89.40625,40 Gigabit,1.0,3760.0,x86_64,2026-10-08,2026-10-08 20:27:06,0.80655
eu-central-1,g6.12xlarge,Windows,eu-central-1c,3.2267,2026-10-08 11:00:00+00:00,48.0,192.0,NVIDIA L4,4.0,89.40625,40 Gigabit,1.0,3760.0,x86_64,2026-10-08,2026-10-08 20:27:06,0.806675
eu-central-1,g5.xlarge,Linux,eu-central-1b,0.6223,2026-10-08 11:00:00+00:00,4.0,16.0,NVIDIA A10G,1.0,22.3515625,Up to 10 Gigabit,1.0,250.0,x86_64,2026-10-08,2026-10-08 20:27:06,0.6223
us-west-2,g6f.2xlarge,Linux,us-west-2b,0.22,2026-10-08 11:00:00+00:00,8.0,32.0,NVIDIA L4,0.0,5.587890625,Up to 10 Gigabit,1.0,200.0,x86_64,2026-10-08,2026-10-08 20:27:06,
us-west-2,g6f.2xlarge,Windows,us-west-2c,0.422,2026-10-08 11:00:00+00:00,8.0,32.0,NVIDIA L4,0.0,5.587890625,Up to 10 Gigabit,1.0,200.0,x86_64,2026-10-08,2026-10-08 20:27:06,
eu-north-1,g7e.8xlarge,Linux,eu-north-1a,0.76,2026-10-08 11:00:00+00:00,32.0,256.0,NVIDIA RTX PRO Server 6000,1.0,96.0,100 Gigabit,1.0,1900.0,x86_64,2026-10-08,2026-10-08 20:27:06,0.76
us-west-2,g7e.8xlarge,Windows,us-west-2a,2.4958,2026-10-08 11:00:00+00:00,32.0,256.0,NVIDIA RTX PRO Server 6000,1.0,96.0,100 Gigabit,1.0,1900.0,x86_64,2026-10-08,2026-10-08 20:27:06,2.4958
us-west-2,gr6.4xlarge,Windows,us-west-2c,0.9688,2026-10-08 11:00:00+00:00,16.0,128.0,NVIDIA L4,1.0,22.3515625,Up to 25 Gigabit,1.0,600.0,x86_64,2026-10-08,2026-10-08 20:27:06,0.9688
us-west-2,gr6.8xlarge,Windows,us-west-2c,2.0176,2026-10-08 11:00:00+00:00,32.0,256.0,NVIDIA L4,1.0,22.3515625,25 Gigabit,1.0,900.0,x86_64,2026-10-08,2026-10-08 20:27:06,2.0176
us-west-2,inf1.2xlarge,Linux,us-west-2a,0.0894,2026-10-08 11:00:00+00:00,8.0,16.0,Inferentia,1.0,8.0,Up to 25 Gigabit,1.0,0.0,x86_64,2026-10-08,2026-10-08 20:27:06,0.0894
us-west-2,inf1.2xlarge,Linux,us-west-2c,0.0725,2026-10-08 11:00:00+00:00,8.0,16.0,Inferentia,1.0,8.0,Up to 25 Gigabit,1.0,0.0,x86_64,2026-10-08,2026-10-08 20:27:06,0.0725
us-west-2,inf2.48xlarge,Linux,us-west-2a,2.6737,2026-10-08 11:00:00+00:00,192.0,768.0,Inferentia2,12.0,384.0,100 Gigabit,1.0,0.0,x86_64,2026-10-08,2026-10-08 20:27:06,0.22280833333333336
us-west-2,inf2.xlarge,Linux,us-west-2b,0.1854,2026-10-08 11:00:00+00:00,4.0,16.0,Inferentia2,1.0,32.0,Up to 15 Gigabit,1.0,0.0,x86_64,2026-10-08,2026-10-08 20:27:06,0.1854
us-west-2,p5.48xlarge,Linux,us-west-2c,22.6872,2026-10-08 11:00:00+00:00,192.0,2048.0,NVIDIA H100,8.0,640.0,3200 Gigabit,32.0,30400.0,x86_64,2026-10-08,2026-10-08 20:27:06,2.8359
us-west-2,p5.4xlarge,Windows,us-west-2c,4.3281,2026-10-08 11:00:00+00:00,16.0,256.0,NVIDIA H100,1.0,80.0,100 Gigabit,1.0,3800.0,x86_64,2026-10-08,2026-10-08 20:27:06,4.3281
us-west-2,g6.4xlarge,Linux,us-west-2c,0.7771,2026-10-08 11:00:00+00:00,16.0,64.0,NVIDIA L4,1.0,22.3515625,Up to 25 Gigabit,1.0,600.0,x86_64,2026-10-08,2026-10-08 20:27:06,0.7771
us-west-2,g6.48xlarge,Windows,us-west-2d,10.687,2026-10-08 11:00:00+00:00,192.0,768.0,NVIDIA L4,8.0,178.8125,100 Gigabit,1.0,7520.0,x86_64,2026-10-08,2026-10-08 20:27:06,1.335875
us-west-2,g6.48xlarge,Linux,us-west-2a,6.8768,2026-10-08 11:00:00+00:00,192.0,768.0,NVIDIA L4,8.0,178.8125,100 Gigabit,1.0,7520.0,x86_64,2026-10-08,2026-10-08 20:27:06,0.8596
us-west-2,g6.24xlarge,Windows,us-west-2b,6.2838,2026-10-08 11:00:00+00:00,96.0,384.0,NVIDIA L4,4.0,89.40625,50 Gigabit,1.0,3760.0,x86_64,2026-10-08,2026-10-08 20:27:06,1.57095
us-west-2,g6.16xlarge,Windows,us-west-2a,3.4294,2026-10-08 11:00:00+00:00,64.0,256.0,NVIDIA L4,1.0,22.3515625,25 Gigabit,1.0,1880.0,x86_64,2026-10-08,2026-10-08 20:27:06,3.4294
eu-north-1,p5en.48xlarge,Linux,eu-north-1a,25.4777,2026-10-08 11:00:00+00:00,192.0,2048.0,NVIDIA H200,8.0,1128.0,3200 Gigabit,16.0,30400.0,x86_64,2026-10-08,2026-10-08 20:27:06,3.1847125
eu-north-1,p5.4xlarge,Windows,eu-north-1c,1.4722,2026-10-08 11:00:00+00:00,16.0,256.0,NVIDIA H100,1.0,80.0,100 Gigabit,1.0,3800.0,x86_64,2026-10-08,2026-10-08 20:27:06,1.4722
eu-north-1,p5.48xlarge,Linux,eu-north-1c,21.5005,2026-10-08 11:00:00+00:00,192.0,2048.0,NVIDIA H100,8.0,640.0,3200 Gigabit,32.0,30400.0,x86_64,2026-10-08,2026-10-08 20:27:06,2.6875625
eu-north-1,inf2.xlarge,Linux,eu-north-1b,0.1459,2026-10-08 11:00:00+00:00,4.0,16.0,Inferentia2,1.0,32.0,Up to 15 Gigabit,1.0,0.0,x86_64,2026-10-08,2026-10-08 20:27:06,0.1459
eu-north-1,inf2.48xlarge,Linux,eu-north-1b,1.4279,2026-10-08 11:00:00+00:00,192.0,768.0,Inferentia2,12.0,384.0,100 Gigabit,1.0,0.0,x86_64,2026-10-08,2026-10-08 20:27:06,0.11899166666666666
eu-north-1,inf2.48xlarge,Linux,eu-north-1a,1.4279,2026-10-08 11:00:00+00:00,192.0,768.0,Inferentia2,12.0,384.0,100 Gigabit,1.0,0.0,x86_64,2026-10-08,2026-10-08 20:27:06,0.11899166666666666
eu-north-1,inf1.xlarge,Linux,eu-north-1c,0.0242,2026-10-08 11:00:00+00:00,4.0,8.0,Inferentia,1.0,8.0,Up to 25 Gigabit,1.0,0.0,x86_64,2026-10-08,2026-10-08 20:27:06,0.0242
eu-north-1,inf1.6xlarge,Linux,eu-north-1c,0.1254,2026-10-08 11:00:00+00:00,24.0,48.0,Inferentia,4.0,32.0,25 Gigabit,1.0,0.0,x86_64,2026-10-08,2026-10-08 20:27:06,0.03135
eu-north-1,inf1.24xlarge,Linux,eu-north-1c,4.3379,2026-10-08 11:00:00+00:00,96.0,192.0,Inferentia,16.0,128.0,100 Gigabit,1.0,0.0,x86_64,2026-10-08,2026-10-08 20:27:06,0.27111875
eu-north-1,gr6.8xlarge,Windows,eu-north-1b,1.7315,2026-10-08 11:00:00+00:00,32.0,256.0,NVIDIA L4,1.0,22.3515625,25 Gigabit,1.0,900.0,x86_64,2026-10-08,2026-10-08 20:27:06,1.7315
eu-north-1,gr6.8xlarge,Linux,eu-north-1a,0.4265,2026-10-08 11:00:00+00:00,32.0,256.0,NVIDIA L4,1.0,22.3515625,25 Gigabit,1.0,900.0,x86_64,2026-10-08,2026-10-08 20:27:06,0.4265
eu-north-1,g7e.8xlarge,Windows,eu-north-1a,2.232,2026-10-08 11:00:00+00:00,32.0,256.0,NVIDIA RTX PRO Server 6000,1.0,96.0,100 Gigabit,1.0,1900.0,x86_64,2026-10-08,2026-10-08 20:27:06,2.232
us-west-2,gr6.4xlarge,Linux,us-west-2a,0.6401,2026-10-08 11:00:00+00:00,16.0,128.0,NVIDIA L4,1.0,22.3515625,Up to 25 Gigabit,1.0,600.0,x86_64,2026-10-08,2026-10-08 20:27:06,0.6401
us-west-2,g7e.8xlarge,Linux,us-west-2d,5.2682,2026-10-08 11:00:00+00:00,32.0,256.0,NVIDIA RTX PRO Server 6000,1.0,96.0,100 Gigabit,1.0,1900.0,x86_64,2026-10-08,2026-10-08 20:27:06,5.2682
us-west-2,g6f.4xlarge,Windows,us-west-2a,0.831,2026-10-08 11:00:00+00:00,16.0,64.0,NVIDIA L4,0.0,11.17578125,Up to 25 Gigabit,1.0,450.0,x86_64,2026-10-08,2026-10-08 20:27:06,
us-west-2,g7e.8xlarge,Linux,us-west-2a,1.0028,2026-10-08 11:00:00+00:00,32.0,256.0,NVIDIA RTX PRO Server 6000,1.0,96.0,100 Gigabit,1.0,1900.0,x86_64,2026-10-08,2026-10-08 20:27:06,1.0028
us-west-2,g6f.4xlarge,Windows,us-west-2c,0.831,2026-10-08 11:00:00+00:00,16.0,64.0,NVIDIA L4,0.0,11.17578125,Up to 25 Gigabit,1.0,450.0,x86_64,2026-10-08,2026-10-08 20:27:06,
us-west-2,g6f.large,Linux,us-west-2a,0.0818,2026-10-08 11:00:00+00:00,2.0,8.0,NVIDIA L4,0.0,2.7939453125,Up to 10 Gigabit,1.0,100.0,x86_64,2026-10-08,2026-10-08 20:27:06,
us-west-2,g6f.large,Linux,us-west-2c,0.0555,2026-10-08 11:00:00+00:00,2.0,8.0,NVIDIA L4,0.0,2.7939453125,Up to 10 Gigabit,1.0,100.0,x86_64,2026-10-08,2026-10-08 20:27:06,
us-west-2,g6f.large,Windows,us-west-2c,0.1314,2026-10-08 11:00:00+00:00,2.0,8.0,NVIDIA L4,0.0,2.7939453125,Up to 10 Gigabit,1.0,100.0,x86_64,2026-10-08,2026-10-08 20:27:06,
us-west-2,g6f.xlarge,Windows,us-west-2a,0.2171,2026-10-08 11:00:00+00:00,4.0,16.0,NVIDIA L4,0.0,2.7939453125,Up to 10 Gigabit,1.0,100.0,x86_64,2026-10-08,2026-10-08 20:27:06,
us-west-2,g7.12xlarge,Linux,us-west-2a,2.088,2026-10-08 11:00:00+00:00,48.0,192.0,NVIDIA RTX PRO 4500,2.0,64.0,175 Gigabit,1.0,1900.0,x86_64,2026-10-08,2026-10-08 20:27:06,1.044
us-west-2,g7.12xlarge,Linux,us-west-2c,1.8046,2026-10-08 11:00:00+00:00,48.0,192.0,NVIDIA RTX PRO 4500,2.0,64.0,175 Gigabit,1.0,1900.0,x86_64,2026-10-08,2026-10-08 20:27:06,0.9023
us-west-2,g7.12xlarge,Windows,us-west-2b,3.1969,2026-10-08 11:00:00+00:00,48.0,192.0,NVIDIA RTX PRO 4500,2.0,64.0,175 Gigabit,1.0,1900.0,x86_64,2026-10-08,2026-10-08 20:27:06,1.59845
us-west-2,g7.24xlarge,Linux,us-west-2c,4.2002,2026-10-08 11:00:00+00:00,96.0,384.0,NVIDIA RTX PRO 4500,4.0,128.0,350 Gigabit,1.0,3800.0,x86_64,2026-10-08,2026-10-08 20:27:06,1.05005
us-west-2,g7.24xlarge,Linux,us-west-2d,4.1902,2026-10-08 11:00:00+00:00,96.0,384.0,NVIDIA RTX PRO 4500,4.0,128.0,350 Gigabit,1.0,3800.0,x86_64,2026-10-08,2026-10-08 20:27:06,1.04755
us-west-2,g7.2xlarge,Linux,us-west-2b,0.7877,2026-10-08 11:00:00+00:00,8.0,32.0,NVIDIA RTX PRO 4500,1.0,32.0,Up to 60 Gigabit,1.0,440.0,x86_64,2026-10-08,2026-10-08 20:27:06,0.7877
us-west-2,g7.48xlarge,Linux,us-west-2b,6.9377,2026-10-08 11:00:00+00:00,192.0,768.0,NVIDIA RTX PRO 4500,8.0,256.0,700 Gigabit,2.0,7600.0,x86_64,2026-10-08,2026-10-08 20:27:06,0.8672125
us-west-2,g7.48xlarge,Windows,us-west-2d,11.9225,2026-10-08 11:00:00+00:00,192.0,768.0,NVIDIA RTX PRO 4500,8.0,256.0,700 Gigabit,2.0,7600.0,x86_64,2026-10-08,2026-10-08 20:27:06,1.4903125
us-west-2,g7.4xlarge,Windows,us-west-2a,1.1578,2026-10-08 11:00:00+00:00,16.0,64.0,NVIDIA RTX PRO 4500,1.0,32.0,Up to 100 Gigabit,1.0,875.0,x86_64,2026-10-08,2026-10-08 20:27:06,1.1578
us-west-2,g7.4xlarge,Windows,us-west-2d,1.123,2026-10-08 11:00:00+00:00,16.0,64.0,NVIDIA RTX PRO 4500,1.0,32.0,Up to 100 Gigabit,1.0,875.0,x86_64,2026-10-08,2026-10-08 20:27:06,1.123
us-west-2,g7e.12xlarge,Linux,us-west-2a,8.2861,2026-10-08 11:00:00+00:00,48.0,512.0,NVIDIA RTX PRO Server 6000,2.0,192.0,400 Gigabit,1.0,3800.0,x86_64,2026-10-08,2026-10-08 20:27:06,4.14305
us-west-2,g7e.12xlarge,Linux,us-west-2c,6.4529,2026-10-08 11:00:00+00:00,48.0,512.0,NVIDIA RTX PRO Server 6000,2.0,192.0,400 Gigabit,1.0,3800.0,x86_64,2026-10-08,2026-10-08 20:27:06,3.22645
us-west-2,g7e.12xlarge,Linux,us-west-2d,8.2861,2026-10-08 11:00:00+00:00,48.0,512.0,NVIDIA RTX PRO Server 6000,2.0,192.0,400 Gigabit,1.0,3800.0,x86_64,2026-10-08,2026-10-08 20:27:06,4.14305
us-west-2,g7e.12xlarge,Windows,us-west-2a,10.4941,2026-10-08 11:00:00+00:00,48.0,512.0,NVIDIA RTX PRO Server 6000,2.0,192.0,400 Gigabit,1.0,3800.0,x86_64,2026-10-08,2026-10-08 20:27:06,5.24705
us-west-2,g7e.24xlarge,Linux,us-west-2d,10.5653,2026-10-08 11:00:00+00:00,96.0,1024.0,NVIDIA RTX PRO Server 6000,4.0,384.0,800 Gigabit,2.0,7600.0,x86_64,2026-10-08,2026-10-08 20:27:06,2.641325
us-west-2,g7e.24xlarge,Windows,us-west-2a,20.9882,2026-10-08 11:00:00+00:00,96.0,1024.0,NVIDIA RTX PRO Server 6000,4.0,384.0,800 Gigabit,2.0,7600.0,x86_64,2026-10-08,2026-10-08 20:27:06,5.24705
us-west-2,g7e.24xlarge,Windows,us-west-2c,6.7302,2026-10-08 11:00:00+00:00,96.0,1024.0,NVIDIA RTX PRO Server 6000,4.0,384.0,800 Gigabit,2.0,7600.0,x86_64,2026-10-08,2026-10-08 20:27:06,1.68255
us-west-2,g7e.2xlarge,Linux,us-west-2d,3.3631,2026-10-08 11:00:00+00:00,8.0,64.0,NVIDIA RTX PRO Server 6000,1.0,96.0,50 Gigabit,1.0,1900.0,x86_64,2026-10-08,2026-10-08 20:27:06,3.3631
us-west-2,g7e.2xlarge,Windows,us-west-2d,3.7311,2026-10-08 11:00:00+00:00,8.0,64.0,NVIDIA RTX PRO Server 6000,1.0,96.0,50 Gigabit,1.0,1900.0,x86_64,2026-10-08,2026-10-08 20:27:06,3.7311
us-west-2,g7e.4xlarge,Linux,us-west-2b,3.3394,2026-10-08 11:00:00+00:00,16.0,128.0,NVIDIA RTX PRO Server 6000,1.0,96.0,50 Gigabit,1.0,1900.0,x86_64,2026-10-08,2026-10-08 20:27:06,3.3394
eu-west-1,g5.2xlarge,Linux,eu-west-1a,1.2334,2026-10-08 11:00:00+00:00,8.0,32.0,NVIDIA A10G,1.0,22.3515625,Up to 10 Gigabit,1.0,450.0,x86_64,2026-10-08,2026-10-08 20:27:06,1.2334
us-east-1,g5g.8xlarge,Linux,us-east-1b,0.8637,2026-10-08 11:00:00+00:00,32.0,64.0,NVIDIA T4g,1.0,16.0,12 Gigabit,1.0,0.0,arm64,2026-10-08,2026-10-08 20:27:06,0.8637
eu-west-1,g4dn.metal,Windows,eu-west-1a,5.2884,2026-10-08 11:00:00+00:00,96.0,384.0,NVIDIA T4,8.0,128.0,100 Gigabit,1.0,1800.0,x86_64,2026-10-08,2026-10-08 20:27:06,0.66105
us-east-1,g5.8xlarge,Windows,us-east-1c,1.8852,2026-10-08 11:00:00+00:00,32.0,128.0,NVIDIA A10G,1.0,22.3515625,25 Gigabit,1.0,900.0,x86_64,2026-10-08,2026-10-08 20:27:06,1.8852
us-east-1,g4dn.8xlarge,Linux,us-east-1b,0.8714,2026-10-08 11:00:00+00:00,32.0,128.0,NVIDIA T4,1.0,16.0,50 Gigabit,1.0,900.0,x86_64,2026-10-08,2026-10-08 20:27:06,0.8714
us-east-1,g4dn.xlarge,Linux,us-east-1a,0.29,2026-10-08 11:00:00+00:00,4.0,16.0,NVIDIA T4,1.0,16.0,Up to 25 Gigabit,1.0,125.0,x86_64,2026-10-08,2026-10-08 20:27:06,0.29
us-east-1,g4dn.xlarge,Linux,us-east-1d,0.3043,2026-10-08 11:00:00+00:00,4.0,16.0,NVIDIA T4,1.0,16.0,Up to 25 Gigabit,1.0,125.0,x86_64,2026-10-08,2026-10-08 20:27:06,0.3043
us-east-1,g4dn.xlarge,Windows,us-east-1b,0.2366,2026-10-08 11:00:00+00:00,4.0,16.0,NVIDIA T4,1.0,16.0,Up to 25 Gigabit,1.0,125.0,x86_64,2026-10-08,2026-10-08 20:27:06,0.2366
us-east-1,g5.12xlarge,Linux,us-east-1b,3.4429,2026-10-08 11:00:00+00:00,48.0,192.0,NVIDIA A10G,4.0,89.40625,40 Gigabit,1.0,3800.0,x86_64,2026-10-08,2026-10-08 20:27:06,0.860725
us-east-1,g5.12xlarge,Linux,us-east-1f,5.2116,2026-10-08 11:00:00+00:00,48.0,192.0,NVIDIA A10G,4.0,89.40625,40 Gigabit,1.0,3800.0,x86_64,2026-10-08,2026-10-08 20:27:06,1.3029
us-east-1,g5.16xlarge,Linux,us-east-1d,2.3655,2026-10-08 11:00:00+00:00,64.0,256.0,NVIDIA A10G,1.0,22.3515625,25 Gigabit,1.0,1900.0,x86_64,2026-10-08,2026-10-08 20:27:06,2.3655
us-east-1,g5.24xlarge,Linux,us-east-1a,5.7974,2026-10-08 11:00:00+00:00,96.0,384.0,NVIDIA A10G,4.0,89.40625,50 Gigabit,1.0,3800.0,x86_64,2026-10-08,2026-10-08 20:27:06,1.44935
us-east-1,g5.24xlarge,Linux,us-east-1f,4.5105,2026-10-08 11:00:00+00:00,96.0,384.0,NVIDIA A10G,4.0,89.40625,50 Gigabit,1.0,3800.0,x86_64,2026-10-08,2026-10-08 20:27:06,1.127625
us-east-1,g5.2xlarge,Linux,us-east-1d,0.7479,2026-10-08 11:00:00+00:00,8.0,32.0,NVIDIA A10G,1.0,22.3515625,Up to 10 Gigabit,1.0,450.0,x86_64,2026-10-08,2026-10-08 20:27:06,0.7479
us-east-1,g5.48xlarge,Windows,us-east-1c,13.1699,2026-10-08 11:00:00+00:00,192.0,768.0,NVIDIA A10G,8.0,178.8125,100 Gigabit,1.0,7600.0,x86_64,2026-10-08,2026-10-08 20:27:06,1.6462375
us-east-1,g5.4xlarge,Windows,us-east-1a,0.8984,2026-10-08 11:00:00+00:00,16.0,64.0,NVIDIA A10G,1.0,22.3515625,Up to 25 Gigabit,1.0,600.0,x86_64,2026-10-08,2026-10-08 20:27:06,0.8984
us-east-1,g5.4xlarge,Windows,us-east-1b,0.8984,2026-10-08 11:00:00+00:00,16.0,64.0,NVIDIA A10G,1.0,22.3515625,Up to 25 Gigabit,1.0,600.0,x86_64,2026-10-08,2026-10-08 20:27:06,0.8984
us-east-1,g5.8xlarge,Linux,us-east-1d,1.1922,2026-10-08 11:00:00+00:00,32.0,128.0,NVIDIA A10G,1.0,22.3515625,25 Gigabit,1.0,900.0,x86_64,2026-10-08,2026-10-08 20:27:06,1.1922
us-east-1,g5.xlarge,Linux,us-east-1c,0.4841,2026-10-08 11:00:00+00:00,4.0,16.0,NVIDIA A10G,1.0,22.3515625,Up to 10 Gigabit,1.0,250.0,x86_64,2026-10-08,2026-10-08 20:27:06,0.4841
us-east-1,g4dn.16xlarge,Windows,us-east-1a,3.6011,2026-10-08 11:00:00+00:00,64.0,256.0,NVIDIA T4,1.0,16.0,50 Gigabit,1.0,900.0,x86_64,2026-10-08,2026-10-08 20:27:06,3.6011
us-east-1,g5.xlarge,Linux,us-east-1f,0.5002,2026-10-08 11:00:00+00:00,4.0,16.0,NVIDIA A10G,1.0,22.3515625,Up to 10 Gigabit,1.0,250.0,x86_64,2026-10-08,2026-10-08 20:27:06,0.5002
us-east-1,g5.xlarge,Linux,us-east-1d,0.414,2026-10-08 11:00:00+00:00,4.0,16.0,NVIDIA A10G,1.0,22.3515625,Up to 10 Gigabit,1.0,250.0,x86_64,2026-10-08,2026-10-08 20:27:06,0.414
us-east-1,g5.xlarge,Windows,us-east-1a,0.2846,2026-10-08 11:00:00+00:00,4.0,16.0,NVIDIA A10G,1.0,22.3515625,Up to 10 Gigabit,1.0,250.0,x86_64,2026-10-08,2026-10-08 20:27:06,0.2846
us-east-1,g5.xlarge,Windows,us-east-1c,0.2846,2026-10-08 11:00:00+00:00,4.0,16.0,NVIDIA A10G,1.0,22.3515625,Up to 10 Gigabit,1.0,250.0,x86_64,2026-10-08,2026-10-08 20:27:06,0.2846
us-east-1,g5g.2xlarge,Linux,us-east-1b,0.3063,2026-10-08 11:00:00+00:00,8.0,16.0,NVIDIA T4g,1.0,16.0,Up to 10 Gigabit,1.0,0.0,arm64,2026-10-08,2026-10-08 20:27:06,0.3063
us-east-1,g5g.2xlarge,Linux,us-east-1d,0.2921,2026-10-08 11:00:00+00:00,8.0,16.0,NVIDIA T4g,1.0,16.0,Up to 10 Gigabit,1.0,0.0,arm64,2026-10-08,2026-10-08 20:27:06,0.2921
us-east-1,g5g.4xlarge,Linux,us-east-1a,0.4053,2026-10-08 11:00:00+00:00,16.0,32.0,NVIDIA T4g,1.0,16.0,Up to 10 Gigabit,1.0,0.0,arm64,2026-10-08,2026-10-08 20:27:06,0.4053
us-east-1,g5g.4xlarge,Linux,us-east-1b,0.2951,2026-10-08 11:00:00+00:00,16.0,32.0,NVIDIA T4g,1.0,16.0,Up to 10 Gigabit,1.0,0.0,arm64,2026-10-08,2026-10-08 20:27:06,0.2951
us-east-1,p5en.48xlarge,Linux,us-east-1b,38.4531,2026-10-08 11:00:00+00:00,192.0,2048.0,NVIDIA H200,8.0,1128.0,3200 Gigabit,16.0,30400.0,x86_64,2026-10-08,2026-10-08 20:27:06,4.8066375
us-east-1,p5.4xlarge,Windows,us-east-1e,4.4447,2026-10-08 11:00:00+00:00,16.0,256.0,NVIDIA H100,1.0,80.0,100 Gigabit,1.0,3800.0,x86_64,2026-10-08,2026-10-08 20:27:06,4.4447
us-east-1,p5.4xlarge,Linux,us-east-1d,3.6347,2026-10-08 11:00:00+00:00,16.0,256.0,NVIDIA H100,1.0,80.0,100 Gigabit,1.0,3800.0,x86_64,2026-10-08,2026-10-08 20:27:06,3.6347
us-east-1,p4d.24xlarge,Linux,us-east-1c,18.3557,2026-10-08 11:00:00+00:00,96.0,1152.0,NVIDIA A100,8.0,320.0,4x 100 Gigabit,4.0,8000.0,x86_64,2026-10-08,2026-10-08 20:27:06,2.2944625
us-east-1,p3dn.24xlarge,Windows,us-east-1d,7.5372,2026-10-08 11:00:00+00:00,96.0,768.0,NVIDIA V100,8.0,256.0,100 Gigabit,1.0,1800.0,x86_64,2026-10-08,2026-10-08 20:27:06,0.94215
us-east-1,p3dn.24xlarge,Windows,us-east-1a,7.5372,2026-10-08 11:00:00+00:00,96.0,768.0,NVIDIA V100,8.0,256.0,100 Gigabit,1.0,1800.0,x86_64,2026-10-08,2026-10-08 20:27:06,0.94215
us-east-1,g4dn.4xlarge,Windows,us-east-1a,0.8564,2026-10-08 11:00:00+00:00,16.0,64.0,NVIDIA T4,1.0,16.0,Up to 25 Gigabit,1.0,225.0,x86_64,2026-10-08,2026-10-08 20:27:06,0.8564
us-east-1,g4dn.12xlarge,Windows,us-east-1b,2.6332,2026-10-08 11:00:00+00:00,48.0,192.0,NVIDIA T4,4.0,64.0,50 Gigabit,1.0,900.0,x86_64,2026-10-08,2026-10-08 20:27:06,0.6583
us-east-1,inf2.xlarge,Linux,us-east-1d,0.1856,2026-10-08 11:00:00+00:00,4.0,16.0,Inferentia2,1.0,32.0,Up to 15 Gigabit,1.0,0.0,x86_64,2026-10-08,2026-10-08 20:27:06,0.1856
sa-east-1,g6.16xlarge,Windows,sa-east-1b,3.5214,2026-10-08 11:00:00+00:00,64.0,256.0,NVIDIA L4,1.0,22.3515625,25 Gigabit,1.0,1880.0,x86_64,2026-10-08,2026-10-08 20:27:06,3.5214
us-east-2,g7e.48xlarge,Windows,us-east-2c,23.7472,2026-10-08 11:00:00+00:00,192.0,2048.0,NVIDIA RTX PRO Server 6000,8.0,768.0,1600 Gigabit,4.0,15200.0,x86_64,2026-10-08,2026-10-08 20:27:06,2.9684
us-east-2,g7e.4xlarge,Windows,us-east-2a,2.5355,2026-10-08 11:00:00+00:00,16.0,128.0,NVIDIA RTX PRO Server 6000,1.0,96.0,50 Gigabit,1.0,1900.0,x86_64,2026-10-08,2026-10-08 20:27:06,2.5355
us-east-2,g7e.4xlarge,Windows,us-east-2c,4.3343,2026-10-08 11:00:00+00:00,16.0,128.0,NVIDIA RTX PRO Server 6000,1.0,96.0,50 Gigabit,1.0,1900.0,x86_64,2026-10-08,2026-10-08 20:27:06,4.3343
us-east-2,gr6f.4xlarge,Linux,us-east-2c,0.1762,2026-10-08 11:00:00+00:00,16.0,128.0,NVIDIA L4,0.0,11.17578125,Up to 25 Gigabit,1.0,450.0,x86_64,2026-10-08,2026-10-08 20:27:06,
us-east-2,inf1.2xlarge,Linux,us-east-2a,0.0697,2026-10-08 11:00:00+00:00,8.0,16.0,Inferentia,1.0,8.0,Up to 25 Gigabit,1.0,0.0,x86_64,2026-10-08,2026-10-08 20:27:06,0.0697
us-east-2,inf1.6xlarge,Linux,us-east-2a,0.1811,2026-10-08 11:00:00+00:00,24.0,48.0,Inferentia,4.0,32.0,25 Gigabit,1.0,0.0,x86_64,2026-10-08,2026-10-08 20:27:06,0.045275
us-east-2,inf1.6xlarge,Linux,us-east-2b,0.2098,2026-10-08 11:00:00+00:00,24.0,48.0,Inferentia,4.0,32.0,25 Gigabit,1.0,0.0,x86_64,2026-10-08,2026-10-08 20:27:06,0.05245
us-east-2,inf1.xlarge,Linux,us-east-2b,0.0255,2026-10-08 11:00:00+00:00,4.0,8.0,Inferentia,1.0,8.0,Up to 25 Gigabit,1.0,0.0,x86_64,2026-10-08,2026-10-08 20:27:06,0.0255
us-east-2,inf1.xlarge,Linux,us-east-2c,0.0228,2026-10-08 11:00:00+00:00,4.0,8.0,Inferentia,1.0,8.0,Up to 25 Gigabit,1.0,0.0,x86_64,2026-10-08,2026-10-08 20:27:06,0.0228
us-east-2,inf2.48xlarge,Linux,us-east-2a,1.2981,2026-10-08 11:00:00+00:00,192.0,768.0,Inferentia2,12.0,384.0,100 Gigabit,1.0,0.0,x86_64,2026-10-08,2026-10-08 20:27:06,0.10817500000000001
us-east-2,inf2.8xlarge,Linux,us-east-2c,0.2061,2026-10-08 11:00:00+00:00,32.0,128.0,Inferentia2,1.0,32.0,Up to 25 Gigabit,1.0,0.0,x86_64,2026-10-08,2026-10-08 20:27:06,0.2061
us-east-2,inf2.xlarge,Linux,us-east-2c,0.0758,2026-10-08 11:00:00+00:00,4.0,16.0,Inferentia2,1.0,32.0,Up to 15 Gigabit,1.0,0.0,x86_64,2026-10-08,2026-10-08 20:27:06,0.0758
us-east-2,p4d.24xlarge,Linux,us-east-2b,7.8495,2026-10-08 11:00:00+00:00,96.0,1152.0,NVIDIA A100,8.0,320.0,4x 100 Gigabit,4.0,8000.0,x86_64,2026-10-08,2026-10-08 20:27:06,0.9811875
sa-east-1,g6.2xlarge,Linux,sa-east-1b,0.2879,2026-10-08 11:00:00+00:00,8.0,32.0,NVIDIA L4,1.0,22.3515625,Up to 10 Gigabit,1.0,450.0,x86_64,2026-10-08,2026-10-08 20:27:06,0.2879
sa-east-1,g6.12xlarge,Linux,sa-east-1b,1.1026,2026-10-08 11:00:00+00:00,48.0,192.0,NVIDIA L4,4.0,89.40625,40 Gigabit,1.0,3760.0,x86_64,2026-10-08,2026-10-08 20:27:06,0.27565
us-east-1,g4dn.12xlarge,Linux,us-east-1f,1.2645,2026-10-08 11:00:00+00:00,48.0,192.0,NVIDIA T4,4.0,64.0,50 Gigabit,1.0,900.0,x86_64,2026-10-08,2026-10-08 20:27:06,0.316125
sa-east-1,g5.xlarge,Windows,sa-east-1b,0.5122,2026-10-08 11:00:00+00:00,4.0,16.0,NVIDIA A10G,1.0,22.3515625,Up to 10 Gigabit,1.0,250.0,x86_64,2026-10-08,2026-10-08 20:27:06,0.5122
sa-east-1,g5.xlarge,Windows,sa-east-1a,0.5224,2026-10-08 11:00:00+00:00,4.0,16.0,NVIDIA A10G,1.0,22.3515625,Up to 10 Gigabit,1.0,250.0,x86_64,2026-10-08,2026-10-08 20:27:06,0.5224
sa-east-1,g5.8xlarge,Linux,sa-east-1a,3.5335,2026-10-08 11:00:00+00:00,32.0,128.0,NVIDIA A10G,1.0,22.3515625,25 Gigabit,1.0,900.0,x86_64,2026-10-08,2026-10-08 20:27:06,3.5335
sa-east-1,g5.4xlarge,Windows,sa-east-1a,1.2692,2026-10-08 11:00:00+00:00,16.0,64.0,NVIDIA A10G,1.0,22.3515625,Up to 25 Gigabit,1.0,600.0,x86_64,2026-10-08,2026-10-08 20:27:06,1.2692
sa-east-1,g5.48xlarge,Linux,sa-east-1b,23.5104,2026-10-08 11:00:00+00:00,192.0,768.0,NVIDIA A10G,8.0,178.8125,100 Gigabit,1.0,7600.0,x86_64,2026-10-08,2026-10-08 20:27:06,2.9388
sa-east-1,g5.2xlarge,Linux,sa-east-1a,0.3827,2026-10-08 11:00:00+00:00,8.0,32.0,NVIDIA A10G,1.0,22.3515625,Up to 10 Gigabit,1.0,450.0,x86_64,2026-10-08,2026-10-08 20:27:06,0.3827
sa-east-1,g4dn.4xlarge,Linux,sa-east-1a,0.2176,2026-10-08 11:00:00+00:00,16.0,64.0,NVIDIA T4,1.0,16.0,Up to 25 Gigabit,1.0,225.0,x86_64,2026-10-08,2026-10-08 20:27:06,0.2176
sa-east-1,g4dn.2xlarge,Windows,sa-east-1a,0.4958,2026-10-08 11:00:00+00:00,8.0,32.0,NVIDIA T4,1.0,16.0,Up to 25 Gigabit,1.0,225.0,x86_64,2026-10-08,2026-10-08 20:27:06,0.4958
sa-east-1,g4dn.16xlarge,Windows,sa-east-1b,3.6837,2026-10-08 11:00:00+00:00,64.0,256.0,NVIDIA T4,1.0,16.0,50 Gigabit,1.0,900.0,x86_64,2026-10-08,2026-10-08 20:27:06,3.6837
sa-east-1,g4dn.16xlarge,Linux,sa-east-1c,0.7397,2026-10-08 11:00:00+00:00,64.0,256.0,NVIDIA T4,1.0,16.0,50 Gigabit,1.0,900.0,x86_64,2026-10-08,2026-10-08 20:27:06,0.7397
sa-east-1,g4dn.12xlarge,Linux,sa-east-1b,1.929,2026-10-08 11:00:00+00:00,48.0,192.0,NVIDIA T4,4.0,64.0,50 Gigabit,1.0,900.0,x86_64,2026-10-08,2026-10-08 20:27:06,0.48225
us-east-2,p4d.24xlarge,Linux,us-east-2c,19.0619,2026-10-08 11:00:00+00:00,96.0,1152.0,NVIDIA A100,8.0,320.0,4x 100 Gigabit,4.0,8000.0,x86_64,2026-10-08,2026-10-08 20:27:06,2.3827375
us-east-2,p6-b200.48xlarge,Linux,us-east-2b,62.3948,2026-10-08 11:00:00+00:00,192.0,2048.0,NVIDIA B200,8.0,1432.4921875,3200 Gigabit,8.0,30400.0,x86_64,2026-10-08,2026-10-08 20:27:06,7.79935
us-east-1,g4dn.12xlarge,Linux,us-east-1c,1.6,2026-10-08 11:00:00+00:00,48.0,192.0,NVIDIA T4,4.0,64.0,50 Gigabit,1.0,900.0,x86_64,2026-10-08,2026-10-08 20:27:06,0.4
us-east-1,p3dn.24xlarge,Linux,us-east-1a,3.5823,2026-10-08 11:00:00+00:00,96.0,768.0,NVIDIA V100,8.0,256.0,100 Gigabit,1.0,1800.0,x86_64,2026-10-08,2026-10-08 20:27:06,0.4477875
us-east-1,inf2.48xlarge,Linux,us-east-1f,8.4684,2026-10-08 11:00:00+00:00,192.0,768.0,Inferentia2,12.0,384.0,100 Gigabit,1.0,0.0,x86_64,2026-10-08,2026-10-08 20:27:06,0.7057000000000001
us-east-2,g7e.24xlarge,Windows,us-east-2a,11.8735,2026-10-08 11:00:00+00:00,96.0,1024.0,NVIDIA RTX PRO Server 6000,4.0,384.0,800 Gigabit,2.0,7600.0,x86_64,2026-10-08,2026-10-08 20:27:06,2.968375
us-east-1,g6.4xlarge,Windows,us-east-1f,1.0377,2026-10-08 11:00:00+00:00,16.0,64.0,NVIDIA L4,1.0,22.3515625,Up to 25 Gigabit,1.0,600.0,x86_64,2026-10-08,2026-10-08 20:27:06,1.0377
us-east-1,g6e.4xlarge,Windows,us-east-1b,1.6794,2026-10-08 11:00:00+00:00,16.0,128.0,NVIDIA L40S,1.0,44.703125,20 Gigabit,1.0,600.0,x86_64,2026-10-08,2026-10-08 20:27:06,1.6794
us-east-1,g6e.4xlarge,Linux,us-east-1c,2.4525,2026-10-08 11:00:00+00:00,16.0,128.0,NVIDIA L40S,1.0,44.703125,20 Gigabit,1.0,600.0,x86_64,2026-10-08,2026-10-08 20:27:06,2.4525
us-east-1,g6e.4xlarge,Linux,us-east-1a,2.1251,2026-10-08 11:00:00+00:00,16.0,128.0,NVIDIA L40S,1.0,44.703125,20 Gigabit,1.0,600.0,x86_64,2026-10-08,2026-10-08 20:27:06,2.1251
us-east-1,g6e.48xlarge,Linux,us-east-1c,24.236,2026-10-08 11:00:00+00:00,192.0,1536.0,NVIDIA L40S,8.0,357.625,400 Gigabit,4.0,7600.0,x86_64,2026-10-08,2026-10-08 20:27:06,3.0295
us-east-1,g6e.48xlarge,Linux,us-east-1b,22.7185,2026-10-08 11:00:00+00:00,192.0,1536.0,NVIDIA L40S,8.0,357.625,400 Gigabit,4.0,7600.0,x86_64,2026-10-08,2026-10-08 20:27:06,2.8398125
us-east-1,g6e.16xlarge,Windows,us-east-1c,3.7678,2026-10-08 11:00:00+00:00,64.0,512.0,NVIDIA L40S,1.0,44.703125,35 Gigabit,1.0,1900.0,x86_64,2026-10-08,2026-10-08 20:27:06,3.7678
us-east-1,g6e.16xlarge,Linux,us-east-1a,2.0251,2026-10-08 11:00:00+00:00,64.0,512.0,NVIDIA L40S,1.0,44.703125,35 Gigabit,1.0,1900.0,x86_64,2026-10-08,2026-10-08 20:27:06,2.0251
us-east-1,g6e.12xlarge,Windows,us-east-1b,3.4048,2026-10-08 11:00:00+00:00,48.0,384.0,NVIDIA L40S,4.0,178.8125,100 Gigabit,1.0,3800.0,x86_64,2026-10-08,2026-10-08 20:27:06,0.8512
us-east-1,g6e.12xlarge,Linux,us-east-1d,9.2419,2026-10-08 11:00:00+00:00,48.0,384.0,NVIDIA L40S,4.0,178.8125,100 Gigabit,1.0,3800.0,x86_64,2026-10-08,2026-10-08 20:27:06,2.310475
us-east-1,g6.xlarge,Windows,us-east-1d,0.2924,2026-10-08 11:00:00+00:00,4.0,16.0,NVIDIA L4,1.0,22.3515625,Up to 10 Gigabit,1.0,250.0,x86_64,2026-10-08,2026-10-08 20:27:06,0.2924
us-east-1,g6.xlarge,Windows,us-east-1f,0.396,2026-10-08 11:00:00+00:00,4.0,16.0,NVIDIA L4,1.0,22.3515625,Up to 10 Gigabit,1.0,250.0,x86_64,2026-10-08,2026-10-08 20:27:06,0.396
us-east-1,g6.xlarge,Windows,us-east-1b,0.3375,2026-10-08 11:00:00+00:00,4.0,16.0,NVIDIA L4,1.0,22.3515625,Up to 10 Gigabit,1.0,250.0,x86_64,2026-10-08,2026-10-08 20:27:06,0.3375
us-east-1,g6.8xlarge,Windows,us-east-1c,1.7026,2026-10-08 11:00:00+00:00,32.0,128.0,NVIDIA L4,1.0,22.3515625,25 Gigabit,1.0,900.0,x86_64,2026-10-08,2026-10-08 20:27:06,1.7026
us-east-1,g6.8xlarge,Windows,us-east-1b,1.7774,2026-10-08 11:00:00+00:00,32.0,128.0,NVIDIA L4,1.0,22.3515625,25 Gigabit,1.0,900.0,x86_64,2026-10-08,2026-10-08 20:27:06,1.7774
us-east-1,g6.4xlarge,Windows,us-east-1a,1.093,2026-10-08 11:00:00+00:00,16.0,64.0,NVIDIA L4,1.0,22.3515625,Up to 25 Gigabit,1.0,600.0,x86_64,2026-10-08,2026-10-08 20:27:06,1.093
us-east-1,g6e.xlarge,Windows,us-east-1c,0.7323,2026-10-08 11:00:00+00:00,4.0,32.0,NVIDIA L40S,1.0,44.703125,Up to 20 Gigabit,1.0,250.0,x86_64,2026-10-08,2026-10-08 20:27:06,0.7323
us-east-1,g6.4xlarge,Linux,us-east-1d,0.9529,2026-10-08 11:00:00+00:00,16.0,64.0,NVIDIA L4,1.0,22.3515625,Up to 25 Gigabit,1.0,600.0,x86_64,2026-10-08,2026-10-08 20:27:06,0.9529
us-east-1,g6.4xlarge,Linux,us-east-1f,0.6672,2026-10-08 11:00:00+00:00,16.0,64.0,NVIDIA L4,1.0,22.3515625,Up to 25 Gigabit,1.0,600.0,x86_64,2026-10-08,2026-10-08 20:27:06,0.6672
us-east-1,g6.48xlarge,Windows,us-east-1d,10.167,2026-10-08 11:00:00+00:00,192.0,768.0,NVIDIA L4,8.0,178.8125,100 Gigabit,1.0,7520.0,x86_64,2026-10-08,2026-10-08 20:27:06,1.270875
us-east-1,g6.48xlarge,Linux,us-east-1a,11.1227,2026-10-08 11:00:00+00:00,192.0,768.0,NVIDIA L4,8.0,178.8125,100 Gigabit,1.0,7520.0,x86_64,2026-10-08,2026-10-08 20:27:06,1.3903375
us-east-1,g6.2xlarge,Windows,us-east-1f,0.6093,2026-10-08 11:00:00+00:00,8.0,32.0,NVIDIA L4,1.0,22.3515625,Up to 10 Gigabit,1.0,450.0,x86_64,2026-10-08,2026-10-08 20:27:06,0.6093
us-east-1,g6.2xlarge,Windows,us-east-1a,0.6054,2026-10-08 11:00:00+00:00,8.0,32.0,NVIDIA L4,1.0,22.3515625,Up to 10 Gigabit,1.0,450.0,x86_64,2026-10-08,2026-10-08 20:27:06,0.6054
us-east-1,g6.24xlarge,Windows,us-east-1f,6.5962,2026-10-08 11:00:00+00:00,96.0,384.0,NVIDIA L4,4.0,89.40625,50 Gigabit,1.0,3760.0,x86_64,2026-10-08,2026-10-08 20:27:06,1.64905
us-east-1,g6.24xlarge,Windows,us-east-1a,10.9945,2026-10-08 11:00:00+00:00,96.0,384.0,NVIDIA L4,4.0,89.40625,50 Gigabit,1.0,3760.0,x86_64,2026-10-08,2026-10-08 20:27:06,2.748625
us-east-1,g6.16xlarge,Windows,us-east-1d,3.2946,2026-10-08 11:00:00+00:00,64.0,256.0,NVIDIA L4,1.0,22.3515625,25 Gigabit,1.0,1880.0,x86_64,2026-10-08,2026-10-08 20:27:06,3.2946
us-east-1,g6.16xlarge,Windows,us-east-1c,3.3187,2026-10-08 11:00:00+00:00,64.0,256.0,NVIDIA L4,1.0,22.3515625,25 Gigabit,1.0,1880.0,x86_64,2026-10-08,2026-10-08 20:27:06,3.3187
us-east-1,g6.16xlarge,Linux,us-east-1a,1.3662,2026-10-08 11:00:00+00:00,64.0,256.0,NVIDIA L4,1.0,22.3515625,25 Gigabit,1.0,1880.0,x86_64,2026-10-08,2026-10-08 20:27:06,1.3662
us-east-1,g6.12xlarge,Windows,us-east-1d,3.8239,2026-10-08 11:00:00+00:00,48.0,192.0,NVIDIA L4,4.0,89.40625,40 Gigabit,1.0,3760.0,x86_64,2026-10-08,2026-10-08 20:27:06,0.955975
us-east-1,g6.12xlarge,Linux,us-east-1b,3.9208,2026-10-08 11:00:00+00:00,48.0,192.0,NVIDIA L4,4.0,89.40625,40 Gigabit,1.0,3760.0,x86_64,2026-10-08,2026-10-08 20:27:06,0.9802
us-east-1,g5g.metal,Linux,us-east-1c,0.6177,2026-10-08 11:00:00+00:00,64.0,128.0,NVIDIA T4g,2.0,32.0,25 Gigabit,1.0,0.0,arm64,2026-10-08,2026-10-08 20:27:06,0.30885
us-east-1,g6e.xlarge,Windows,us-east-1a,0.9217,2026-10-08 11:00:00+00:00,4.0,32.0,NVIDIA L40S,1.0,44.703125,Up to 20 Gigabit,1.0,250.0,x86_64,2026-10-08,2026-10-08 20:27:06,0.9217
us-east-1,g6f.2xlarge,Linux,us-east-1d,0.2931,2026-10-08 11:00:00+00:00,8.0,32.0,NVIDIA L4,0.0,5.587890625,Up to 10 Gigabit,1.0,200.0,x86_64,2026-10-08,2026-10-08 20:27:06,
us-east-1,inf2.48xlarge,Linux,us-east-1c,4.032,2026-10-08 11:00:00+00:00,192.0,768.0,Inferentia2,12.0,384.0,100 Gigabit,1.0,0.0,x86_64,2026-10-08,2026-10-08 20:27:06,0.336
us-east-1,g7e.12xlarge,Windows,us-east-1b,3.1941,2026-10-08 11:00:00+00:00,48.0,512.0,NVIDIA RTX PRO Server 6000,2.0,192.0,400 Gigabit,1.0,3800.0,x86_64,2026-10-08,2026-10-08 20:27:06,1.59705
us-east-1,inf2.24xlarge,Linux,us-east-1d,1.2931,2026-10-08 11:00:00+00:00,96.0,384.0,Inferentia2,6.0,192.0,50 Gigabit,1.0,0.0,x86_64,2026-10-08,2026-10-08 20:27:06,0.21551666666666666
us-east-1,inf1.6xlarge,Linux,us-east-1d,0.3045,2026-10-08 11:00:00+00:00,24.0,48.0,Inferentia,4.0,32.0,25 Gigabit,1.0,0.0,x86_64,2026-10-08,2026-10-08 20:27:06,0.076125
us-east-1,inf1.2xlarge,Linux,us-east-1f,0.1006,2026-10-08 11:00:00+00:00,8.0,16.0,Inferentia,1.0,8.0,Up to 25 Gigabit,1.0,0.0,x86_64,2026-10-08,2026-10-08 20:27:06,0.1006
us-east-1,inf1.24xlarge,Linux,us-east-1a,1.2743,2026-10-08 11:00:00+00:00,96.0,192.0,Inferentia,16.0,128.0,100 Gigabit,1.0,0.0,x86_64,2026-10-08,2026-10-08 20:27:06,0.07964375
us-east-1,gr6f.4xlarge,Windows,us-east-1d,0.8426,2026-10-08 11:00:00+00:00,16.0,128.0,NVIDIA L4,0.0,11.17578125,Up to 25 Gigabit,1.0,450.0,x86_64,2026-10-08,2026-10-08 20:27:06,
us-east-1,gr6f.4xlarge,Linux,us-east-1d,0.2023,2026-10-08 11:00:00+00:00,16.0,128.0,NVIDIA L4,0.0,11.17578125,Up to 25 Gigabit,1.0,450.0,x86_64,2026-10-08,2026-10-08 20:27:06,
us-east-1,gr6f.4xlarge,Linux,us-east-1a,0.5644,2026-10-08 11:00:00+00:00,16.0,128.0,NVIDIA L4,0.0,11.17578125,Up to 25 Gigabit,1.0,450.0,x86_64,2026-10-08,2026-10-08 20:27:06,
us-east-1,gr6.8xlarge,Windows,us-east-1b,1.7606,2026-10-08 11:00:00+00:00,32.0,256.0,NVIDIA L4,1.0,22.3515625,25 Gigabit,1.0,900.0,x86_64,2026-10-08,2026-10-08 20:27:06,1.7606
us-east-1,gr6.4xlarge,Windows,us-east-1d,1.0031,2026-10-08 11:00:00+00:00,16.0,128.0,NVIDIA L4,1.0,22.3515625,Up to 25 Gigabit,1.0,600.0,x86_64,2026-10-08,2026-10-08 20:27:06,1.0031
us-east-1,gr6.4xlarge,Windows,us-east-1a,1.2491,2026-10-08 11:00:00+00:00,16.0,128.0,NVIDIA L4,1.0,22.3515625,Up to 25 Gigabit,1.0,600.0,x86_64,2026-10-08,2026-10-08 20:27:06,1.2491
us-east-1,gr6.4xlarge,Linux,us-east-1b,0.8714,2026-10-08 11:00:00+00:00,16.0,128.0,NVIDIA L4,1.0,22.3515625,Up to 25 Gigabit,1.0,600.0,x86_64,2026-10-08,2026-10-08 20:27:06,0.8714
us-east-1,g7e.4xlarge,Linux,us-east-1b,1.9523,2026-10-08 11:00:00+00:00,16.0,128.0,NVIDIA RTX PRO Server 6000,1.0,96.0,50 Gigabit,1.0,1900.0,x86_64,2026-10-08,2026-10-08 20:27:06,1.9523
us-east-1,g7e.48xlarge,Linux,us-east-1b,26.1374,2026-10-08 11:00:00+00:00,192.0,2048.0,NVIDIA RTX PRO Server 6000,8.0,768.0,1600 Gigabit,4.0,15200.0,x86_64,2026-10-08,2026-10-08 20:27:06,3.267175
us-east-1,g7e.2xlarge,Windows,us-east-1d,1.0416,2026-10-08 11:00:00+00:00,8.0,64.0,NVIDIA RTX PRO Server 6000,1.0,96.0,50 Gigabit,1.0,1900.0,x86_64,2026-10-08,2026-10-08 20:27:06,1.0416
us-east-1,g7.8xlarge,Windows,us-east-1c,1.8806,2026-10-08 11:00:00+00:00,32.0,128.0,NVIDIA RTX PRO 4500,1.0,32.0,100 Gigabit,1.0,930.0,x86_64,2026-10-08,2026-10-08 20:27:06,1.8806
us-east-1,g6f.4xlarge,Linux,us-east-1b,0.3903,2026-10-08 11:00:00+00:00,16.0,64.0,NVIDIA L4,0.0,11.17578125,Up to 25 Gigabit,1.0,450.0,x86_64,2026-10-08,2026-10-08 20:27:06,
us-east-1,g7.8xlarge,Linux,us-east-1b,0.9639,2026-10-08 11:00:00+00:00,32.0,128.0,NVIDIA RTX PRO 4500,1.0,32.0,100 Gigabit,1.0,930.0,x86_64,2026-10-08,2026-10-08 20:27:06,0.9639
us-east-1,g7.4xlarge,Windows,us-east-1b,1.0402,2026-10-08 11:00:00+00:00,16.0,64.0,NVIDIA RTX PRO 4500,1.0,32.0,Up to 100 Gigabit,1.0,875.0,x86_64,2026-10-08,2026-10-08 20:27:06,1.0402
us-east-1,g7.4xlarge,Linux,us-east-1b,0.718,2026-10-08 11:00:00+00:00,16.0,64.0,NVIDIA RTX PRO 4500,1.0,32.0,Up to 100 Gigabit,1.0,875.0,x86_64,2026-10-08,2026-10-08 20:27:06,0.718
us-east-1,g7.4xlarge,Linux,us-east-1a,0.8395,2026-10-08 11:00:00+00:00,16.0,64.0,NVIDIA RTX PRO 4500,1.0,32.0,Up to 100 Gigabit,1.0,875.0,x86_64,2026-10-08,2026-10-08 20:27:06,0.8395
us-east-1,g7.48xlarge,Linux,us-east-1b,4.825,2026-10-08 11:00:00+00:00,192.0,768.0,NVIDIA RTX PRO 4500,8.0,256.0,700 Gigabit,2.0,7600.0,x86_64,2026-10-08,2026-10-08 20:27:06,0.603125
us-east-1,g7.24xlarge,Windows,us-east-1d,5.8417,2026-10-08 11:00:00+00:00,96.0,384.0,NVIDIA RTX PRO 4500,4.0,128.0,350 Gigabit,1.0,3800.0,x86_64,2026-10-08,2026-10-08 20:27:06,1.460425
us-east-1,g7.24xlarge,Windows,us-east-1c,5.8417,2026-10-08 11:00:00+00:00,96.0,384.0,NVIDIA RTX PRO 4500,4.0,128.0,350 Gigabit,1.0,3800.0,x86_64,2026-10-08,2026-10-08 20:27:06,1.460425
us-east-1,g7.24xlarge,Linux,us-east-1c,2.1018,2026-10-08 11:00:00+00:00,96.0,384.0,NVIDIA RTX PRO 4500,4.0,128.0,350 Gigabit,1.0,3800.0,x86_64,2026-10-08,2026-10-08 20:27:06,0.52545
us-east-1,g7.12xlarge,Windows,us-east-1b,2.9208,2026-10-08 11:00:00+00:00,48.0,192.0,NVIDIA RTX PRO 4500,2.0,64.0,175 Gigabit,1.0,1900.0,x86_64,2026-10-08,2026-10-08 20:27:06,1.4604
us-east-1,g6f.xlarge,Windows,us-east-1d,0.2078,2026-10-08 11:00:00+00:00,4.0,16.0,NVIDIA L4,0.0,2.7939453125,Up to 10 Gigabit,1.0,100.0,x86_64,2026-10-08,2026-10-08 20:27:06,
us-east-1,g6f.xlarge,Linux,us-east-1d,0.0939,2026-10-08 11:00:00+00:00,4.0,16.0,NVIDIA L4,0.0,2.7939453125,Up to 10 Gigabit,1.0,100.0,x86_64,2026-10-08,2026-10-08 20:27:06,
us-east-1,g6f.large,Linux,us-east-1d,0.0618,2026-10-08 11:00:00+00:00,2.0,8.0,NVIDIA L4,0.0,2.7939453125,Up to 10 Gigabit,1.0,100.0,x86_64,2026-10-08,2026-10-08 20:27:06,
us-east-1,g6f.large,Linux,us-east-1c,0.0759,2026-10-08 11:00:00+00:00,2.0,8.0,NVIDIA L4,0.0,2.7939453125,Up to 10 Gigabit,1.0,100.0,x86_64,2026-10-08,2026-10-08 20:27:06,
us-east-1,g6f.large,Linux,us-east-1a,0.0936,2026-10-08 11:00:00+00:00,2.0,8.0,NVIDIA L4,0.0,2.7939453125,Up to 10 Gigabit,1.0,100.0,x86_64,2026-10-08,2026-10-08 20:27:06,
us-east-2,g7e.48xlarge,Linux,us-east-2a,17.2596,2026-10-08 11:00:00+00:00,192.0,2048.0,NVIDIA RTX PRO Server 6000,8.0,768.0,1600 Gigabit,4.0,15200.0,x86_64,2026-10-08,2026-10-08 20:27:06,2.15745
us-east-2,g7e.24xlarge,Linux,us-east-2c,12.0843,2026-10-08 11:00:00+00:00,96.0,1024.0,NVIDIA RTX PRO Server 6000,4.0,384.0,800 Gigabit,2.0,7600.0,x86_64,2026-10-08,2026-10-08 20:27:06,3.021075
eu-west-1,g4dn.metal,Linux,eu-west-1a,4.184,2026-10-08 11:00:00+00:00,96.0,384.0,NVIDIA T4,8.0,128.0,100 Gigabit,1.0,1800.0,x86_64,2026-10-08,2026-10-08 20:27:06,0.523
us-east-2,g4dn.12xlarge,Windows,us-east-2a,3.9684,2026-10-08 11:00:00+00:00,48.0,192.0,NVIDIA T4,4.0,64.0,50 Gigabit,1.0,900.0,x86_64,2026-10-08,2026-10-08 20:27:06,0.9921
eu-west-2,g5.16xlarge,Linux,eu-west-2a,1.1069,2026-10-08 11:00:00+00:00,64.0,256.0,NVIDIA A10G,1.0,22.3515625,25 Gigabit,1.0,1900.0,x86_64,2026-10-08,2026-10-08 20:27:06,1.1069
eu-west-2,g5.12xlarge,Windows,eu-west-2b,8.4801,2026-10-08 11:00:00+00:00,48.0,192.0,NVIDIA A10G,4.0,89.40625,40 Gigabit,1.0,3800.0,x86_64,2026-10-08,2026-10-08 20:27:06,2.120025
us-east-1,g5g.8xlarge,Linux,us-east-1d,0.6148,2026-10-08 11:00:00+00:00,32.0,64.0,NVIDIA T4g,1.0,16.0,12 Gigabit,1.0,0.0,arm64,2026-10-08,2026-10-08 20:27:06,0.6148
eu-west-2,g4dn.xlarge,Windows,eu-west-2b,0.2474,2026-10-08 11:00:00+00:00,4.0,16.0,NVIDIA T4,1.0,16.0,Up to 25 Gigabit,1.0,125.0,x86_64,2026-10-08,2026-10-08 20:27:06,0.2474
eu-west-2,g4dn.xlarge,Linux,eu-west-2c,0.1978,2026-10-08 11:00:00+00:00,4.0,16.0,NVIDIA T4,1.0,16.0,Up to 25 Gigabit,1.0,125.0,x86_64,2026-10-08,2026-10-08 20:27:06,0.1978
eu-west-2,g4dn.4xlarge,Linux,eu-west-2c,0.4195,2026-10-08 11:00:00+00:00,16.0,64.0,NVIDIA T4,1.0,16.0,Up to 25 Gigabit,1.0,225.0,x86_64,2026-10-08,2026-10-08 20:27:06,0.4195
eu-west-2,g4dn.2xlarge,Linux,eu-west-2b,0.2871,2026-10-08 11:00:00+00:00,8.0,32.0,NVIDIA T4,1.0,16.0,Up to 25 Gigabit,1.0,225.0,x86_64,2026-10-08,2026-10-08 20:27:06,0.2871
us-west-1,g4dn.4xlarge,Linux,us-west-1a,0.8471,2026-10-08 11:00:00+00:00,16.0,64.0,NVIDIA T4,1.0,16.0,Up to 25 Gigabit,1.0,225.0,x86_64,2026-10-08,2026-10-08 20:27:06,0.8471
us-west-1,g4dn.8xlarge,Linux,us-west-1a,1.1971,2026-10-08 11:00:00+00:00,32.0,128.0,NVIDIA T4,1.0,16.0,50 Gigabit,1.0,900.0,x86_64,2026-10-08,2026-10-08 20:27:06,1.1971
us-west-1,g4dn.metal,Linux,us-west-1c,3.1642,2026-10-08 11:00:00+00:00,96.0,384.0,NVIDIA T4,8.0,128.0,100 Gigabit,1.0,1800.0,x86_64,2026-10-08,2026-10-08 20:27:06,0.395525
us-west-1,inf1.2xlarge,Linux,us-west-1a,0.0927,2026-10-08 11:00:00+00:00,8.0,16.0,Inferentia,1.0,8.0,Up to 25 Gigabit,1.0,0.0,x86_64,2026-10-08,2026-10-08 20:27:06,0.0927
us-west-1,inf1.2xlarge,Linux,us-west-1c,0.0806,2026-10-08 11:00:00+00:00,8.0,16.0,Inferentia,1.0,8.0,Up to 25 Gigabit,1.0,0.0,x86_64,2026-10-08,2026-10-08 20:27:06,0.0806
us-west-1,inf1.xlarge,Linux,us-west-1c,0.0438,2026-10-08 11:00:00+00:00,4.0,8.0,Inferentia,1.0,8.0,Up to 25 Gigabit,1.0,0.0,x86_64,2026-10-08,2026-10-08 20:27:06,0.0438
us-west-1,p5.48xlarge,Linux,us-west-1c,22.1423,2026-10-08 11:00:00+00:00,192.0,2048.0,NVIDIA H100,8.0,640.0,3200 Gigabit,32.0,30400.0,x86_64,2026-10-08,2026-10-08 20:27:06,2.7677875
eu-west-3,inf2.xlarge,Linux,eu-west-3c,0.217,2026-10-08 11:00:00+00:00,4.0,16.0,Inferentia2,1.0,32.0,Up to 15 Gigabit,1.0,0.0,x86_64,2026-10-08,2026-10-08 20:27:06,0.217
eu-west-2,g5.24xlarge,Linux,eu-west-2b,10.3379,2026-10-08 11:00:00+00:00,96.0,384.0,NVIDIA A10G,4.0,89.40625,50 Gigabit,1.0,3800.0,x86_64,2026-10-08,2026-10-08 20:27:06,2.584475
eu-west-3,inf2.8xlarge,Linux,eu-west-3c,0.3948,2026-10-08 11:00:00+00:00,32.0,128.0,Inferentia2,1.0,32.0,Up to 25 Gigabit,1.0,0.0,x86_64,2026-10-08,2026-10-08 20:27:06,0.3948
eu-west-3,gr6.8xlarge,Windows,eu-west-3b,1.8946,2026-10-08 11:00:00+00:00,32.0,256.0,NVIDIA L4,1.0,22.3515625,25 Gigabit,1.0,900.0,x86_64,2026-10-08,2026-10-08 20:27:06,1.8946
eu-west-3,gr6.8xlarge,Linux,eu-west-3c,0.565,2026-10-08 11:00:00+00:00,32.0,256.0,NVIDIA L4,1.0,22.3515625,25 Gigabit,1.0,900.0,x86_64,2026-10-08,2026-10-08 20:27:06,0.565
eu-west-3,gr6.4xlarge,Windows,eu-west-3c,1.0022,2026-10-08 11:00:00+00:00,16.0,128.0,NVIDIA L4,1.0,22.3515625,Up to 25 Gigabit,1.0,600.0,x86_64,2026-10-08,2026-10-08 20:27:06,1.0022
eu-west-3,g6.xlarge,Windows,eu-west-3b,0.3238,2026-10-08 11:00:00+00:00,4.0,16.0,NVIDIA L4,1.0,22.3515625,Up to 10 Gigabit,1.0,250.0,x86_64,2026-10-08,2026-10-08 20:27:06,0.3238
eu-west-3,g6.48xlarge,Windows,eu-west-3b,11.3027,2026-10-08 11:00:00+00:00,192.0,768.0,NVIDIA L4,8.0,178.8125,100 Gigabit,1.0,7520.0,x86_64,2026-10-08,2026-10-08 20:27:06,1.4128375
eu-west-3,g6.24xlarge,Windows,eu-west-3b,5.5599,2026-10-08 11:00:00+00:00,96.0,384.0,NVIDIA L4,4.0,89.40625,50 Gigabit,1.0,3760.0,x86_64,2026-10-08,2026-10-08 20:27:06,1.389975
eu-west-3,g6.24xlarge,Linux,eu-west-3b,2.4814,2026-10-08 11:00:00+00:00,96.0,384.0,NVIDIA L4,4.0,89.40625,50 Gigabit,1.0,3760.0,x86_64,2026-10-08,2026-10-08 20:27:06,0.62035
eu-west-3,g6.16xlarge,Windows,eu-west-3c,3.5606,2026-10-08 11:00:00+00:00,64.0,256.0,NVIDIA L4,1.0,22.3515625,25 Gigabit,1.0,1880.0,x86_64,2026-10-08,2026-10-08 20:27:06,3.5606
eu-west-3,g5.48xlarge,Windows,eu-west-3b,29.5077,2026-10-08 11:00:00+00:00,192.0,768.0,NVIDIA A10G,8.0,178.8125,100 Gigabit,1.0,7600.0,x86_64,2026-10-08,2026-10-08 20:27:06,3.6884625
eu-west-3,g5.48xlarge,Linux,eu-west-3a,20.6757,2026-10-08 11:00:00+00:00,192.0,768.0,NVIDIA A10G,8.0,178.8125,100 Gigabit,1.0,7600.0,x86_64,2026-10-08,2026-10-08 20:27:06,2.5844625
eu-west-3,g5.2xlarge,Windows,eu-west-3c,0.5759,2026-10-08 11:00:00+00:00,8.0,32.0,NVIDIA A10G,1.0,22.3515625,Up to 10 Gigabit,1.0,450.0,x86_64,2026-10-08,2026-10-08 20:27:06,0.5759
eu-west-3,g5.16xlarge,Linux,eu-west-3b,1.1272,2026-10-08 11:00:00+00:00,64.0,256.0,NVIDIA A10G,1.0,22.3515625,25 Gigabit,1.0,1900.0,x86_64,2026-10-08,2026-10-08 20:27:06,1.1272
eu-west-3,g5.12xlarge,Windows,eu-west-3c,4.8033,2026-10-08 11:00:00+00:00,48.0,192.0,NVIDIA A10G,4.0,89.40625,40 Gigabit,1.0,3800.0,x86_64,2026-10-08,2026-10-08 20:27:06,1.200825
eu-west-2,g5.24xlarge,Linux,eu-west-2a,10.3379,2026-10-08 11:00:00+00:00,96.0,384.0,NVIDIA A10G,4.0,89.40625,50 Gigabit,1.0,3800.0,x86_64,2026-10-08,2026-10-08 20:27:06,2.584475
eu-west-2,g5.2xlarge,Linux,eu-west-2b,0.6563,2026-10-08 11:00:00+00:00,8.0,32.0,NVIDIA A10G,1.0,22.3515625,Up to 10 Gigabit,1.0,450.0,x86_64,2026-10-08,2026-10-08 20:27:06,0.6563
eu-west-3,g4dn.xlarge,Windows,eu-west-3b,0.2672,2026-10-08 11:00:00+00:00,4.0,16.0,NVIDIA T4,1.0,16.0,Up to 25 Gigabit,1.0,125.0,x86_64,2026-10-08,2026-10-08 20:27:06,0.2672
eu-west-2,g7e.8xlarge,Linux,eu-west-2a,2.7587,2026-10-08 11:00:00+00:00,32.0,256.0,NVIDIA RTX PRO Server 6000,1.0,96.0,100 Gigabit,1.0,1900.0,x86_64,2026-10-08,2026-10-08 20:27:06,2.7587
eu-west-1,g4dn.8xlarge,Linux,eu-west-1a,0.9882,2026-10-08 11:00:00+00:00,32.0,128.0,NVIDIA T4,1.0,16.0,50 Gigabit,1.0,900.0,x86_64,2026-10-08,2026-10-08 20:27:06,0.9882
eu-west-1,g4dn.8xlarge,Linux,eu-west-1c,1.0111,2026-10-08 11:00:00+00:00,32.0,128.0,NVIDIA T4,1.0,16.0,50 Gigabit,1.0,900.0,x86_64,2026-10-08,2026-10-08 20:27:06,1.0111
eu-west-1,g4dn.2xlarge,Linux,eu-west-1b,0.4052,2026-10-08 11:00:00+00:00,8.0,32.0,NVIDIA T4,1.0,16.0,Up to 25 Gigabit,1.0,225.0,x86_64,2026-10-08,2026-10-08 20:27:06,0.4052
eu-west-1,g4dn.2xlarge,Linux,eu-west-1a,0.4265,2026-10-08 11:00:00+00:00,8.0,32.0,NVIDIA T4,1.0,16.0,Up to 25 Gigabit,1.0,225.0,x86_64,2026-10-08,2026-10-08 20:27:06,0.4265
eu-west-1,g4dn.16xlarge,Linux,eu-west-1a,1.2514,2026-10-08 11:00:00+00:00,64.0,256.0,NVIDIA T4,1.0,16.0,50 Gigabit,1.0,900.0,x86_64,2026-10-08,2026-10-08 20:27:06,1.2514
eu-west-1,g4dn.12xlarge,Windows,eu-west-1b,3.2426,2026-10-08 11:00:00+00:00,48.0,192.0,NVIDIA T4,4.0,64.0,50 Gigabit,1.0,900.0,x86_64,2026-10-08,2026-10-08 20:27:06,0.81065
eu-west-2,p5.4xlarge,Linux,eu-west-2b,8.944,2026-10-08 11:00:00+00:00,16.0,256.0,NVIDIA H100,1.0,80.0,100 Gigabit,1.0,3800.0,x86_64,2026-10-08,2026-10-08 20:27:06,8.944
eu-west-2,p5.48xlarge,Linux,eu-west-2a,71.552,2026-10-08 11:00:00+00:00,192.0,2048.0,NVIDIA H100,8.0,640.0,3200 Gigabit,32.0,30400.0,x86_64,2026-10-08,2026-10-08 20:27:06,8.944
eu-west-2,p4d.24xlarge,Linux,eu-west-2b,16.8344,2026-10-08 11:00:00+00:00,96.0,1152.0,NVIDIA A100,8.0,320.0,4x 100 Gigabit,4.0,8000.0,x86_64,2026-10-08,2026-10-08 20:27:06,2.1043
eu-west-2,inf1.6xlarge,Linux,eu-west-2c,0.1745,2026-10-08 11:00:00+00:00,24.0,48.0,Inferentia,4.0,32.0,25 Gigabit,1.0,0.0,x86_64,2026-10-08,2026-10-08 20:27:06,0.043625
eu-west-2,inf1.2xlarge,Linux,eu-west-2b,0.0728,2026-10-08 11:00:00+00:00,8.0,16.0,Inferentia,1.0,8.0,Up to 25 Gigabit,1.0,0.0,x86_64,2026-10-08,2026-10-08 20:27:06,0.0728
eu-west-2,gr6f.4xlarge,Linux,eu-west-2b,0.4887,2026-10-08 11:00:00+00:00,16.0,128.0,NVIDIA L4,0.0,11.17578125,Up to 25 Gigabit,1.0,450.0,x86_64,2026-10-08,2026-10-08 20:27:06,
eu-west-2,gr6.8xlarge,Windows,eu-west-2b,1.8281,2026-10-08 11:00:00+00:00,32.0,256.0,NVIDIA L4,1.0,22.3515625,25 Gigabit,1.0,900.0,x86_64,2026-10-08,2026-10-08 20:27:06,1.8281
eu-west-2,gr6.4xlarge,Windows,eu-west-2b,0.9601,2026-10-08 11:00:00+00:00,16.0,128.0,NVIDIA L4,1.0,22.3515625,Up to 25 Gigabit,1.0,600.0,x86_64,2026-10-08,2026-10-08 20:27:06,0.9601
eu-west-2,g7e.4xlarge,Linux,eu-west-2a,2.16,2026-10-08 11:00:00+00:00,16.0,128.0,NVIDIA RTX PRO Server 6000,1.0,96.0,50 Gigabit,1.0,1900.0,x86_64,2026-10-08,2026-10-08 20:27:06,2.16
eu-west-2,g5.48xlarge,Linux,eu-west-2b,20.6757,2026-10-08 11:00:00+00:00,192.0,768.0,NVIDIA A10G,8.0,178.8125,100 Gigabit,1.0,7600.0,x86_64,2026-10-08,2026-10-08 20:27:06,2.5844625
eu-west-2,g7e.48xlarge,Linux,eu-west-2a,14.8464,2026-10-08 11:00:00+00:00,192.0,2048.0,NVIDIA RTX PRO Server 6000,8.0,768.0,1600 Gigabit,4.0,15200.0,x86_64,2026-10-08,2026-10-08 20:27:06,1.8558
eu-west-2,g7e.2xlarge,Linux,eu-west-2c,2.2949,2026-10-08 11:00:00+00:00,8.0,64.0,NVIDIA RTX PRO Server 6000,1.0,96.0,50 Gigabit,1.0,1900.0,x86_64,2026-10-08,2026-10-08 20:27:06,2.2949
eu-west-2,g7e.24xlarge,Linux,eu-west-2c,10.5738,2026-10-08 11:00:00+00:00,96.0,1024.0,NVIDIA RTX PRO Server 6000,4.0,384.0,800 Gigabit,2.0,7600.0,x86_64,2026-10-08,2026-10-08 20:27:06,2.64345
eu-west-2,g7e.12xlarge,Windows,eu-west-2a,7.5122,2026-10-08 11:00:00+00:00,48.0,512.0,NVIDIA RTX PRO Server 6000,2.0,192.0,400 Gigabit,1.0,3800.0,x86_64,2026-10-08,2026-10-08 20:27:06,3.7561
eu-west-2,g6f.large,Windows,eu-west-2b,0.121,2026-10-08 11:00:00+00:00,2.0,8.0,NVIDIA L4,0.0,2.7939453125,Up to 10 Gigabit,1.0,100.0,x86_64,2026-10-08,2026-10-08 20:27:06,
eu-west-2,g6f.4xlarge,Linux,eu-west-2b,0.3721,2026-10-08 11:00:00+00:00,16.0,64.0,NVIDIA L4,0.0,11.17578125,Up to 25 Gigabit,1.0,450.0,x86_64,2026-10-08,2026-10-08 20:27:06,
eu-west-2,g6.4xlarge,Linux,eu-west-2c,0.7596,2026-10-08 11:00:00+00:00,16.0,64.0,NVIDIA L4,1.0,22.3515625,Up to 25 Gigabit,1.0,600.0,x86_64,2026-10-08,2026-10-08 20:27:06,0.7596
eu-west-2,g6.2xlarge,Windows,eu-west-2a,0.5075,2026-10-08 11:00:00+00:00,8.0,32.0,NVIDIA L4,1.0,22.3515625,Up to 10 Gigabit,1.0,450.0,x86_64,2026-10-08,2026-10-08 20:27:06,0.5075
eu-west-2,g6.2xlarge,Linux,eu-west-2c,0.286,2026-10-08 11:00:00+00:00,8.0,32.0,NVIDIA L4,1.0,22.3515625,Up to 10 Gigabit,1.0,450.0,x86_64,2026-10-08,2026-10-08 20:27:06,0.286
eu-west-2,g6.24xlarge,Windows,eu-west-2a,5.2633,2026-10-08 11:00:00+00:00,96.0,384.0,NVIDIA L4,4.0,89.40625,50 Gigabit,1.0,3760.0,x86_64,2026-10-08,2026-10-08 20:27:06,1.315825
eu-west-2,g6.24xlarge,Linux,eu-west-2a,2.8348,2026-10-08 11:00:00+00:00,96.0,384.0,NVIDIA L4,4.0,89.40625,50 Gigabit,1.0,3760.0,x86_64,2026-10-08,2026-10-08 20:27:06,0.7087
eu-west-2,g6.12xlarge,Windows,eu-west-2b,2.7921,2026-10-08 11:00:00+00:00,48.0,192.0,NVIDIA L4,4.0,89.40625,40 Gigabit,1.0,3760.0,x86_64,2026-10-08,2026-10-08 20:27:06,0.698025
eu-west-2,g5.8xlarge,Linux,eu-west-2b,0.986,2026-10-08 11:00:00+00:00,32.0,128.0,NVIDIA A10G,1.0,22.3515625,25 Gigabit,1.0,900.0,x86_64,2026-10-08,2026-10-08 20:27:06,0.986
eu-west-2,g5.4xlarge,Linux,eu-west-2b,0.9028,2026-10-08 11:00:00+00:00,16.0,64.0,NVIDIA A10G,1.0,22.3515625,Up to 25 Gigabit,1.0,600.0,x86_64,2026-10-08,2026-10-08 20:27:06,0.9028
eu-west-3,g5.12xlarge,Linux,eu-west-3b,7.1999,2026-10-08 11:00:00+00:00,48.0,192.0,NVIDIA A10G,4.0,89.40625,40 Gigabit,1.0,3800.0,x86_64,2026-10-08,2026-10-08 20:27:06,1.799975
eu-west-3,g4dn.metal,Windows,eu-west-3c,5.3308,2026-10-08 11:00:00+00:00,96.0,384.0,NVIDIA T4,8.0,128.0,100 Gigabit,1.0,1800.0,x86_64,2026-10-08,2026-10-08 20:27:06,0.66635
us-east-2,g7e.24xlarge,Linux,us-east-2a,8.5827,2026-10-08 11:00:00+00:00,96.0,1024.0,NVIDIA RTX PRO Server 6000,4.0,384.0,800 Gigabit,2.0,7600.0,x86_64,2026-10-08,2026-10-08 20:27:06,2.145675
sa-east-1,inf1.2xlarge,Linux,sa-east-1b,0.0636,2026-10-08 11:00:00+00:00,8.0,16.0,Inferentia,1.0,8.0,Up to 25 Gigabit,1.0,0.0,x86_64,2026-10-08,2026-10-08 20:27:06,0.0636
us-east-2,g6f.large,Linux,us-east-2b,0.0913,2026-10-08 11:00:00+00:00,2.0,8.0,NVIDIA L4,0.0,2.7939453125,Up to 10 Gigabit,1.0,100.0,x86_64,2026-10-08,2026-10-08 20:27:06,
us-east-2,g6f.large,Windows,us-east-2b,0.1829,2026-10-08 11:00:00+00:00,2.0,8.0,NVIDIA L4,0.0,2.7939453125,Up to 10 Gigabit,1.0,100.0,x86_64,2026-10-08,2026-10-08 20:27:06,
us-east-2,g6f.large,Windows,us-east-2c,0.1829,2026-10-08 11:00:00+00:00,2.0,8.0,NVIDIA L4,0.0,2.7939453125,Up to 10 Gigabit,1.0,100.0,x86_64,2026-10-08,2026-10-08 20:27:06,
us-east-2,g6f.xlarge,Linux,us-east-2c,0.1072,2026-10-08 11:00:00+00:00,4.0,16.0,NVIDIA L4,0.0,2.7939453125,Up to 10 Gigabit,1.0,100.0,x86_64,2026-10-08,2026-10-08 20:27:06,
us-east-2,g7.12xlarge,Linux,us-east-2c,3.2126,2026-10-08 11:00:00+00:00,48.0,192.0,NVIDIA RTX PRO 4500,2.0,64.0,175 Gigabit,1.0,1900.0,x86_64,2026-10-08,2026-10-08 20:27:06,1.6063
us-east-2,g7.12xlarge,Windows,us-east-2c,5.4159,2026-10-08 11:00:00+00:00,48.0,192.0,NVIDIA RTX PRO 4500,2.0,64.0,175 Gigabit,1.0,1900.0,x86_64,2026-10-08,2026-10-08 20:27:06,2.70795
us-east-2,g7.24xlarge,Windows,us-east-2a,10.8318,2026-10-08 11:00:00+00:00,96.0,384.0,NVIDIA RTX PRO 4500,4.0,128.0,350 Gigabit,1.0,3800.0,x86_64,2026-10-08,2026-10-08 20:27:06,2.70795
us-east-2,g7.2xlarge,Linux,us-east-2b,1.1561,2026-10-08 11:00:00+00:00,8.0,32.0,NVIDIA RTX PRO 4500,1.0,32.0,Up to 60 Gigabit,1.0,440.0,x86_64,2026-10-08,2026-10-08 20:27:06,1.1561
us-east-2,g7.48xlarge,Linux,us-east-2a,12.865,2026-10-08 11:00:00+00:00,192.0,768.0,NVIDIA RTX PRO 4500,8.0,256.0,700 Gigabit,2.0,7600.0,x86_64,2026-10-08,2026-10-08 20:27:06,1.608125
sa-east-1,p4d.24xlarge,Linux,sa-east-1a,30.1938,2026-10-08 11:00:00+00:00,96.0,1152.0,NVIDIA A100,8.0,320.0,4x 100 Gigabit,4.0,8000.0,x86_64,2026-10-08,2026-10-08 20:27:06,3.774225
sa-east-1,inf2.xlarge,Linux,sa-east-1c,0.1289,2026-10-08 11:00:00+00:00,4.0,16.0,Inferentia2,1.0,32.0,Up to 15 Gigabit,1.0,0.0,x86_64,2026-10-08,2026-10-08 20:27:06,0.1289
sa-east-1,inf1.xlarge,Linux,sa-east-1a,0.0507,2026-10-08 11:00:00+00:00,4.0,8.0,Inferentia,1.0,8.0,Up to 25 Gigabit,1.0,0.0,x86_64,2026-10-08,2026-10-08 20:27:06,0.0507
sa-east-1,inf1.6xlarge,Linux,sa-east-1b,0.195,2026-10-08 11:00:00+00:00,24.0,48.0,Inferentia,4.0,32.0,25 Gigabit,1.0,0.0,x86_64,2026-10-08,2026-10-08 20:27:06,0.04875
sa-east-1,inf1.2xlarge,Linux,sa-east-1c,0.0615,2026-10-08 11:00:00+00:00,8.0,16.0,Inferentia,1.0,8.0,Up to 25 Gigabit,1.0,0.0,x86_64,2026-10-08,2026-10-08 20:27:06,0.0615
sa-east-1,gr6.8xlarge,Linux,sa-east-1b,0.4159,2026-10-08 11:00:00+00:00,32.0,256.0,NVIDIA L4,1.0,22.3515625,25 Gigabit,1.0,900.0,x86_64,2026-10-08,2026-10-08 20:27:06,0.4159
us-east-2,g6e.xlarge,Linux,us-east-2c,1.477,2026-10-08 11:00:00+00:00,4.0,32.0,NVIDIA L40S,1.0,44.703125,Up to 20 Gigabit,1.0,250.0,x86_64,2026-10-08,2026-10-08 20:27:06,1.477
sa-east-1,g6f.xlarge,Linux,sa-east-1b,0.0809,2026-10-08 11:00:00+00:00,4.0,16.0,NVIDIA L4,0.0,2.7939453125,Up to 10 Gigabit,1.0,100.0,x86_64,2026-10-08,2026-10-08 20:27:06,
sa-east-1,g6f.large,Windows,sa-east-1b,0.1263,2026-10-08 11:00:00+00:00,2.0,8.0,NVIDIA L4,0.0,2.7939453125,Up to 10 Gigabit,1.0,100.0,x86_64,2026-10-08,2026-10-08 20:27:06,
sa-east-1,g6f.large,Windows,sa-east-1a,0.1263,2026-10-08 11:00:00+00:00,2.0,8.0,NVIDIA L4,0.0,2.7939453125,Up to 10 Gigabit,1.0,100.0,x86_64,2026-10-08,2026-10-08 20:27:06,
sa-east-1,g6f.4xlarge,Windows,sa-east-1b,1.0203,2026-10-08 11:00:00+00:00,16.0,64.0,NVIDIA L4,0.0,11.17578125,Up to 25 Gigabit,1.0,450.0,x86_64,2026-10-08,2026-10-08 20:27:06,
sa-east-1,g6f.4xlarge,Windows,sa-east-1a,1.0273,2026-10-08 11:00:00+00:00,16.0,64.0,NVIDIA L4,0.0,11.17578125,Up to 25 Gigabit,1.0,450.0,x86_64,2026-10-08,2026-10-08 20:27:06,
sa-east-1,g6f.2xlarge,Windows,sa-east-1a,0.4542,2026-10-08 11:00:00+00:00,8.0,32.0,NVIDIA L4,0.0,5.587890625,Up to 10 Gigabit,1.0,200.0,x86_64,2026-10-08,2026-10-08 20:27:06,
sa-east-1,g6f.2xlarge,Linux,sa-east-1b,0.142,2026-10-08 11:00:00+00:00,8.0,32.0,NVIDIA L4,0.0,5.587890625,Up to 10 Gigabit,1.0,200.0,x86_64,2026-10-08,2026-10-08 20:27:06,
us-east-2,g7.48xlarge,Windows,us-east-2c,21.6643,2026-10-08 11:00:00+00:00,192.0,768.0,NVIDIA RTX PRO 4500,8.0,256.0,700 Gigabit,2.0,7600.0,x86_64,2026-10-08,2026-10-08 20:27:06,2.7080375
us-east-2,g7.4xlarge,Linux,us-east-2b,1.3766,2026-10-08 11:00:00+00:00,16.0,64.0,NVIDIA RTX PRO 4500,1.0,32.0,Up to 100 Gigabit,1.0,875.0,x86_64,2026-10-08,2026-10-08 20:27:06,1.3766
us-east-2,g7.4xlarge,Windows,us-east-2c,2.1049,2026-10-08 11:00:00+00:00,16.0,64.0,NVIDIA RTX PRO 4500,1.0,32.0,Up to 100 Gigabit,1.0,875.0,x86_64,2026-10-08,2026-10-08 20:27:06,2.1049
us-east-2,g7.8xlarge,Linux,us-east-2b,1.8407,2026-10-08 11:00:00+00:00,32.0,128.0,NVIDIA RTX PRO 4500,1.0,32.0,100 Gigabit,1.0,930.0,x86_64,2026-10-08,2026-10-08 20:27:06,1.8407
us-east-2,g7.8xlarge,Windows,us-east-2a,3.3114,2026-10-08 11:00:00+00:00,32.0,128.0,NVIDIA RTX PRO 4500,1.0,32.0,100 Gigabit,1.0,930.0,x86_64,2026-10-08,2026-10-08 20:27:06,3.3114
us-east-2,g7.8xlarge,Windows,us-east-2b,3.311,2026-10-08 11:00:00+00:00,32.0,128.0,NVIDIA RTX PRO 4500,1.0,32.0,100 Gigabit,1.0,930.0,x86_64,2026-10-08,2026-10-08 20:27:06,3.311
us-east-2,g7e.12xlarge,Linux,us-east-2a,6.6837,2026-10-08 11:00:00+00:00,48.0,512.0,NVIDIA RTX PRO Server 6000,2.0,192.0,400 Gigabit,1.0,3800.0,x86_64,2026-10-08,2026-10-08 20:27:06,3.34185
us-east-2,g6f.2xlarge,Linux,us-east-2a,0.2299,2026-10-08 11:00:00+00:00,8.0,32.0,NVIDIA L4,0.0,5.587890625,Up to 10 Gigabit,1.0,200.0,x86_64,2026-10-08,2026-10-08 20:27:06,
us-east-2,g6e.8xlarge,Windows,us-east-2a,3.51,2026-10-08 11:00:00+00:00,32.0,256.0,NVIDIA L40S,1.0,44.703125,25 Gigabit,1.0,900.0,x86_64,2026-10-08,2026-10-08 20:27:06,3.51
eu-west-3,g4dn.metal,Windows,eu-west-3b,5.3308,2026-10-08 11:00:00+00:00,96.0,384.0,NVIDIA T4,8.0,128.0,100 Gigabit,1.0,1800.0,x86_64,2026-10-08,2026-10-08 20:27:06,0.66635
us-east-2,g5.12xlarge,Windows,us-east-2a,4.7604,2026-10-08 11:00:00+00:00,48.0,192.0,NVIDIA A10G,4.0,89.40625,40 Gigabit,1.0,3800.0,x86_64,2026-10-08,2026-10-08 20:27:06,1.1901
eu-west-3,g4dn.metal,Linux,eu-west-3b,3.5908,2026-10-08 11:00:00+00:00,96.0,384.0,NVIDIA T4,8.0,128.0,100 Gigabit,1.0,1800.0,x86_64,2026-10-08,2026-10-08 20:27:06,0.44885
eu-west-3,g4dn.metal,Linux,eu-west-3a,3.5838,2026-10-08 11:00:00+00:00,96.0,384.0,NVIDIA T4,8.0,128.0,100 Gigabit,1.0,1800.0,x86_64,2026-10-08,2026-10-08 20:27:06,0.447975
eu-west-3,g4dn.8xlarge,Linux,eu-west-3a,0.8864,2026-10-08 11:00:00+00:00,32.0,128.0,NVIDIA T4,1.0,16.0,50 Gigabit,1.0,900.0,x86_64,2026-10-08,2026-10-08 20:27:06,0.8864
eu-west-3,g4dn.4xlarge,Windows,eu-west-3b,0.8768,2026-10-08 11:00:00+00:00,16.0,64.0,NVIDIA T4,1.0,16.0,Up to 25 Gigabit,1.0,225.0,x86_64,2026-10-08,2026-10-08 20:27:06,0.8768
eu-west-3,g4dn.4xlarge,Linux,eu-west-3c,0.3411,2026-10-08 11:00:00+00:00,16.0,64.0,NVIDIA T4,1.0,16.0,Up to 25 Gigabit,1.0,225.0,x86_64,2026-10-08,2026-10-08 20:27:06,0.3411
eu-west-3,g4dn.2xlarge,Windows,eu-west-3c,0.4875,2026-10-08 11:00:00+00:00,8.0,32.0,NVIDIA T4,1.0,16.0,Up to 25 Gigabit,1.0,225.0,x86_64,2026-10-08,2026-10-08 20:27:06,0.4875
eu-west-3,g4dn.16xlarge,Windows,eu-west-3c,3.4528,2026-10-08 11:00:00+00:00,64.0,256.0,NVIDIA T4,1.0,16.0,50 Gigabit,1.0,900.0,x86_64,2026-10-08,2026-10-08 20:27:06,3.4528
eu-west-3,g4dn.16xlarge,Linux,eu-west-3b,1.366,2026-10-08 11:00:00+00:00,64.0,256.0,NVIDIA T4,1.0,16.0,50 Gigabit,1.0,900.0,x86_64,2026-10-08,2026-10-08 20:27:06,1.366
us-east-2,g4dn.16xlarge,Windows,us-east-2b,4.9024,2026-10-08 11:00:00+00:00,64.0,256.0,NVIDIA T4,1.0,16.0,50 Gigabit,1.0,900.0,x86_64,2026-10-08,2026-10-08 20:27:06,4.9024
us-east-2,g4dn.2xlarge,Linux,us-east-2a,0.3743,2026-10-08 11:00:00+00:00,8.0,32.0,NVIDIA T4,1.0,16.0,Up to 25 Gigabit,1.0,225.0,x86_64,2026-10-08,2026-10-08 20:27:06,0.3743
us-east-2,g4dn.metal,Linux,us-east-2c,4.0438,2026-10-08 11:00:00+00:00,96.0,384.0,NVIDIA T4,8.0,128.0,100 Gigabit,1.0,1800.0,x86_64,2026-10-08,2026-10-08 20:27:06,0.505475
us-east-2,g4dn.xlarge,Windows,us-east-2b,0.4218,2026-10-08 11:00:00+00:00,4.0,16.0,NVIDIA T4,1.0,16.0,Up to 25 Gigabit,1.0,125.0,x86_64,2026-10-08,2026-10-08 20:27:06,0.4218
us-east-2,g4dn.xlarge,Windows,us-east-2c,0.4217,2026-10-08 11:00:00+00:00,4.0,16.0,NVIDIA T4,1.0,16.0,Up to 25 Gigabit,1.0,125.0,x86_64,2026-10-08,2026-10-08 20:27:06,0.4217
us-east-2,g5.12xlarge,Linux,us-east-2a,2.9068,2026-10-08 11:00:00+00:00,48.0,192.0,NVIDIA A10G,4.0,89.40625,40 Gigabit,1.0,3800.0,x86_64,2026-10-08,2026-10-08 20:27:06,0.7267
us-east-2,g5.16xlarge,Linux,us-east-2c,1.864,2026-10-08 11:00:00+00:00,64.0,256.0,NVIDIA A10G,1.0,22.3515625,25 Gigabit,1.0,1900.0,x86_64,2026-10-08,2026-10-08 20:27:06,1.864
us-east-2,g6e.48xlarge,Windows,us-east-2c,27.5275,2026-10-08 11:00:00+00:00,192.0,1536.0,NVIDIA L40S,8.0,357.625,400 Gigabit,4.0,7600.0,x86_64,2026-10-08,2026-10-08 20:27:06,3.4409375
us-east-2,g5.48xlarge,Linux,us-east-2c,8.1705,2026-10-08 11:00:00+00:00,192.0,768.0,NVIDIA A10G,8.0,178.8125,100 Gigabit,1.0,7600.0,x86_64,2026-10-08,2026-10-08 20:27:06,1.0213125
us-east-2,g5.4xlarge,Linux,us-east-2b,0.8423,2026-10-08 11:00:00+00:00,16.0,64.0,NVIDIA A10G,1.0,22.3515625,Up to 25 Gigabit,1.0,600.0,x86_64,2026-10-08,2026-10-08 20:27:06,0.8423
us-east-2,g5.8xlarge,Windows,us-east-2b,2.5736,2026-10-08 11:00:00+00:00,32.0,128.0,NVIDIA A10G,1.0,22.3515625,25 Gigabit,1.0,900.0,x86_64,2026-10-08,2026-10-08 20:27:06,2.5736
us-east-2,g5.xlarge,Linux,us-east-2a,0.5341,2026-10-08 11:00:00+00:00,4.0,16.0,NVIDIA A10G,1.0,22.3515625,Up to 10 Gigabit,1.0,250.0,x86_64,2026-10-08,2026-10-08 20:27:06,0.5341
us-east-2,g6.12xlarge,Linux,us-east-2b,2.5284,2026-10-08 11:00:00+00:00,48.0,192.0,NVIDIA L4,4.0,89.40625,40 Gigabit,1.0,3760.0,x86_64,2026-10-08,2026-10-08 20:27:06,0.6321
us-east-2,g6.12xlarge,Linux,us-east-2c,2.4999,2026-10-08 11:00:00+00:00,48.0,192.0,NVIDIA L4,4.0,89.40625,40 Gigabit,1.0,3760.0,x86_64,2026-10-08,2026-10-08 20:27:06,0.624975
us-east-2,g6.16xlarge,Windows,us-east-2a,4.4726,2026-10-08 11:00:00+00:00,64.0,256.0,NVIDIA L4,1.0,22.3515625,25 Gigabit,1.0,1880.0,x86_64,2026-10-08,2026-10-08 20:27:06,4.4726
us-east-2,g6.2xlarge,Windows,us-east-2a,0.808,2026-10-08 11:00:00+00:00,8.0,32.0,NVIDIA L4,1.0,22.3515625,Up to 10 Gigabit,1.0,450.0,x86_64,2026-10-08,2026-10-08 20:27:06,0.808
us-east-2,g6.4xlarge,Linux,us-east-2b,0.685,2026-10-08 11:00:00+00:00,16.0,64.0,NVIDIA L4,1.0,22.3515625,Up to 25 Gigabit,1.0,600.0,x86_64,2026-10-08,2026-10-08 20:27:06,0.685
us-east-2,g6.4xlarge,Windows,us-east-2c,1.3315,2026-10-08 11:00:00+00:00,16.0,64.0,NVIDIA L4,1.0,22.3515625,Up to 25 Gigabit,1.0,600.0,x86_64,2026-10-08,2026-10-08 20:27:06,1.3315
us-east-2,g6.8xlarge,Linux,us-east-2c,0.9668,2026-10-08 11:00:00+00:00,32.0,128.0,NVIDIA L4,1.0,22.3515625,25 Gigabit,1.0,900.0,x86_64,2026-10-08,2026-10-08 20:27:06,0.9668
us-east-2,g6e.12xlarge,Linux,us-east-2b,5.2965,2026-10-08 11:00:00+00:00,48.0,384.0,NVIDIA L40S,4.0,178.8125,100 Gigabit,1.0,3800.0,x86_64,2026-10-08,2026-10-08 20:27:06,1.324125
us-east-2,g6e.24xlarge,Linux,us-east-2b,7.8614,2026-10-08 11:00:00+00:00,96.0,768.0,NVIDIA L40S,4.0,178.8125,200 Gigabit,2.0,3800.0,x86_64,2026-10-08,2026-10-08 20:27:06,1.96535
us-east-2,g6e.2xlarge,Windows,us-east-2a,1.5846,2026-10-08 11:00:00+00:00,8.0,64.0,NVIDIA L40S,1.0,44.703125,Up to 20 Gigabit,1.0,450.0,x86_64,2026-10-08,2026-10-08 20:27:06,1.5846
eu-west-2,g5.12xlarge,Linux,eu-west-2b,5.8854,2026-10-08 11:00:00+00:00,48.0,192.0,NVIDIA A10G,4.0,89.40625,40 Gigabit,1.0,3800.0,x86_64,2026-10-08,2026-10-08 20:27:06,1.47135
eu-west-2,g5.2xlarge,Linux,eu-west-2a,0.6531,2026-10-08 11:00:00+00:00,8.0,32.0,NVIDIA A10G,1.0,22.3515625,Up to 10 Gigabit,1.0,450.0,x86_64,2026-10-08,2026-10-08 20:27:06,0.6531
ap-southeast-1,inf1.2xlarge,Linux,ap-southeast-1a,0.1039,2026-10-08 11:00:00+00:00,8.0,16.0,Inferentia,1.0,8.0,Up to 25 Gigabit,1.0,0.0,x86_64,2026-10-08,2026-10-08 20:27:06,0.1039
ap-northeast-2,gr6.4xlarge,Linux,ap-northeast-2d,0.3373,2026-10-08 11:00:00+00:00,16.0,128.0,NVIDIA L4,1.0,22.3515625,Up to 25 Gigabit,1.0,600.0,x86_64,2026-10-08,2026-10-08 20:27:06,0.3373
ap-northeast-1,g7e.4xlarge,Linux,ap-northeast-1c,2.8897,2026-10-08 11:00:00+00:00,16.0,128.0,NVIDIA RTX PRO Server 6000,1.0,96.0,50 Gigabit,1.0,1900.0,x86_64,2026-10-08,2026-10-08 20:27:06,2.8897
ap-northeast-1,g7e.4xlarge,Linux,ap-northeast-1a,3.7447,2026-10-08 11:00:00+00:00,16.0,128.0,NVIDIA RTX PRO Server 6000,1.0,96.0,50 Gigabit,1.0,1900.0,x86_64,2026-10-08,2026-10-08 20:27:06,3.7447
ap-northeast-1,g7e.8xlarge,Windows,ap-northeast-1a,4.9104,2026-10-08 11:00:00+00:00,32.0,256.0,NVIDIA RTX PRO Server 6000,1.0,96.0,100 Gigabit,1.0,1900.0,x86_64,2026-10-08,2026-10-08 20:27:06,4.9104
ap-northeast-1,gr6.4xlarge,Windows,ap-northeast-1c,1.1362,2026-10-08 11:00:00+00:00,16.0,128.0,NVIDIA L4,1.0,22.3515625,Up to 25 Gigabit,1.0,600.0,x86_64,2026-10-08,2026-10-08 20:27:06,1.1362
ap-northeast-1,gr6.8xlarge,Windows,ap-northeast-1a,2.1001,2026-10-08 11:00:00+00:00,32.0,256.0,NVIDIA L4,1.0,22.3515625,25 Gigabit,1.0,900.0,x86_64,2026-10-08,2026-10-08 20:27:06,2.1001
ap-northeast-1,gr6f.4xlarge,Linux,ap-northeast-1a,0.3977,2026-10-08 11:00:00+00:00,16.0,128.0,NVIDIA L4,0.0,11.17578125,Up to 25 Gigabit,1.0,450.0,x86_64,2026-10-08,2026-10-08 20:27:06,
ap-northeast-1,gr6f.4xlarge,Windows,ap-northeast-1a,0.8906,2026-10-08 11:00:00+00:00,16.0,128.0,NVIDIA L4,0.0,11.17578125,Up to 25 Gigabit,1.0,450.0,x86_64,2026-10-08,2026-10-08 20:27:06,
ap-northeast-1,inf1.24xlarge,Linux,ap-northeast-1c,2.7797,2026-10-08 11:00:00+00:00,96.0,192.0,Inferentia,16.0,128.0,100 Gigabit,1.0,0.0,x86_64,2026-10-08,2026-10-08 20:27:06,0.17373125
ap-northeast-2,inf1.2xlarge,Linux,ap-northeast-2c,0.0446,2026-10-08 11:00:00+00:00,8.0,16.0,Inferentia,1.0,8.0,Up to 25 Gigabit,1.0,0.0,x86_64,2026-10-08,2026-10-08 20:27:06,0.0446
ap-northeast-2,gr6f.4xlarge,Linux,ap-northeast-2a,0.3358,2026-10-08 11:00:00+00:00,16.0,128.0,NVIDIA L4,0.0,11.17578125,Up to 25 Gigabit,1.0,450.0,x86_64,2026-10-08,2026-10-08 20:27:06,
ap-northeast-2,gr6.8xlarge,Linux,ap-northeast-2d,0.3568,2026-10-08 11:00:00+00:00,32.0,256.0,NVIDIA L4,1.0,22.3515625,25 Gigabit,1.0,900.0,x86_64,2026-10-08,2026-10-08 20:27:06,0.3568
ap-northeast-2,g7e.8xlarge,Linux,ap-northeast-2b,2.9147,2026-10-08 11:00:00+00:00,32.0,256.0,NVIDIA RTX PRO Server 6000,1.0,96.0,100 Gigabit,1.0,1900.0,x86_64,2026-10-08,2026-10-08 20:27:06,2.9147
ap-northeast-1,g5.12xlarge,Windows,ap-northeast-1c,6.9899,2026-10-08 11:00:00+00:00,48.0,192.0,NVIDIA A10G,4.0,89.40625,40 Gigabit,1.0,3800.0,x86_64,2026-10-08,2026-10-08 20:27:06,1.747475
ap-northeast-2,g7e.48xlarge,Windows,ap-northeast-2b,45.5063,2026-10-08 11:00:00+00:00,192.0,2048.0,NVIDIA RTX PRO Server 6000,8.0,768.0,1600 Gigabit,4.0,15200.0,x86_64,2026-10-08,2026-10-08 20:27:06,5.6882875
ap-northeast-2,g7e.48xlarge,Windows,ap-northeast-2a,45.5063,2026-10-08 11:00:00+00:00,192.0,2048.0,NVIDIA RTX PRO Server 6000,8.0,768.0,1600 Gigabit,4.0,15200.0,x86_64,2026-10-08,2026-10-08 20:27:06,5.6882875
ap-northeast-2,g7e.24xlarge,Linux,ap-northeast-2a,18.3371,2026-10-08 11:00:00+00:00,96.0,1024.0,NVIDIA RTX PRO Server 6000,4.0,384.0,800 Gigabit,2.0,7600.0,x86_64,2026-10-08,2026-10-08 20:27:06,4.584275
ap-northeast-2,g7e.12xlarge,Windows,ap-northeast-2b,11.3766,2026-10-08 11:00:00+00:00,48.0,512.0,NVIDIA RTX PRO Server 6000,2.0,192.0,400 Gigabit,1.0,3800.0,x86_64,2026-10-08,2026-10-08 20:27:06,5.6883
ap-northeast-2,g6f.xlarge,Windows,ap-northeast-2c,0.3154,2026-10-08 11:00:00+00:00,4.0,16.0,NVIDIA L4,0.0,2.7939453125,Up to 10 Gigabit,1.0,100.0,x86_64,2026-10-08,2026-10-08 20:27:06,
ap-northeast-2,g6f.xlarge,Windows,ap-northeast-2a,0.3154,2026-10-08 11:00:00+00:00,4.0,16.0,NVIDIA L4,0.0,2.7939453125,Up to 10 Gigabit,1.0,100.0,x86_64,2026-10-08,2026-10-08 20:27:06,
ap-northeast-2,g6f.xlarge,Linux,ap-northeast-2c,0.132,2026-10-08 11:00:00+00:00,4.0,16.0,NVIDIA L4,0.0,2.7939453125,Up to 10 Gigabit,1.0,100.0,x86_64,2026-10-08,2026-10-08 20:27:06,
ap-northeast-2,g6f.large,Windows,ap-northeast-2c,0.2038,2026-10-08 11:00:00+00:00,2.0,8.0,NVIDIA L4,0.0,2.7939453125,Up to 10 Gigabit,1.0,100.0,x86_64,2026-10-08,2026-10-08 20:27:06,
ap-northeast-2,g6f.4xlarge,Windows,ap-northeast-2c,1.2617,2026-10-08 11:00:00+00:00,16.0,64.0,NVIDIA L4,0.0,11.17578125,Up to 25 Gigabit,1.0,450.0,x86_64,2026-10-08,2026-10-08 20:27:06,
ap-northeast-2,g6f.4xlarge,Linux,ap-northeast-2c,0.5257,2026-10-08 11:00:00+00:00,16.0,64.0,NVIDIA L4,0.0,11.17578125,Up to 25 Gigabit,1.0,450.0,x86_64,2026-10-08,2026-10-08 20:27:06,
ap-northeast-2,g6e.48xlarge,Linux,ap-northeast-2a,17.8101,2026-10-08 11:00:00+00:00,192.0,1536.0,NVIDIA L40S,8.0,357.625,400 Gigabit,4.0,7600.0,x86_64,2026-10-08,2026-10-08 20:27:06,2.2262625
ap-northeast-1,g7e.48xlarge,Linux,ap-northeast-1c,24.6479,2026-10-08 11:00:00+00:00,192.0,2048.0,NVIDIA RTX PRO Server 6000,8.0,768.0,1600 Gigabit,4.0,15200.0,x86_64,2026-10-08,2026-10-08 20:27:06,3.0809875
ap-northeast-1,g7e.24xlarge,Windows,ap-northeast-1a,26.0471,2026-10-08 11:00:00+00:00,96.0,1024.0,NVIDIA RTX PRO Server 6000,4.0,384.0,800 Gigabit,2.0,7600.0,x86_64,2026-10-08,2026-10-08 20:27:06,6.511775
ap-northeast-1,g6f.large,Linux,ap-northeast-1a,0.133,2026-10-08 11:00:00+00:00,2.0,8.0,NVIDIA L4,0.0,2.7939453125,Up to 10 Gigabit,1.0,100.0,x86_64,2026-10-08,2026-10-08 20:27:06,
ap-northeast-1,g6f.2xlarge,Linux,ap-northeast-1a,0.3101,2026-10-08 11:00:00+00:00,8.0,32.0,NVIDIA L4,0.0,5.587890625,Up to 10 Gigabit,1.0,200.0,x86_64,2026-10-08,2026-10-08 20:27:06,
ap-northeast-1,g5.24xlarge,Linux,ap-northeast-1a,10.6301,2026-10-08 11:00:00+00:00,96.0,384.0,NVIDIA A10G,4.0,89.40625,50 Gigabit,1.0,3800.0,x86_64,2026-10-08,2026-10-08 20:27:06,2.657525
ap-northeast-1,g5.24xlarge,Windows,ap-northeast-1c,15.0461,2026-10-08 11:00:00+00:00,96.0,384.0,NVIDIA A10G,4.0,89.40625,50 Gigabit,1.0,3800.0,x86_64,2026-10-08,2026-10-08 20:27:06,3.761525
ap-northeast-1,g5.2xlarge,Linux,ap-northeast-1a,0.8526,2026-10-08 11:00:00+00:00,8.0,32.0,NVIDIA A10G,1.0,22.3515625,Up to 10 Gigabit,1.0,450.0,x86_64,2026-10-08,2026-10-08 20:27:06,0.8526
ap-northeast-1,g5.4xlarge,Windows,ap-northeast-1c,1.7959,2026-10-08 11:00:00+00:00,16.0,64.0,NVIDIA A10G,1.0,22.3515625,Up to 25 Gigabit,1.0,600.0,x86_64,2026-10-08,2026-10-08 20:27:06,1.7959
ap-northeast-1,g5.8xlarge,Windows,ap-northeast-1c,3.0696,2026-10-08 11:00:00+00:00,32.0,128.0,NVIDIA A10G,1.0,22.3515625,25 Gigabit,1.0,900.0,x86_64,2026-10-08,2026-10-08 20:27:06,3.0696
ap-northeast-1,g5g.16xlarge,Linux,ap-northeast-1c,1.6669,2026-10-08 11:00:00+00:00,64.0,128.0,NVIDIA T4g,2.0,32.0,25 Gigabit,1.0,0.0,arm64,2026-10-08,2026-10-08 20:27:06,0.83345
ap-northeast-1,g5g.2xlarge,Linux,ap-northeast-1c,0.3454,2026-10-08 11:00:00+00:00,8.0,16.0,NVIDIA T4g,1.0,16.0,Up to 10 Gigabit,1.0,0.0,arm64,2026-10-08,2026-10-08 20:27:06,0.3454
ap-northeast-1,g5g.4xlarge,Linux,ap-northeast-1d,0.5034,2026-10-08 11:00:00+00:00,16.0,32.0,NVIDIA T4g,1.0,16.0,Up to 10 Gigabit,1.0,0.0,arm64,2026-10-08,2026-10-08 20:27:06,0.5034
ap-northeast-1,g5g.xlarge,Linux,ap-northeast-1c,0.2553,2026-10-08 11:00:00+00:00,4.0,8.0,NVIDIA T4g,1.0,16.0,Up to 10 Gigabit,1.0,0.0,arm64,2026-10-08,2026-10-08 20:27:06,0.2553
ap-northeast-1,g5g.xlarge,Linux,ap-northeast-1d,0.2606,2026-10-08 11:00:00+00:00,4.0,8.0,NVIDIA T4g,1.0,16.0,Up to 10 Gigabit,1.0,0.0,arm64,2026-10-08,2026-10-08 20:27:06,0.2606
ap-northeast-1,g6.12xlarge,Windows,ap-northeast-1a,5.2117,2026-10-08 11:00:00+00:00,48.0,192.0,NVIDIA L4,4.0,89.40625,40 Gigabit,1.0,3760.0,x86_64,2026-10-08,2026-10-08 20:27:06,1.302925
ap-northeast-1,g6.16xlarge,Linux,ap-northeast-1c,2.4455,2026-10-08 11:00:00+00:00,64.0,256.0,NVIDIA L4,1.0,22.3515625,25 Gigabit,1.0,1880.0,x86_64,2026-10-08,2026-10-08 20:27:06,2.4455
ap-northeast-1,g6.16xlarge,Windows,ap-northeast-1a,5.1609,2026-10-08 11:00:00+00:00,64.0,256.0,NVIDIA L4,1.0,22.3515625,25 Gigabit,1.0,1880.0,x86_64,2026-10-08,2026-10-08 20:27:06,5.1609
ap-northeast-1,g6.2xlarge,Linux,ap-northeast-1c,0.706,2026-10-08 11:00:00+00:00,8.0,32.0,NVIDIA L4,1.0,22.3515625,Up to 10 Gigabit,1.0,450.0,x86_64,2026-10-08,2026-10-08 20:27:06,0.706
ap-northeast-1,g6.48xlarge,Windows,ap-northeast-1c,17.5457,2026-10-08 11:00:00+00:00,192.0,768.0,NVIDIA L4,8.0,178.8125,100 Gigabit,1.0,7520.0,x86_64,2026-10-08,2026-10-08 20:27:06,2.1932125
ap-northeast-1,g6e.12xlarge,Windows,ap-northeast-1a,9.056,2026-10-08 11:00:00+00:00,48.0,384.0,NVIDIA L40S,4.0,178.8125,100 Gigabit,1.0,3800.0,x86_64,2026-10-08,2026-10-08 20:27:06,2.264
ap-northeast-1,g6e.24xlarge,Windows,ap-northeast-1c,14.2491,2026-10-08 11:00:00+00:00,96.0,768.0,NVIDIA L40S,4.0,178.8125,200 Gigabit,2.0,3800.0,x86_64,2026-10-08,2026-10-08 20:27:06,3.562275
ap-northeast-1,g6e.48xlarge,Linux,ap-northeast-1c,21.2317,2026-10-08 11:00:00+00:00,192.0,1536.0,NVIDIA L40S,8.0,357.625,400 Gigabit,4.0,7600.0,x86_64,2026-10-08,2026-10-08 20:27:06,2.6539625
ap-northeast-1,g6e.4xlarge,Linux,ap-northeast-1c,2.0761,2026-10-08 11:00:00+00:00,16.0,128.0,NVIDIA L40S,1.0,44.703125,20 Gigabit,1.0,600.0,x86_64,2026-10-08,2026-10-08 20:27:06,2.0761
ap-northeast-1,g6e.4xlarge,Windows,ap-northeast-1a,2.6968,2026-10-08 11:00:00+00:00,16.0,128.0,NVIDIA L40S,1.0,44.703125,20 Gigabit,1.0,600.0,x86_64,2026-10-08,2026-10-08 20:27:06,2.6968
ap-northeast-1,g6e.8xlarge,Linux,ap-northeast-1a,3.3484,2026-10-08 11:00:00+00:00,32.0,256.0,NVIDIA L40S,1.0,44.703125,25 Gigabit,1.0,900.0,x86_64,2026-10-08,2026-10-08 20:27:06,3.3484
ap-northeast-1,g6e.xlarge,Linux,ap-northeast-1c,1.4014,2026-10-08 11:00:00+00:00,4.0,32.0,NVIDIA L40S,1.0,44.703125,Up to 20 Gigabit,1.0,250.0,x86_64,2026-10-08,2026-10-08 20:27:06,1.4014
ap-northeast-1,g6f.2xlarge,Linux,ap-northeast-1c,0.3101,2026-10-08 11:00:00+00:00,8.0,32.0,NVIDIA L4,0.0,5.587890625,Up to 10 Gigabit,1.0,200.0,x86_64,2026-10-08,2026-10-08 20:27:06,
ap-northeast-2,g6e.2xlarge,Linux,ap-northeast-2a,1.3872,2026-10-08 11:00:00+00:00,8.0,64.0,NVIDIA L40S,1.0,44.703125,Up to 20 Gigabit,1.0,450.0,x86_64,2026-10-08,2026-10-08 20:27:06,1.3872
ap-northeast-2,g6e.16xlarge,Linux,ap-northeast-2b,4.2762,2026-10-08 11:00:00+00:00,64.0,512.0,NVIDIA L40S,1.0,44.703125,35 Gigabit,1.0,1900.0,x86_64,2026-10-08,2026-10-08 20:27:06,4.2762
ap-northeast-2,g6e.16xlarge,Linux,ap-northeast-2a,4.2652,2026-10-08 11:00:00+00:00,64.0,512.0,NVIDIA L40S,1.0,44.703125,35 Gigabit,1.0,1900.0,x86_64,2026-10-08,2026-10-08 20:27:06,4.2652
ap-northeast-1,p4d.24xlarge,Linux,ap-northeast-1a,6.5358,2026-10-08 11:00:00+00:00,96.0,1152.0,NVIDIA A100,8.0,320.0,4x 100 Gigabit,4.0,8000.0,x86_64,2026-10-08,2026-10-08 20:27:06,0.816975
ap-southeast-1,inf2.xlarge,Linux,ap-southeast-1a,0.2503,2026-10-08 11:00:00+00:00,4.0,16.0,Inferentia2,1.0,32.0,Up to 15 Gigabit,1.0,0.0,x86_64,2026-10-08,2026-10-08 20:27:06,0.2503
ap-southeast-1,inf2.24xlarge,Linux,ap-southeast-1c,1.555,2026-10-08 11:00:00+00:00,96.0,384.0,Inferentia2,6.0,192.0,50 Gigabit,1.0,0.0,x86_64,2026-10-08,2026-10-08 20:27:06,0.25916666666666666
ap-southeast-1,inf1.24xlarge,Linux,ap-southeast-1a,1.068,2026-10-08 11:00:00+00:00,96.0,192.0,Inferentia,16.0,128.0,100 Gigabit,1.0,0.0,x86_64,2026-10-08,2026-10-08 20:27:06,0.06675
ap-southeast-1,g5g.4xlarge,Linux,ap-southeast-1b,0.521,2026-10-08 11:00:00+00:00,16.0,32.0,NVIDIA T4g,1.0,16.0,Up to 10 Gigabit,1.0,0.0,arm64,2026-10-08,2026-10-08 20:27:06,0.521
ap-southeast-1,g5g.2xlarge,Linux,ap-southeast-1a,0.3818,2026-10-08 11:00:00+00:00,8.0,16.0,NVIDIA T4g,1.0,16.0,Up to 10 Gigabit,1.0,0.0,arm64,2026-10-08,2026-10-08 20:27:06,0.3818
ap-southeast-1,g4dn.metal,Windows,ap-southeast-1a,5.5108,2026-10-08 11:00:00+00:00,96.0,384.0,NVIDIA T4,8.0,128.0,100 Gigabit,1.0,1800.0,x86_64,2026-10-08,2026-10-08 20:27:06,0.68885
ap-southeast-1,g4dn.metal,Linux,ap-southeast-1c,3.4823,2026-10-08 11:00:00+00:00,96.0,384.0,NVIDIA T4,8.0,128.0,100 Gigabit,1.0,1800.0,x86_64,2026-10-08,2026-10-08 20:27:06,0.4352875
ap-southeast-1,g4dn.metal,Linux,ap-southeast-1b,3.7809,2026-10-08 11:00:00+00:00,96.0,384.0,NVIDIA T4,8.0,128.0,100 Gigabit,1.0,1800.0,x86_64,2026-10-08,2026-10-08 20:27:06,0.4726125
ap-southeast-1,g4dn.4xlarge,Linux,ap-southeast-1b,0.6766,2026-10-08 11:00:00+00:00,16.0,64.0,NVIDIA T4,1.0,16.0,Up to 25 Gigabit,1.0,225.0,x86_64,2026-10-08,2026-10-08 20:27:06,0.6766
ap-southeast-1,g4dn.2xlarge,Linux,ap-southeast-1b,0.5385,2026-10-08 11:00:00+00:00,8.0,32.0,NVIDIA T4,1.0,16.0,Up to 25 Gigabit,1.0,225.0,x86_64,2026-10-08,2026-10-08 20:27:06,0.5385
ap-southeast-1,g4dn.12xlarge,Windows,ap-southeast-1c,2.7554,2026-10-08 11:00:00+00:00,48.0,192.0,NVIDIA T4,4.0,64.0,50 Gigabit,1.0,900.0,x86_64,2026-10-08,2026-10-08 20:27:06,0.68885
ap-northeast-1,g4dn.2xlarge,Windows,ap-northeast-1d,0.8254,2026-10-08 11:00:00+00:00,8.0,32.0,NVIDIA T4,1.0,16.0,Up to 25 Gigabit,1.0,225.0,x86_64,2026-10-08,2026-10-08 20:27:06,0.8254
ap-northeast-1,g4dn.2xlarge,Windows,ap-northeast-1c,0.8257,2026-10-08 11:00:00+00:00,8.0,32.0,NVIDIA T4,1.0,16.0,Up to 25 Gigabit,1.0,225.0,x86_64,2026-10-08,2026-10-08 20:27:06,0.8257
ap-northeast-3,g6e.xlarge,Linux,ap-northeast-3c,1.0596,2026-10-08 11:00:00+00:00,4.0,32.0,NVIDIA L40S,1.0,44.703125,Up to 20 Gigabit,1.0,250.0,x86_64,2026-10-08,2026-10-08 20:27:06,1.0596
ap-northeast-3,g6e.8xlarge,Windows,ap-northeast-3c,2.3299,2026-10-08 11:00:00+00:00,32.0,256.0,NVIDIA L40S,1.0,44.703125,25 Gigabit,1.0,900.0,x86_64,2026-10-08,2026-10-08 20:27:06,2.3299
ap-northeast-3,g6e.4xlarge,Linux,ap-northeast-3b,1.7371,2026-10-08 11:00:00+00:00,16.0,128.0,NVIDIA L40S,1.0,44.703125,20 Gigabit,1.0,600.0,x86_64,2026-10-08,2026-10-08 20:27:06,1.7371
ap-northeast-3,g6e.48xlarge,Windows,ap-northeast-3c,45.0753,2026-10-08 11:00:00+00:00,192.0,1536.0,NVIDIA L40S,8.0,357.625,400 Gigabit,4.0,7600.0,x86_64,2026-10-08,2026-10-08 20:27:06,5.6344125
ap-northeast-3,g6e.48xlarge,Linux,ap-northeast-3c,39.4824,2026-10-08 11:00:00+00:00,192.0,1536.0,NVIDIA L40S,8.0,357.625,400 Gigabit,4.0,7600.0,x86_64,2026-10-08,2026-10-08 20:27:06,4.9353
ap-northeast-3,g6e.12xlarge,Windows,ap-northeast-3c,6.3142,2026-10-08 11:00:00+00:00,48.0,384.0,NVIDIA L40S,4.0,178.8125,100 Gigabit,1.0,3800.0,x86_64,2026-10-08,2026-10-08 20:27:06,1.57855
ap-northeast-3,g6e.12xlarge,Linux,ap-northeast-3b,6.3389,2026-10-08 11:00:00+00:00,48.0,384.0,NVIDIA L40S,4.0,178.8125,100 Gigabit,1.0,3800.0,x86_64,2026-10-08,2026-10-08 20:27:06,1.584725
ap-northeast-3,g4dn.4xlarge,Linux,ap-northeast-3b,0.4531,2026-10-08 11:00:00+00:00,16.0,64.0,NVIDIA T4,1.0,16.0,Up to 25 Gigabit,1.0,225.0,x86_64,2026-10-08,2026-10-08 20:27:06,0.4531
ap-northeast-3,g4dn.2xlarge,Windows,ap-northeast-3b,0.4695,2026-10-08 11:00:00+00:00,8.0,32.0,NVIDIA T4,1.0,16.0,Up to 25 Gigabit,1.0,225.0,x86_64,2026-10-08,2026-10-08 20:27:06,0.4695
ap-northeast-1,vt1.24xlarge,Linux,ap-northeast-1a,6.5459,2026-10-08 11:00:00+00:00,96.0,192.0,,0.0,0.0,25 Gigabit,1.0,0.0,x86_64,2026-10-08,2026-10-08 20:27:06,
ap-northeast-1,p4de.24xlarge,Linux,ap-northeast-1c,21.2584,2026-10-08 11:00:00+00:00,96.0,1152.0,NVIDIA A100,8.0,640.0,4x 100 Gigabit,4.0,8000.0,x86_64,2026-10-08,2026-10-08 20:27:06,2.6573
ap-northeast-1,inf2.48xlarge,Linux,ap-northeast-1a,19.4719,2026-10-08 11:00:00+00:00,192.0,768.0,Inferentia2,12.0,384.0,100 Gigabit,1.0,0.0,x86_64,2026-10-08,2026-10-08 20:27:06,1.6226583333333335
ap-northeast-2,g6e.12xlarge,Windows,ap-northeast-2b,8.0133,2026-10-08 11:00:00+00:00,48.0,384.0,NVIDIA L40S,4.0,178.8125,100 Gigabit,1.0,3800.0,x86_64,2026-10-08,2026-10-08 20:27:06,2.003325
ap-northeast-1,inf1.xlarge,Linux,ap-northeast-1c,0.0752,2026-10-08 11:00:00+00:00,4.0,8.0,Inferentia,1.0,8.0,Up to 25 Gigabit,1.0,0.0,x86_64,2026-10-08,2026-10-08 20:27:06,0.0752
ap-northeast-2,g6.xlarge,Linux,ap-northeast-2a,0.4819,2026-10-08 11:00:00+00:00,4.0,16.0,NVIDIA L4,1.0,22.3515625,Up to 10 Gigabit,1.0,250.0,x86_64,2026-10-08,2026-10-08 20:27:06,0.4819
ap-northeast-2,g6.4xlarge,Windows,ap-northeast-2d,1.4682,2026-10-08 11:00:00+00:00,16.0,64.0,NVIDIA L4,1.0,22.3515625,Up to 25 Gigabit,1.0,600.0,x86_64,2026-10-08,2026-10-08 20:27:06,1.4682
ap-northeast-2,g6.2xlarge,Windows,ap-northeast-2c,0.9089,2026-10-08 11:00:00+00:00,8.0,32.0,NVIDIA L4,1.0,22.3515625,Up to 10 Gigabit,1.0,450.0,x86_64,2026-10-08,2026-10-08 20:27:06,0.9089
ap-northeast-2,g6.2xlarge,Linux,ap-northeast-2c,0.5532,2026-10-08 11:00:00+00:00,8.0,32.0,NVIDIA L4,1.0,22.3515625,Up to 10 Gigabit,1.0,450.0,x86_64,2026-10-08,2026-10-08 20:27:06,0.5532
ap-northeast-2,g6.24xlarge,Windows,ap-northeast-2d,8.1098,2026-10-08 11:00:00+00:00,96.0,384.0,NVIDIA L4,4.0,89.40625,50 Gigabit,1.0,3760.0,x86_64,2026-10-08,2026-10-08 20:27:06,2.02745
ap-northeast-2,g6.16xlarge,Linux,ap-northeast-2a,1.8851,2026-10-08 11:00:00+00:00,64.0,256.0,NVIDIA L4,1.0,22.3515625,25 Gigabit,1.0,1880.0,x86_64,2026-10-08,2026-10-08 20:27:06,1.8851
ap-northeast-2,g6.12xlarge,Linux,ap-northeast-2c,3.5467,2026-10-08 11:00:00+00:00,48.0,192.0,NVIDIA L4,4.0,89.40625,40 Gigabit,1.0,3760.0,x86_64,2026-10-08,2026-10-08 20:27:06,0.886675
ap-northeast-2,g5.8xlarge,Linux,ap-northeast-2d,1.4151,2026-10-08 11:00:00+00:00,32.0,128.0,NVIDIA A10G,1.0,22.3515625,25 Gigabit,1.0,900.0,x86_64,2026-10-08,2026-10-08 20:27:06,1.4151
ap-northeast-2,g5.8xlarge,Linux,ap-northeast-2a,1.3668,2026-10-08 11:00:00+00:00,32.0,128.0,NVIDIA A10G,1.0,22.3515625,25 Gigabit,1.0,900.0,x86_64,2026-10-08,2026-10-08 20:27:06,1.3668
ap-northeast-2,g5.4xlarge,Linux,ap-northeast-2c,0.9062,2026-10-08 11:00:00+00:00,16.0,64.0,NVIDIA A10G,1.0,22.3515625,Up to 25 Gigabit,1.0,600.0,x86_64,2026-10-08,2026-10-08 20:27:06,0.9062
ap-northeast-2,g5.24xlarge,Windows,ap-northeast-2c,8.9223,2026-10-08 11:00:00+00:00,96.0,384.0,NVIDIA A10G,4.0,89.40625,50 Gigabit,1.0,3800.0,x86_64,2026-10-08,2026-10-08 20:27:06,2.230575
ap-northeast-2,g5.24xlarge,Linux,ap-northeast-2a,4.8232,2026-10-08 11:00:00+00:00,96.0,384.0,NVIDIA A10G,4.0,89.40625,50 Gigabit,1.0,3800.0,x86_64,2026-10-08,2026-10-08 20:27:06,1.2058
ap-northeast-2,g5.16xlarge,Windows,ap-northeast-2a,5.2104,2026-10-08 11:00:00+00:00,64.0,256.0,NVIDIA A10G,1.0,22.3515625,25 Gigabit,1.0,1900.0,x86_64,2026-10-08,2026-10-08 20:27:06,5.2104
ap-northeast-2,g5.12xlarge,Linux,ap-northeast-2a,3.5761,2026-10-08 11:00:00+00:00,48.0,192.0,NVIDIA A10G,4.0,89.40625,40 Gigabit,1.0,3800.0,x86_64,2026-10-08,2026-10-08 20:27:06,0.894025
ap-northeast-2,g4dn.8xlarge,Windows,ap-northeast-2a,2.6767,2026-10-08 11:00:00+00:00,32.0,128.0,NVIDIA T4,1.0,16.0,50 Gigabit,1.0,900.0,x86_64,2026-10-08,2026-10-08 20:27:06,2.6767
ap-northeast-2,g4dn.4xlarge,Linux,ap-northeast-2a,0.687,2026-10-08 11:00:00+00:00,16.0,64.0,NVIDIA T4,1.0,16.0,Up to 25 Gigabit,1.0,225.0,x86_64,2026-10-08,2026-10-08 20:27:06,0.687
ap-northeast-2,g4dn.2xlarge,Windows,ap-northeast-2b,0.7843,2026-10-08 11:00:00+00:00,8.0,32.0,NVIDIA T4,1.0,16.0,Up to 25 Gigabit,1.0,225.0,x86_64,2026-10-08,2026-10-08 20:27:06,0.7843
ap-northeast-2,g4dn.2xlarge,Linux,ap-northeast-2a,0.4392,2026-10-08 11:00:00+00:00,8.0,32.0,NVIDIA T4,1.0,16.0,Up to 25 Gigabit,1.0,225.0,x86_64,2026-10-08,2026-10-08 20:27:06,0.4392
ap-northeast-2,g4dn.16xlarge,Windows,ap-northeast-2c,5.3529,2026-10-08 11:00:00+00:00,64.0,256.0,NVIDIA T4,1.0,16.0,50 Gigabit,1.0,900.0,x86_64,2026-10-08,2026-10-08 20:27:06,5.3529
ap-northeast-2,g4dn.16xlarge,Linux,ap-northeast-2b,2.4104,2026-10-08 11:00:00+00:00,64.0,256.0,NVIDIA T4,1.0,16.0,50 Gigabit,1.0,900.0,x86_64,2026-10-08,2026-10-08 20:27:06,2.4104
ap-northeast-2,g4dn.16xlarge,Linux,ap-northeast-2a,2.41,2026-10-08 11:00:00+00:00,64.0,256.0,NVIDIA T4,1.0,16.0,50 Gigabit,1.0,900.0,x86_64,2026-10-08,2026-10-08 20:27:06,2.41
ap-northeast-1,inf1.2xlarge,Linux,ap-northeast-1d,0.1086,2026-10-08 11:00:00+00:00,8.0,16.0,Inferentia,1.0,8.0,Up to 25 Gigabit,1.0,0.0,x86_64,2026-10-08,2026-10-08 20:27:06,0.1086
ap-northeast-1,inf1.6xlarge,Linux,ap-northeast-1a,0.4278,2026-10-08 11:00:00+00:00,24.0,48.0,Inferentia,4.0,32.0,25 Gigabit,1.0,0.0,x86_64,2026-10-08,2026-10-08 20:27:06,0.10695
ap-northeast-1,g5.24xlarge,Linux,ap-northeast-1c,10.6301,2026-10-08 11:00:00+00:00,96.0,384.0,NVIDIA A10G,4.0,89.40625,50 Gigabit,1.0,3800.0,x86_64,2026-10-08,2026-10-08 20:27:06,2.657525
ap-northeast-2,inf1.6xlarge,Linux,ap-northeast-2c,0.1453,2026-10-08 11:00:00+00:00,24.0,48.0,Inferentia,4.0,32.0,25 Gigabit,1.0,0.0,x86_64,2026-10-08,2026-10-08 20:27:06,0.036325
ap-northeast-1,g4dn.xlarge,Windows,ap-northeast-1c,0.5035,2026-10-08 11:00:00+00:00,4.0,16.0,NVIDIA T4,1.0,16.0,Up to 25 Gigabit,1.0,125.0,x86_64,2026-10-08,2026-10-08 20:27:06,0.5035
ap-south-1,g4dn.4xlarge,Linux,ap-south-1c,0.5297,2026-10-08 11:00:00+00:00,16.0,64.0,NVIDIA T4,1.0,16.0,Up to 25 Gigabit,1.0,225.0,x86_64,2026-10-08,2026-10-08 20:27:06,0.5297
ap-southeast-2,g4dn.2xlarge,Windows,ap-southeast-2c,0.6416,2026-10-08 11:00:00+00:00,8.0,32.0,NVIDIA T4,1.0,16.0,Up to 25 Gigabit,1.0,225.0,x86_64,2026-10-08,2026-10-08 20:27:06,0.6416
ap-southeast-2,g4dn.12xlarge,Windows,ap-southeast-2a,2.7167,2026-10-08 11:00:00+00:00,48.0,192.0,NVIDIA T4,4.0,64.0,50 Gigabit,1.0,900.0,x86_64,2026-10-08,2026-10-08 20:27:06,0.679175
ap-southeast-2,g4dn.12xlarge,Linux,ap-southeast-2b,2.55,2026-10-08 11:00:00+00:00,48.0,192.0,NVIDIA T4,4.0,64.0,50 Gigabit,1.0,900.0,x86_64,2026-10-08,2026-10-08 20:27:06,0.6375
ap-south-1,g4dn.12xlarge,Linux,ap-south-1a,1.823,2026-10-08 11:00:00+00:00,48.0,192.0,NVIDIA T4,4.0,64.0,50 Gigabit,1.0,900.0,x86_64,2026-10-08,2026-10-08 20:27:06,0.45575
ap-south-1,g4dn.12xlarge,Windows,ap-south-1c,2.6386,2026-10-08 11:00:00+00:00,48.0,192.0,NVIDIA T4,4.0,64.0,50 Gigabit,1.0,900.0,x86_64,2026-10-08,2026-10-08 20:27:06,0.65965
ap-south-1,g4dn.12xlarge,Windows,ap-south-1b,2.6386,2026-10-08 11:00:00+00:00,48.0,192.0,NVIDIA T4,4.0,64.0,50 Gigabit,1.0,900.0,x86_64,2026-10-08,2026-10-08 20:27:06,0.65965
ap-south-1,g4dn.16xlarge,Windows,ap-south-1b,3.4231,2026-10-08 11:00:00+00:00,64.0,256.0,NVIDIA T4,1.0,16.0,50 Gigabit,1.0,900.0,x86_64,2026-10-08,2026-10-08 20:27:06,3.4231
ap-southeast-2,gr6f.4xlarge,Windows,ap-southeast-2a,0.9784,2026-10-08 11:00:00+00:00,16.0,128.0,NVIDIA L4,0.0,11.17578125,Up to 25 Gigabit,1.0,450.0,x86_64,2026-10-08,2026-10-08 20:27:06,
ap-south-1,g4dn.metal,Linux,ap-south-1b,3.2459,2026-10-08 11:00:00+00:00,96.0,384.0,NVIDIA T4,8.0,128.0,100 Gigabit,1.0,1800.0,x86_64,2026-10-08,2026-10-08 20:27:06,0.4057375
ap-southeast-2,g4dn.8xlarge,Windows,ap-southeast-2c,2.2286,2026-10-08 11:00:00+00:00,32.0,128.0,NVIDIA T4,1.0,16.0,50 Gigabit,1.0,900.0,x86_64,2026-10-08,2026-10-08 20:27:06,2.2286
ap-south-1,g5.16xlarge,Linux,ap-south-1b,1.5679,2026-10-08 11:00:00+00:00,64.0,256.0,NVIDIA A10G,1.0,22.3515625,25 Gigabit,1.0,1900.0,x86_64,2026-10-08,2026-10-08 20:27:06,1.5679
ap-south-1,g5.48xlarge,Linux,ap-south-1a,19.5586,2026-10-08 11:00:00+00:00,192.0,768.0,NVIDIA A10G,8.0,178.8125,100 Gigabit,1.0,7600.0,x86_64,2026-10-08,2026-10-08 20:27:06,2.444825
ap-south-1,g5.8xlarge,Linux,ap-south-1b,2.9396,2026-10-08 11:00:00+00:00,32.0,128.0,NVIDIA A10G,1.0,22.3515625,25 Gigabit,1.0,900.0,x86_64,2026-10-08,2026-10-08 20:27:06,2.9396
ap-south-1,g6.24xlarge,Linux,ap-south-1a,8.0156,2026-10-08 11:00:00+00:00,96.0,384.0,NVIDIA L4,4.0,89.40625,50 Gigabit,1.0,3760.0,x86_64,2026-10-08,2026-10-08 20:27:06,2.0039
ap-south-1,g6.24xlarge,Windows,ap-south-1b,6.9815,2026-10-08 11:00:00+00:00,96.0,384.0,NVIDIA L4,4.0,89.40625,50 Gigabit,1.0,3760.0,x86_64,2026-10-08,2026-10-08 20:27:06,1.745375
ap-south-1,g6.2xlarge,Linux,ap-south-1a,0.4269,2026-10-08 11:00:00+00:00,8.0,32.0,NVIDIA L4,1.0,22.3515625,Up to 10 Gigabit,1.0,450.0,x86_64,2026-10-08,2026-10-08 20:27:06,0.4269
ap-south-1,g6.8xlarge,Linux,ap-south-1b,0.8797,2026-10-08 11:00:00+00:00,32.0,128.0,NVIDIA L4,1.0,22.3515625,25 Gigabit,1.0,900.0,x86_64,2026-10-08,2026-10-08 20:27:06,0.8797
ap-south-1,g6.xlarge,Windows,ap-south-1a,0.4108,2026-10-08 11:00:00+00:00,4.0,16.0,NVIDIA L4,1.0,22.3515625,Up to 10 Gigabit,1.0,250.0,x86_64,2026-10-08,2026-10-08 20:27:06,0.4108
ap-southeast-2,g4dn.4xlarge,Windows,ap-southeast-2c,1.2003,2026-10-08 11:00:00+00:00,16.0,64.0,NVIDIA T4,1.0,16.0,Up to 25 Gigabit,1.0,225.0,x86_64,2026-10-08,2026-10-08 20:27:06,1.2003
ap-southeast-2,g4dn.8xlarge,Windows,ap-southeast-2b,1.755,2026-10-08 11:00:00+00:00,32.0,128.0,NVIDIA T4,1.0,16.0,50 Gigabit,1.0,900.0,x86_64,2026-10-08,2026-10-08 20:27:06,1.755
ap-south-1,g6e.xlarge,Windows,ap-south-1a,1.3515,2026-10-08 11:00:00+00:00,4.0,32.0,NVIDIA L40S,1.0,44.703125,Up to 20 Gigabit,1.0,250.0,x86_64,2026-10-08,2026-10-08 20:27:06,1.3515
ap-southeast-2,g6.xlarge,Windows,ap-southeast-2b,0.5261,2026-10-08 11:00:00+00:00,4.0,16.0,NVIDIA L4,1.0,22.3515625,Up to 10 Gigabit,1.0,250.0,x86_64,2026-10-08,2026-10-08 20:27:06,0.5261
ap-southeast-2,inf1.xlarge,Linux,ap-southeast-2c,0.0881,2026-10-08 11:00:00+00:00,4.0,8.0,Inferentia,1.0,8.0,Up to 25 Gigabit,1.0,0.0,x86_64,2026-10-08,2026-10-08 20:27:06,0.0881
ap-southeast-2,p5.48xlarge,Linux,ap-southeast-2b,27.8144,2026-10-08 11:00:00+00:00,192.0,2048.0,NVIDIA H100,8.0,640.0,3200 Gigabit,32.0,30400.0,x86_64,2026-10-08,2026-10-08 20:27:06,3.4768
ap-southeast-2,p5.4xlarge,Linux,ap-southeast-2b,3.5236,2026-10-08 11:00:00+00:00,16.0,256.0,NVIDIA H100,1.0,80.0,100 Gigabit,1.0,3800.0,x86_64,2026-10-08,2026-10-08 20:27:06,3.5236
ap-southeast-2,p5.4xlarge,Windows,ap-southeast-2b,3.7516,2026-10-08 11:00:00+00:00,16.0,256.0,NVIDIA H100,1.0,80.0,100 Gigabit,1.0,3800.0,x86_64,2026-10-08,2026-10-08 20:27:06,3.7516
ap-southeast-2,g6f.xlarge,Windows,ap-southeast-2a,0.2333,2026-10-08 11:00:00+00:00,4.0,16.0,NVIDIA L4,0.0,2.7939453125,Up to 10 Gigabit,1.0,100.0,x86_64,2026-10-08,2026-10-08 20:27:06,
ap-southeast-2,g6f.large,Linux,ap-southeast-2c,0.2626,2026-10-08 11:00:00+00:00,2.0,8.0,NVIDIA L4,0.0,2.7939453125,Up to 10 Gigabit,1.0,100.0,x86_64,2026-10-08,2026-10-08 20:27:06,
ap-southeast-2,g6f.4xlarge,Windows,ap-southeast-2c,1.9712,2026-10-08 11:00:00+00:00,16.0,64.0,NVIDIA L4,0.0,11.17578125,Up to 25 Gigabit,1.0,450.0,x86_64,2026-10-08,2026-10-08 20:27:06,
ap-southeast-2,g6f.2xlarge,Windows,ap-southeast-2a,0.5442,2026-10-08 11:00:00+00:00,8.0,32.0,NVIDIA L4,0.0,5.587890625,Up to 10 Gigabit,1.0,200.0,x86_64,2026-10-08,2026-10-08 20:27:06,
ap-southeast-2,g6.4xlarge,Windows,ap-southeast-2c,0.908,2026-10-08 11:00:00+00:00,16.0,64.0,NVIDIA L4,1.0,22.3515625,Up to 25 Gigabit,1.0,600.0,x86_64,2026-10-08,2026-10-08 20:27:06,0.908
ap-southeast-2,g4dn.metal,Windows,ap-southeast-2a,5.4334,2026-10-08 11:00:00+00:00,96.0,384.0,NVIDIA T4,8.0,128.0,100 Gigabit,1.0,1800.0,x86_64,2026-10-08,2026-10-08 20:27:06,0.679175
ap-southeast-2,g6.4xlarge,Linux,ap-southeast-2b,0.5915,2026-10-08 11:00:00+00:00,16.0,64.0,NVIDIA L4,1.0,22.3515625,Up to 25 Gigabit,1.0,600.0,x86_64,2026-10-08,2026-10-08 20:27:06,0.5915
ap-southeast-2,g6.48xlarge,Windows,ap-southeast-2c,26.1902,2026-10-08 11:00:00+00:00,192.0,768.0,NVIDIA L4,8.0,178.8125,100 Gigabit,1.0,7520.0,x86_64,2026-10-08,2026-10-08 20:27:06,3.273775
ap-southeast-2,g6.48xlarge,Linux,ap-southeast-2c,17.3582,2026-10-08 11:00:00+00:00,192.0,768.0,NVIDIA L4,8.0,178.8125,100 Gigabit,1.0,7520.0,x86_64,2026-10-08,2026-10-08 20:27:06,2.169775
ap-northeast-1,g4dn.metal,Windows,ap-northeast-1d,9.1689,2026-10-08 11:00:00+00:00,96.0,384.0,NVIDIA T4,8.0,128.0,100 Gigabit,1.0,1800.0,x86_64,2026-10-08,2026-10-08 20:27:06,1.1461125
ap-southeast-2,g6.2xlarge,Linux,ap-southeast-2b,0.6394,2026-10-08 11:00:00+00:00,8.0,32.0,NVIDIA L4,1.0,22.3515625,Up to 10 Gigabit,1.0,450.0,x86_64,2026-10-08,2026-10-08 20:27:06,0.6394
ap-southeast-2,g5.xlarge,Windows,ap-southeast-2c,0.5752,2026-10-08 11:00:00+00:00,4.0,16.0,NVIDIA A10G,1.0,22.3515625,Up to 10 Gigabit,1.0,250.0,x86_64,2026-10-08,2026-10-08 20:27:06,0.5752
ap-southeast-2,g4dn.xlarge,Linux,ap-southeast-2a,0.3031,2026-10-08 11:00:00+00:00,4.0,16.0,NVIDIA T4,1.0,16.0,Up to 25 Gigabit,1.0,125.0,x86_64,2026-10-08,2026-10-08 20:27:06,0.3031
ap-southeast-2,g4dn.metal,Windows,ap-southeast-2c,10.6971,2026-10-08 11:00:00+00:00,96.0,384.0,NVIDIA T4,8.0,128.0,100 Gigabit,1.0,1800.0,x86_64,2026-10-08,2026-10-08 20:27:06,1.3371375
ap-south-1,g6e.8xlarge,Windows,ap-south-1a,2.2943,2026-10-08 11:00:00+00:00,32.0,256.0,NVIDIA L40S,1.0,44.703125,25 Gigabit,1.0,900.0,x86_64,2026-10-08,2026-10-08 20:27:06,2.2943
ap-south-1,g4dn.2xlarge,Linux,ap-south-1c,0.2828,2026-10-08 11:00:00+00:00,8.0,32.0,NVIDIA T4,1.0,16.0,Up to 25 Gigabit,1.0,225.0,x86_64,2026-10-08,2026-10-08 20:27:06,0.2828
ap-south-1,g6f.2xlarge,Windows,ap-south-1a,0.5178,2026-10-08 11:00:00+00:00,8.0,32.0,NVIDIA L4,0.0,5.587890625,Up to 10 Gigabit,1.0,200.0,x86_64,2026-10-08,2026-10-08 20:27:06,
ap-south-1,inf2.24xlarge,Linux,ap-south-1b,2.5498,2026-10-08 11:00:00+00:00,96.0,384.0,Inferentia2,6.0,192.0,50 Gigabit,1.0,0.0,x86_64,2026-10-08,2026-10-08 20:27:06,0.42496666666666666
ap-northeast-1,g4dn.metal,Linux,ap-northeast-1a,5.3296,2026-10-08 11:00:00+00:00,96.0,384.0,NVIDIA T4,8.0,128.0,100 Gigabit,1.0,1800.0,x86_64,2026-10-08,2026-10-08 20:27:06,0.6662
ap-northeast-1,g4dn.8xlarge,Windows,ap-northeast-1a,2.7941,2026-10-08 11:00:00+00:00,32.0,128.0,NVIDIA T4,1.0,16.0,50 Gigabit,1.0,900.0,x86_64,2026-10-08,2026-10-08 20:27:06,2.7941
ap-northeast-1,g4dn.8xlarge,Linux,ap-northeast-1a,1.3861,2026-10-08 11:00:00+00:00,32.0,128.0,NVIDIA T4,1.0,16.0,50 Gigabit,1.0,900.0,x86_64,2026-10-08,2026-10-08 20:27:06,1.3861
ap-northeast-1,g4dn.4xlarge,Linux,ap-northeast-1c,0.7438,2026-10-08 11:00:00+00:00,16.0,64.0,NVIDIA T4,1.0,16.0,Up to 25 Gigabit,1.0,225.0,x86_64,2026-10-08,2026-10-08 20:27:06,0.7438
ap-northeast-1,g4dn.4xlarge,Windows,ap-northeast-1d,1.4673,2026-10-08 11:00:00+00:00,16.0,64.0,NVIDIA T4,1.0,16.0,Up to 25 Gigabit,1.0,225.0,x86_64,2026-10-08,2026-10-08 20:27:06,1.4673
ap-south-1,g6f.2xlarge,Windows,ap-south-1b,0.4602,2026-10-08 11:00:00+00:00,8.0,32.0,NVIDIA L4,0.0,5.587890625,Up to 10 Gigabit,1.0,200.0,x86_64,2026-10-08,2026-10-08 20:27:06,
ap-southeast-2,g4dn.12xlarge,Linux,ap-southeast-2a,2.6524,2026-10-08 11:00:00+00:00,48.0,192.0,NVIDIA T4,4.0,64.0,50 Gigabit,1.0,900.0,x86_64,2026-10-08,2026-10-08 20:27:06,0.6631
ap-south-1,p5en.48xlarge,Linux,ap-south-1b,26.913,2026-10-08 11:00:00+00:00,192.0,2048.0,NVIDIA H200,8.0,1128.0,3200 Gigabit,16.0,30400.0,x86_64,2026-10-08,2026-10-08 20:27:06,3.364125
ap-south-1,p5.48xlarge,Linux,ap-south-1b,20.9773,2026-10-08 11:00:00+00:00,192.0,2048.0,NVIDIA H100,8.0,640.0,3200 Gigabit,32.0,30400.0,x86_64,2026-10-08,2026-10-08 20:27:06,2.6221625
ap-south-1,p4d.24xlarge,Linux,ap-south-1b,26.3444,2026-10-08 11:00:00+00:00,96.0,1152.0,NVIDIA A100,8.0,320.0,4x 100 Gigabit,4.0,8000.0,x86_64,2026-10-08,2026-10-08 20:27:06,3.29305
ap-southeast-2,gr6.8xlarge,Linux,ap-southeast-2c,0.7999,2026-10-08 11:00:00+00:00,32.0,256.0,NVIDIA L4,1.0,22.3515625,25 Gigabit,1.0,900.0,x86_64,2026-10-08,2026-10-08 20:27:06,0.7999
ap-south-1,inf1.xlarge,Linux,ap-south-1b,0.071,2026-10-08 11:00:00+00:00,4.0,8.0,Inferentia,1.0,8.0,Up to 25 Gigabit,1.0,0.0,x86_64,2026-10-08,2026-10-08 20:27:06,0.071
ap-south-1,g7e.48xlarge,Linux,ap-south-1a,54.1351,2026-10-08 11:00:00+00:00,192.0,2048.0,NVIDIA RTX PRO Server 6000,8.0,768.0,1600 Gigabit,4.0,15200.0,x86_64,2026-10-08,2026-10-08 20:27:06,6.7668875
ap-south-1,g7e.4xlarge,Windows,ap-south-1b,1.656,2026-10-08 11:00:00+00:00,16.0,128.0,NVIDIA RTX PRO Server 6000,1.0,96.0,50 Gigabit,1.0,1900.0,x86_64,2026-10-08,2026-10-08 20:27:06,1.656
ap-south-1,gr6.4xlarge,Linux,ap-south-1a,0.5494,2026-10-08 11:00:00+00:00,16.0,128.0,NVIDIA L4,1.0,22.3515625,Up to 25 Gigabit,1.0,600.0,x86_64,2026-10-08,2026-10-08 20:27:06,0.5494
ap-south-1,inf1.6xlarge,Linux,ap-south-1a,0.367,2026-10-08 11:00:00+00:00,24.0,48.0,Inferentia,4.0,32.0,25 Gigabit,1.0,0.0,x86_64,2026-10-08,2026-10-08 20:27:06,0.09175
ap-south-1,g7e.4xlarge,Linux,ap-south-1a,3.3305,2026-10-08 11:00:00+00:00,16.0,128.0,NVIDIA RTX PRO Server 6000,1.0,96.0,50 Gigabit,1.0,1900.0,x86_64,2026-10-08,2026-10-08 20:27:06,3.3305
ap-south-1,g7e.24xlarge,Windows,ap-south-1b,31.4835,2026-10-08 11:00:00+00:00,96.0,1024.0,NVIDIA RTX PRO Server 6000,4.0,384.0,800 Gigabit,2.0,7600.0,x86_64,2026-10-08,2026-10-08 20:27:06,7.870875
ap-south-1,g6f.xlarge,Windows,ap-south-1b,0.4692,2026-10-08 11:00:00+00:00,4.0,16.0,NVIDIA L4,0.0,2.7939453125,Up to 10 Gigabit,1.0,100.0,x86_64,2026-10-08,2026-10-08 20:27:06,
ap-south-1,gr6.4xlarge,Linux,ap-south-1b,0.5904,2026-10-08 11:00:00+00:00,16.0,128.0,NVIDIA L4,1.0,22.3515625,Up to 25 Gigabit,1.0,600.0,x86_64,2026-10-08,2026-10-08 20:27:06,0.5904
ap-south-1,inf1.2xlarge,Linux,ap-south-1a,0.1238,2026-10-08 11:00:00+00:00,8.0,16.0,Inferentia,1.0,8.0,Up to 25 Gigabit,1.0,0.0,x86_64,2026-10-08,2026-10-08 20:27:06,0.1238
eu-north-1,g4dn.16xlarge,Windows,eu-north-1a,3.4057,2026-10-08 10:00:00+00:00,64.0,256.0,NVIDIA T4,1.0,16.0,50 Gigabit,1.0,900.0,x86_64,2026-10-08,2026-10-08 20:27:06,3.4057
eu-north-1,g4dn.xlarge,Linux,eu-north-1a,0.1113,2026-10-08 10:00:00+00:00,4.0,16.0,NVIDIA T4,1.0,16.0,Up to 25 Gigabit,1.0,125.0,x86_64,2026-10-08,2026-10-08 20:27:06,0.1113
ap-northeast-1,g6f.4xlarge,Linux,ap-northeast-1a,0.6219,2026-10-08 10:00:00+00:00,16.0,64.0,NVIDIA L4,0.0,11.17578125,Up to 25 Gigabit,1.0,450.0,x86_64,2026-10-08,2026-10-08 20:27:06,
eu-north-1,g4dn.2xlarge,Linux,eu-north-1a,0.1245,2026-10-08 10:00:00+00:00,8.0,32.0,NVIDIA T4,1.0,16.0,Up to 25 Gigabit,1.0,225.0,x86_64,2026-10-08,2026-10-08 20:27:06,0.1245
eu-north-1,g4dn.4xlarge,Linux,eu-north-1c,0.1848,2026-10-08 10:00:00+00:00,16.0,64.0,NVIDIA T4,1.0,16.0,Up to 25 Gigabit,1.0,225.0,x86_64,2026-10-08,2026-10-08 20:27:06,0.1848
eu-north-1,g4dn.4xlarge,Windows,eu-north-1a,0.8637,2026-10-08 10:00:00+00:00,16.0,64.0,NVIDIA T4,1.0,16.0,Up to 25 Gigabit,1.0,225.0,x86_64,2026-10-08,2026-10-08 20:27:06,0.8637
eu-north-1,g4dn.8xlarge,Windows,eu-north-1c,1.7727,2026-10-08 10:00:00+00:00,32.0,128.0,NVIDIA T4,1.0,16.0,50 Gigabit,1.0,900.0,x86_64,2026-10-08,2026-10-08 20:27:06,1.7727
eu-north-1,g4dn.metal,Linux,eu-north-1b,3.4435,2026-10-08 10:00:00+00:00,96.0,384.0,NVIDIA T4,8.0,128.0,100 Gigabit,1.0,1800.0,x86_64,2026-10-08,2026-10-08 20:27:06,0.4304375
ap-northeast-1,g6e.16xlarge,Windows,ap-northeast-1a,7.8895,2026-10-08 10:00:00+00:00,64.0,512.0,NVIDIA L40S,1.0,44.703125,35 Gigabit,1.0,1900.0,x86_64,2026-10-08,2026-10-08 20:27:06,7.8895
ap-northeast-1,g6e.4xlarge,Linux,ap-northeast-1a,2.0956,2026-10-08 10:00:00+00:00,16.0,128.0,NVIDIA L40S,1.0,44.703125,20 Gigabit,1.0,600.0,x86_64,2026-10-08,2026-10-08 20:27:06,2.0956
ap-northeast-1,g6e.2xlarge,Linux,ap-northeast-1c,1.5508,2026-10-08 10:00:00+00:00,8.0,64.0,NVIDIA L40S,1.0,44.703125,Up to 20 Gigabit,1.0,450.0,x86_64,2026-10-08,2026-10-08 20:27:06,1.5508
ap-northeast-1,g6e.24xlarge,Linux,ap-northeast-1c,9.8571,2026-10-08 10:00:00+00:00,96.0,768.0,NVIDIA L40S,4.0,178.8125,200 Gigabit,2.0,3800.0,x86_64,2026-10-08,2026-10-08 20:27:06,2.464275
ap-northeast-3,g4dn.12xlarge,Windows,ap-northeast-3b,2.7361,2026-10-08 10:00:00+00:00,48.0,192.0,NVIDIA T4,4.0,64.0,50 Gigabit,1.0,900.0,x86_64,2026-10-08,2026-10-08 20:27:06,0.684025
ap-northeast-3,g6e.16xlarge,Windows,ap-northeast-3c,4.0429,2026-10-08 10:00:00+00:00,64.0,512.0,NVIDIA L40S,1.0,44.703125,35 Gigabit,1.0,1900.0,x86_64,2026-10-08,2026-10-08 20:27:06,4.0429
ap-northeast-1,g6.xlarge,Linux,ap-northeast-1c,0.5682,2026-10-08 10:00:00+00:00,4.0,16.0,NVIDIA L4,1.0,22.3515625,Up to 10 Gigabit,1.0,250.0,x86_64,2026-10-08,2026-10-08 20:27:06,0.5682
ap-northeast-1,g6.8xlarge,Windows,ap-northeast-1a,2.7867,2026-10-08 10:00:00+00:00,32.0,128.0,NVIDIA L4,1.0,22.3515625,25 Gigabit,1.0,900.0,x86_64,2026-10-08,2026-10-08 20:27:06,2.7867
ap-northeast-1,g6.48xlarge,Linux,ap-northeast-1c,8.7336,2026-10-08 10:00:00+00:00,192.0,768.0,NVIDIA L4,8.0,178.8125,100 Gigabit,1.0,7520.0,x86_64,2026-10-08,2026-10-08 20:27:06,1.0917
eu-north-1,g4dn.xlarge,Linux,eu-north-1c,0.1307,2026-10-08 10:00:00+00:00,4.0,16.0,NVIDIA T4,1.0,16.0,Up to 25 Gigabit,1.0,125.0,x86_64,2026-10-08,2026-10-08 20:27:06,0.1307
ap-northeast-1,g6.2xlarge,Windows,ap-northeast-1c,1.0076,2026-10-08 10:00:00+00:00,8.0,32.0,NVIDIA L4,1.0,22.3515625,Up to 10 Gigabit,1.0,450.0,x86_64,2026-10-08,2026-10-08 20:27:06,1.0076
eu-north-1,g4dn.12xlarge,Linux,eu-north-1c,0.9644,2026-10-08 10:00:00+00:00,48.0,192.0,NVIDIA T4,4.0,64.0,50 Gigabit,1.0,900.0,x86_64,2026-10-08,2026-10-08 20:27:06,0.2411
ap-northeast-1,p3dn.24xlarge,Windows,ap-northeast-1a,8.6943,2026-10-08 10:00:00+00:00,96.0,768.0,NVIDIA V100,8.0,256.0,100 Gigabit,1.0,1800.0,x86_64,2026-10-08,2026-10-08 20:27:06,1.0867875
ap-northeast-3,g4dn.16xlarge,Linux,ap-northeast-3c,1.4863,2026-10-08 10:00:00+00:00,64.0,256.0,NVIDIA T4,1.0,16.0,50 Gigabit,1.0,900.0,x86_64,2026-10-08,2026-10-08 20:27:06,1.4863
ap-northeast-3,g4dn.4xlarge,Linux,ap-northeast-3c,0.4255,2026-10-08 10:00:00+00:00,16.0,64.0,NVIDIA T4,1.0,16.0,Up to 25 Gigabit,1.0,225.0,x86_64,2026-10-08,2026-10-08 20:27:06,0.4255
ap-northeast-3,g6e.24xlarge,Linux,ap-northeast-3c,21.8496,2026-10-08 10:00:00+00:00,96.0,768.0,NVIDIA L40S,4.0,178.8125,200 Gigabit,2.0,3800.0,x86_64,2026-10-08,2026-10-08 20:27:06,5.4624
ap-northeast-3,g6e.24xlarge,Windows,ap-northeast-3c,26.2656,2026-10-08 10:00:00+00:00,96.0,768.0,NVIDIA L40S,4.0,178.8125,200 Gigabit,2.0,3800.0,x86_64,2026-10-08,2026-10-08 20:27:06,6.5664
ap-northeast-3,g6e.48xlarge,Linux,ap-northeast-3b,18.0624,2026-10-08 10:00:00+00:00,192.0,1536.0,NVIDIA L40S,8.0,357.625,400 Gigabit,4.0,7600.0,x86_64,2026-10-08,2026-10-08 20:27:06,2.2578
ap-northeast-3,g6e.4xlarge,Linux,ap-northeast-3c,2.5347,2026-10-08 10:00:00+00:00,16.0,128.0,NVIDIA L40S,1.0,44.703125,20 Gigabit,1.0,600.0,x86_64,2026-10-08,2026-10-08 20:27:06,2.5347
ap-northeast-3,g6e.xlarge,Linux,ap-northeast-3b,1.2548,2026-10-08 10:00:00+00:00,4.0,32.0,NVIDIA L40S,1.0,44.703125,Up to 20 Gigabit,1.0,250.0,x86_64,2026-10-08,2026-10-08 20:27:06,1.2548
ap-northeast-3,g6e.16xlarge,Linux,ap-northeast-3c,1.9954,2026-10-08 10:00:00+00:00,64.0,512.0,NVIDIA L40S,1.0,44.703125,35 Gigabit,1.0,1900.0,x86_64,2026-10-08,2026-10-08 20:27:06,1.9954
ap-northeast-3,g6e.16xlarge,Linux,ap-northeast-3b,2.7786,2026-10-08 10:00:00+00:00,64.0,512.0,NVIDIA L40S,1.0,44.703125,35 Gigabit,1.0,1900.0,x86_64,2026-10-08,2026-10-08 20:27:06,2.7786
ap-northeast-3,g6e.12xlarge,Linux,ap-northeast-3c,5.4877,2026-10-08 10:00:00+00:00,48.0,384.0,NVIDIA L40S,4.0,178.8125,100 Gigabit,1.0,3800.0,x86_64,2026-10-08,2026-10-08 20:27:06,1.371925
ap-northeast-3,g4dn.xlarge,Windows,ap-northeast-3c,0.255,2026-10-08 10:00:00+00:00,4.0,16.0,NVIDIA T4,1.0,16.0,Up to 25 Gigabit,1.0,125.0,x86_64,2026-10-08,2026-10-08 20:27:06,0.255
ap-northeast-3,g4dn.4xlarge,Windows,ap-northeast-3b,0.8985,2026-10-08 10:00:00+00:00,16.0,64.0,NVIDIA T4,1.0,16.0,Up to 25 Gigabit,1.0,225.0,x86_64,2026-10-08,2026-10-08 20:27:06,0.8985
ap-northeast-3,g4dn.2xlarge,Linux,ap-northeast-3c,0.2949,2026-10-08 10:00:00+00:00,8.0,32.0,NVIDIA T4,1.0,16.0,Up to 25 Gigabit,1.0,225.0,x86_64,2026-10-08,2026-10-08 20:27:06,0.2949
ap-northeast-1,vt1.6xlarge,Linux,ap-northeast-1a,1.6365,2026-10-08 10:00:00+00:00,24.0,48.0,,0.0,0.0,6.25 Gigabit,1.0,0.0,x86_64,2026-10-08,2026-10-08 20:27:06,
ap-northeast-3,g4dn.16xlarge,Windows,ap-northeast-3c,3.5315,2026-10-08 10:00:00+00:00,64.0,256.0,NVIDIA T4,1.0,16.0,50 Gigabit,1.0,900.0,x86_64,2026-10-08,2026-10-08 20:27:06,3.5315
ap-northeast-1,g7e.24xlarge,Linux,ap-northeast-1a,21.6311,2026-10-08 10:00:00+00:00,96.0,1024.0,NVIDIA RTX PRO Server 6000,4.0,384.0,800 Gigabit,2.0,7600.0,x86_64,2026-10-08,2026-10-08 20:27:06,5.407775
ap-northeast-1,g7e.48xlarge,Windows,ap-northeast-1c,30.4683,2026-10-08 10:00:00+00:00,192.0,2048.0,NVIDIA RTX PRO Server 6000,8.0,768.0,1600 Gigabit,4.0,15200.0,x86_64,2026-10-08,2026-10-08 20:27:06,3.8085375
ap-northeast-1,g7e.48xlarge,Windows,ap-northeast-1a,52.0942,2026-10-08 10:00:00+00:00,192.0,2048.0,NVIDIA RTX PRO Server 6000,8.0,768.0,1600 Gigabit,4.0,15200.0,x86_64,2026-10-08,2026-10-08 20:27:06,6.511775
ap-northeast-1,g7e.8xlarge,Linux,ap-northeast-1c,3.9583,2026-10-08 10:00:00+00:00,32.0,256.0,NVIDIA RTX PRO Server 6000,1.0,96.0,100 Gigabit,1.0,1900.0,x86_64,2026-10-08,2026-10-08 20:27:06,3.9583
ap-northeast-1,gr6.4xlarge,Linux,ap-northeast-1c,0.7734,2026-10-08 10:00:00+00:00,16.0,128.0,NVIDIA L4,1.0,22.3515625,Up to 25 Gigabit,1.0,600.0,x86_64,2026-10-08,2026-10-08 20:27:06,0.7734
ap-northeast-1,gr6.4xlarge,Linux,ap-northeast-1a,0.7823,2026-10-08 10:00:00+00:00,16.0,128.0,NVIDIA L4,1.0,22.3515625,Up to 25 Gigabit,1.0,600.0,x86_64,2026-10-08,2026-10-08 20:27:06,0.7823
ap-northeast-1,gr6.8xlarge,Windows,ap-northeast-1c,2.0992,2026-10-08 10:00:00+00:00,32.0,256.0,NVIDIA L4,1.0,22.3515625,25 Gigabit,1.0,900.0,x86_64,2026-10-08,2026-10-08 20:27:06,2.0992
ap-northeast-1,inf1.6xlarge,Linux,ap-northeast-1d,0.2814,2026-10-08 10:00:00+00:00,24.0,48.0,Inferentia,4.0,32.0,25 Gigabit,1.0,0.0,x86_64,2026-10-08,2026-10-08 20:27:06,0.07035
ap-northeast-1,inf2.24xlarge,Linux,ap-northeast-1c,9.736,2026-10-08 10:00:00+00:00,96.0,384.0,Inferentia2,6.0,192.0,50 Gigabit,1.0,0.0,x86_64,2026-10-08,2026-10-08 20:27:06,1.6226666666666667
ap-northeast-1,g7e.4xlarge,Windows,ap-northeast-1a,4.4766,2026-10-08 10:00:00+00:00,16.0,128.0,NVIDIA RTX PRO Server 6000,1.0,96.0,50 Gigabit,1.0,1900.0,x86_64,2026-10-08,2026-10-08 20:27:06,4.4766
eu-north-1,g6e.2xlarge,Linux,eu-north-1b,0.9385,2026-10-08 10:00:00+00:00,8.0,64.0,NVIDIA L40S,1.0,44.703125,Up to 20 Gigabit,1.0,450.0,x86_64,2026-10-08,2026-10-08 20:27:06,0.9385
eu-north-1,g5.12xlarge,Windows,eu-north-1c,2.8096,2026-10-08 10:00:00+00:00,48.0,192.0,NVIDIA A10G,4.0,89.40625,40 Gigabit,1.0,3800.0,x86_64,2026-10-08,2026-10-08 20:27:06,0.7024
eu-west-2,g5.4xlarge,Windows,eu-west-2b,0.9421,2026-10-08 10:00:00+00:00,16.0,64.0,NVIDIA A10G,1.0,22.3515625,Up to 25 Gigabit,1.0,600.0,x86_64,2026-10-08,2026-10-08 20:27:06,0.9421
eu-west-2,g6.2xlarge,Linux,eu-west-2b,0.4233,2026-10-08 10:00:00+00:00,8.0,32.0,NVIDIA L4,1.0,22.3515625,Up to 10 Gigabit,1.0,450.0,x86_64,2026-10-08,2026-10-08 20:27:06,0.4233
eu-west-2,g6.24xlarge,Linux,eu-west-2b,2.9597,2026-10-08 10:00:00+00:00,96.0,384.0,NVIDIA L4,4.0,89.40625,50 Gigabit,1.0,3760.0,x86_64,2026-10-08,2026-10-08 20:27:06,0.739925
eu-west-2,g6.16xlarge,Linux,eu-west-2b,1.2101,2026-10-08 10:00:00+00:00,64.0,256.0,NVIDIA L4,1.0,22.3515625,25 Gigabit,1.0,1880.0,x86_64,2026-10-08,2026-10-08 20:27:06,1.2101
ap-northeast-1,g6.16xlarge,Windows,ap-northeast-1c,5.1609,2026-10-08 10:00:00+00:00,64.0,256.0,NVIDIA L4,1.0,22.3515625,25 Gigabit,1.0,1880.0,x86_64,2026-10-08,2026-10-08 20:27:06,5.1609
eu-west-2,g5.8xlarge,Windows,eu-west-2a,1.7962,2026-10-08 10:00:00+00:00,32.0,128.0,NVIDIA A10G,1.0,22.3515625,25 Gigabit,1.0,900.0,x86_64,2026-10-08,2026-10-08 20:27:06,1.7962
eu-west-2,g5.8xlarge,Linux,eu-west-2a,0.8758,2026-10-08 10:00:00+00:00,32.0,128.0,NVIDIA A10G,1.0,22.3515625,25 Gigabit,1.0,900.0,x86_64,2026-10-08,2026-10-08 20:27:06,0.8758
eu-west-2,g5.48xlarge,Linux,eu-west-2a,20.6757,2026-10-08 10:00:00+00:00,192.0,768.0,NVIDIA A10G,8.0,178.8125,100 Gigabit,1.0,7600.0,x86_64,2026-10-08,2026-10-08 20:27:06,2.5844625
eu-west-2,g4dn.16xlarge,Linux,eu-west-2c,1.383,2026-10-08 10:00:00+00:00,64.0,256.0,NVIDIA T4,1.0,16.0,50 Gigabit,1.0,900.0,x86_64,2026-10-08,2026-10-08 20:27:06,1.383
eu-west-2,g5.16xlarge,Windows,eu-west-2a,3.4639,2026-10-08 10:00:00+00:00,64.0,256.0,NVIDIA A10G,1.0,22.3515625,25 Gigabit,1.0,1900.0,x86_64,2026-10-08,2026-10-08 20:27:06,3.4639
eu-west-2,g4dn.xlarge,Windows,eu-west-2c,0.2455,2026-10-08 10:00:00+00:00,4.0,16.0,NVIDIA T4,1.0,16.0,Up to 25 Gigabit,1.0,125.0,x86_64,2026-10-08,2026-10-08 20:27:06,0.2455
eu-west-2,g4dn.xlarge,Linux,eu-west-2b,0.2079,2026-10-08 10:00:00+00:00,4.0,16.0,NVIDIA T4,1.0,16.0,Up to 25 Gigabit,1.0,125.0,x86_64,2026-10-08,2026-10-08 20:27:06,0.2079
eu-west-2,g4dn.8xlarge,Windows,eu-west-2c,1.7266,2026-10-08 10:00:00+00:00,32.0,128.0,NVIDIA T4,1.0,16.0,50 Gigabit,1.0,900.0,x86_64,2026-10-08,2026-10-08 20:27:06,1.7266
eu-west-2,g4dn.8xlarge,Linux,eu-west-2b,0.6942,2026-10-08 10:00:00+00:00,32.0,128.0,NVIDIA T4,1.0,16.0,50 Gigabit,1.0,900.0,x86_64,2026-10-08,2026-10-08 20:27:06,0.6942
eu-west-2,g4dn.4xlarge,Windows,eu-west-2a,0.8888,2026-10-08 10:00:00+00:00,16.0,64.0,NVIDIA T4,1.0,16.0,Up to 25 Gigabit,1.0,225.0,x86_64,2026-10-08,2026-10-08 20:27:06,0.8888
eu-west-2,g6.2xlarge,Windows,eu-west-2c,0.5899,2026-10-08 10:00:00+00:00,8.0,32.0,NVIDIA L4,1.0,22.3515625,Up to 10 Gigabit,1.0,450.0,x86_64,2026-10-08,2026-10-08 20:27:06,0.5899
eu-west-2,g6.4xlarge,Linux,eu-west-2b,0.5335,2026-10-08 10:00:00+00:00,16.0,64.0,NVIDIA L4,1.0,22.3515625,Up to 25 Gigabit,1.0,600.0,x86_64,2026-10-08,2026-10-08 20:27:06,0.5335
eu-west-2,g6.4xlarge,Windows,eu-west-2a,0.9244,2026-10-08 10:00:00+00:00,16.0,64.0,NVIDIA L4,1.0,22.3515625,Up to 25 Gigabit,1.0,600.0,x86_64,2026-10-08,2026-10-08 20:27:06,0.9244
eu-west-2,g6.8xlarge,Linux,eu-west-2c,0.8932,2026-10-08 10:00:00+00:00,32.0,128.0,NVIDIA L4,1.0,22.3515625,25 Gigabit,1.0,900.0,x86_64,2026-10-08,2026-10-08 20:27:06,0.8932
eu-west-2,g6.8xlarge,Linux,eu-west-2a,0.8344,2026-10-08 10:00:00+00:00,32.0,128.0,NVIDIA L4,1.0,22.3515625,25 Gigabit,1.0,900.0,x86_64,2026-10-08,2026-10-08 20:27:06,0.8344
eu-west-2,g6.xlarge,Linux,eu-west-2b,0.4011,2026-10-08 10:00:00+00:00,4.0,16.0,NVIDIA L4,1.0,22.3515625,Up to 10 Gigabit,1.0,250.0,x86_64,2026-10-08,2026-10-08 20:27:06,0.4011
eu-west-2,g6f.large,Windows,eu-west-2a,0.1554,2026-10-08 10:00:00+00:00,2.0,8.0,NVIDIA L4,0.0,2.7939453125,Up to 10 Gigabit,1.0,100.0,x86_64,2026-10-08,2026-10-08 20:27:06,
eu-west-2,g6f.xlarge,Windows,eu-west-2b,0.2179,2026-10-08 10:00:00+00:00,4.0,16.0,NVIDIA L4,0.0,2.7939453125,Up to 10 Gigabit,1.0,100.0,x86_64,2026-10-08,2026-10-08 20:27:06,
eu-west-2,g7e.8xlarge,Windows,eu-west-2a,3.8355,2026-10-08 10:00:00+00:00,32.0,256.0,NVIDIA RTX PRO Server 6000,1.0,96.0,100 Gigabit,1.0,1900.0,x86_64,2026-10-08,2026-10-08 20:27:06,3.8355
eu-west-2,inf1.24xlarge,Linux,eu-west-2c,0.637,2026-10-08 10:00:00+00:00,96.0,192.0,Inferentia,16.0,128.0,100 Gigabit,1.0,0.0,x86_64,2026-10-08,2026-10-08 20:27:06,0.0398125
eu-west-2,inf1.xlarge,Linux,eu-west-2b,0.0395,2026-10-08 10:00:00+00:00,4.0,8.0,Inferentia,1.0,8.0,Up to 25 Gigabit,1.0,0.0,x86_64,2026-10-08,2026-10-08 20:27:06,0.0395
eu-west-2,inf2.24xlarge,Linux,eu-west-2a,0.9736,2026-10-08 10:00:00+00:00,96.0,384.0,Inferentia2,6.0,192.0,50 Gigabit,1.0,0.0,x86_64,2026-10-08,2026-10-08 20:27:06,0.16226666666666667
eu-west-2,inf2.xlarge,Linux,eu-west-2a,0.1301,2026-10-08 10:00:00+00:00,4.0,16.0,Inferentia2,1.0,32.0,Up to 15 Gigabit,1.0,0.0,x86_64,2026-10-08,2026-10-08 20:27:06,0.1301
ap-southeast-1,g4dn.2xlarge,Linux,ap-southeast-1c,0.4936,2026-10-08 10:00:00+00:00,8.0,32.0,NVIDIA T4,1.0,16.0,Up to 25 Gigabit,1.0,225.0,x86_64,2026-10-08,2026-10-08 20:27:06,0.4936
ap-southeast-1,g4dn.2xlarge,Windows,ap-southeast-1c,0.5495,2026-10-08 10:00:00+00:00,8.0,32.0,NVIDIA T4,1.0,16.0,Up to 25 Gigabit,1.0,225.0,x86_64,2026-10-08,2026-10-08 20:27:06,0.5495
ap-southeast-1,g4dn.4xlarge,Linux,ap-southeast-1c,0.6352,2026-10-08 10:00:00+00:00,16.0,64.0,NVIDIA T4,1.0,16.0,Up to 25 Gigabit,1.0,225.0,x86_64,2026-10-08,2026-10-08 20:27:06,0.6352
ap-southeast-1,g4dn.8xlarge,Linux,ap-southeast-1c,0.6158,2026-10-08 10:00:00+00:00,32.0,128.0,NVIDIA T4,1.0,16.0,50 Gigabit,1.0,900.0,x86_64,2026-10-08,2026-10-08 20:27:06,0.6158
eu-west-2,g4dn.2xlarge,Windows,eu-west-2a,0.4669,2026-10-08 10:00:00+00:00,8.0,32.0,NVIDIA T4,1.0,16.0,Up to 25 Gigabit,1.0,225.0,x86_64,2026-10-08,2026-10-08 20:27:06,0.4669
ap-northeast-2,g4dn.12xlarge,Windows,ap-northeast-2a,4.3734,2026-10-08 10:00:00+00:00,48.0,192.0,NVIDIA T4,4.0,64.0,50 Gigabit,1.0,900.0,x86_64,2026-10-08,2026-10-08 20:27:06,1.09335
ap-northeast-2,g5.24xlarge,Windows,ap-northeast-2d,8.9223,2026-10-08 10:00:00+00:00,96.0,384.0,NVIDIA A10G,4.0,89.40625,50 Gigabit,1.0,3800.0,x86_64,2026-10-08,2026-10-08 20:27:06,2.230575
eu-north-1,g6.24xlarge,Linux,eu-north-1b,1.8972,2026-10-08 10:00:00+00:00,96.0,384.0,NVIDIA L4,4.0,89.40625,50 Gigabit,1.0,3760.0,x86_64,2026-10-08,2026-10-08 20:27:06,0.4743
eu-north-1,g6e.16xlarge,Linux,eu-north-1b,2.2051,2026-10-08 10:00:00+00:00,64.0,512.0,NVIDIA L40S,1.0,44.703125,35 Gigabit,1.0,1900.0,x86_64,2026-10-08,2026-10-08 20:27:06,2.2051
eu-north-1,g6e.16xlarge,Linux,eu-north-1a,2.2062,2026-10-08 10:00:00+00:00,64.0,512.0,NVIDIA L40S,1.0,44.703125,35 Gigabit,1.0,1900.0,x86_64,2026-10-08,2026-10-08 20:27:06,2.2062
eu-north-1,g6.8xlarge,Linux,eu-north-1a,0.4157,2026-10-08 10:00:00+00:00,32.0,128.0,NVIDIA L4,1.0,22.3515625,25 Gigabit,1.0,900.0,x86_64,2026-10-08,2026-10-08 20:27:06,0.4157
eu-north-1,g6.48xlarge,Linux,eu-north-1a,2.3369,2026-10-08 10:00:00+00:00,192.0,768.0,NVIDIA L4,8.0,178.8125,100 Gigabit,1.0,7520.0,x86_64,2026-10-08,2026-10-08 20:27:06,0.2921125
eu-north-1,g6.2xlarge,Windows,eu-north-1b,0.4717,2026-10-08 10:00:00+00:00,8.0,32.0,NVIDIA L4,1.0,22.3515625,Up to 10 Gigabit,1.0,450.0,x86_64,2026-10-08,2026-10-08 20:27:06,0.4717
eu-north-1,g6.2xlarge,Linux,eu-north-1b,0.2034,2026-10-08 10:00:00+00:00,8.0,32.0,NVIDIA L4,1.0,22.3515625,Up to 10 Gigabit,1.0,450.0,x86_64,2026-10-08,2026-10-08 20:27:06,0.2034
eu-north-1,g6.16xlarge,Windows,eu-north-1a,3.3043,2026-10-08 10:00:00+00:00,64.0,256.0,NVIDIA L4,1.0,22.3515625,25 Gigabit,1.0,1880.0,x86_64,2026-10-08,2026-10-08 20:27:06,3.3043
ap-northeast-2,g4dn.16xlarge,Windows,ap-northeast-2a,5.3529,2026-10-08 10:00:00+00:00,64.0,256.0,NVIDIA T4,1.0,16.0,50 Gigabit,1.0,900.0,x86_64,2026-10-08,2026-10-08 20:27:06,5.3529
eu-north-1,g5.xlarge,Linux,eu-north-1b,0.3351,2026-10-08 10:00:00+00:00,4.0,16.0,NVIDIA A10G,1.0,22.3515625,Up to 10 Gigabit,1.0,250.0,x86_64,2026-10-08,2026-10-08 20:27:06,0.3351
eu-north-1,g5.8xlarge,Linux,eu-north-1c,0.6379,2026-10-08 10:00:00+00:00,32.0,128.0,NVIDIA A10G,1.0,22.3515625,25 Gigabit,1.0,900.0,x86_64,2026-10-08,2026-10-08 20:27:06,0.6379
eu-north-1,g5.48xlarge,Linux,eu-north-1b,4.6325,2026-10-08 10:00:00+00:00,192.0,768.0,NVIDIA A10G,8.0,178.8125,100 Gigabit,1.0,7600.0,x86_64,2026-10-08,2026-10-08 20:27:06,0.5790625
eu-north-1,g5.2xlarge,Linux,eu-north-1b,0.3314,2026-10-08 10:00:00+00:00,8.0,32.0,NVIDIA A10G,1.0,22.3515625,Up to 10 Gigabit,1.0,450.0,x86_64,2026-10-08,2026-10-08 20:27:06,0.3314
eu-north-1,g5.24xlarge,Windows,eu-north-1b,5.2798,2026-10-08 10:00:00+00:00,96.0,384.0,NVIDIA A10G,4.0,89.40625,50 Gigabit,1.0,3800.0,x86_64,2026-10-08,2026-10-08 20:27:06,1.31995
ap-northeast-2,g5.24xlarge,Linux,ap-northeast-2d,5.0174,2026-10-08 10:00:00+00:00,96.0,384.0,NVIDIA A10G,4.0,89.40625,50 Gigabit,1.0,3800.0,x86_64,2026-10-08,2026-10-08 20:27:06,1.25435
eu-north-1,g6e.2xlarge,Linux,eu-north-1a,1.306,2026-10-08 10:00:00+00:00,8.0,64.0,NVIDIA L40S,1.0,44.703125,Up to 20 Gigabit,1.0,450.0,x86_64,2026-10-08,2026-10-08 20:27:06,1.306
eu-north-1,g6e.2xlarge,Windows,eu-north-1a,0.648,2026-10-08 10:00:00+00:00,8.0,64.0,NVIDIA L40S,1.0,44.703125,Up to 20 Gigabit,1.0,450.0,x86_64,2026-10-08,2026-10-08 20:27:06,0.648
eu-north-1,g6e.2xlarge,Windows,eu-north-1b,0.6058,2026-10-08 10:00:00+00:00,8.0,64.0,NVIDIA L40S,1.0,44.703125,Up to 20 Gigabit,1.0,450.0,x86_64,2026-10-08,2026-10-08 20:27:06,0.6058
eu-north-1,g6e.48xlarge,Linux,eu-north-1b,13.7679,2026-10-08 10:00:00+00:00,192.0,1536.0,NVIDIA L40S,8.0,357.625,400 Gigabit,4.0,7600.0,x86_64,2026-10-08,2026-10-08 20:27:06,1.7209875
eu-north-1,g6f.2xlarge,Linux,eu-north-1a,0.0864,2026-10-08 10:00:00+00:00,8.0,32.0,NVIDIA L4,0.0,5.587890625,Up to 10 Gigabit,1.0,200.0,x86_64,2026-10-08,2026-10-08 20:27:06,
eu-north-1,g7e.12xlarge,Windows,eu-north-1a,12.1131,2026-10-08 10:00:00+00:00,48.0,512.0,NVIDIA RTX PRO Server 6000,2.0,192.0,400 Gigabit,1.0,3800.0,x86_64,2026-10-08,2026-10-08 20:27:06,6.05655
eu-north-1,g7e.4xlarge,Linux,eu-north-1a,1.628,2026-10-08 10:00:00+00:00,16.0,128.0,NVIDIA RTX PRO Server 6000,1.0,96.0,50 Gigabit,1.0,1900.0,x86_64,2026-10-08,2026-10-08 20:27:06,1.628
eu-north-1,g7e.8xlarge,Windows,eu-north-1c,5.7407,2026-10-08 10:00:00+00:00,32.0,256.0,NVIDIA RTX PRO Server 6000,1.0,96.0,100 Gigabit,1.0,1900.0,x86_64,2026-10-08,2026-10-08 20:27:06,5.7407
eu-north-1,gr6.8xlarge,Windows,eu-north-1a,1.7315,2026-10-08 10:00:00+00:00,32.0,256.0,NVIDIA L4,1.0,22.3515625,25 Gigabit,1.0,900.0,x86_64,2026-10-08,2026-10-08 20:27:06,1.7315
eu-north-1,gr6f.4xlarge,Linux,eu-north-1b,0.2077,2026-10-08 10:00:00+00:00,16.0,128.0,NVIDIA L4,0.0,11.17578125,Up to 25 Gigabit,1.0,450.0,x86_64,2026-10-08,2026-10-08 20:27:06,
eu-north-1,gr6f.4xlarge,Windows,eu-north-1a,0.9415,2026-10-08 10:00:00+00:00,16.0,128.0,NVIDIA L4,0.0,11.17578125,Up to 25 Gigabit,1.0,450.0,x86_64,2026-10-08,2026-10-08 20:27:06,
eu-north-1,gr6f.4xlarge,Windows,eu-north-1b,0.9444,2026-10-08 10:00:00+00:00,16.0,128.0,NVIDIA L4,0.0,11.17578125,Up to 25 Gigabit,1.0,450.0,x86_64,2026-10-08,2026-10-08 20:27:06,
eu-north-1,inf1.2xlarge,Linux,eu-north-1a,0.0385,2026-10-08 10:00:00+00:00,8.0,16.0,Inferentia,1.0,8.0,Up to 25 Gigabit,1.0,0.0,x86_64,2026-10-08,2026-10-08 20:27:06,0.0385
ap-northeast-2,g5.16xlarge,Windows,ap-northeast-2d,5.2104,2026-10-08 10:00:00+00:00,64.0,256.0,NVIDIA A10G,1.0,22.3515625,25 Gigabit,1.0,1900.0,x86_64,2026-10-08,2026-10-08 20:27:06,5.2104
ap-northeast-2,g5.12xlarge,Linux,ap-northeast-2c,3.5806,2026-10-08 10:00:00+00:00,48.0,192.0,NVIDIA A10G,4.0,89.40625,40 Gigabit,1.0,3800.0,x86_64,2026-10-08,2026-10-08 20:27:06,0.89515
ap-northeast-2,g4dn.8xlarge,Windows,ap-northeast-2b,2.6767,2026-10-08 10:00:00+00:00,32.0,128.0,NVIDIA T4,1.0,16.0,50 Gigabit,1.0,900.0,x86_64,2026-10-08,2026-10-08 20:27:06,2.6767
ap-northeast-2,g4dn.2xlarge,Linux,ap-northeast-2b,0.452,2026-10-08 10:00:00+00:00,8.0,32.0,NVIDIA T4,1.0,16.0,Up to 25 Gigabit,1.0,225.0,x86_64,2026-10-08,2026-10-08 20:27:06,0.452
ap-northeast-1,g6.24xlarge,Linux,ap-northeast-1a,4.4332,2026-10-08 10:00:00+00:00,96.0,384.0,NVIDIA L4,4.0,89.40625,50 Gigabit,1.0,3760.0,x86_64,2026-10-08,2026-10-08 20:27:06,1.1083
ap-southeast-1,g4dn.4xlarge,Windows,ap-southeast-1c,0.9045,2026-10-08 10:00:00+00:00,16.0,64.0,NVIDIA T4,1.0,16.0,Up to 25 Gigabit,1.0,225.0,x86_64,2026-10-08,2026-10-08 20:27:06,0.9045
ap-northeast-1,g5g.metal,Linux,ap-northeast-1d,1.6668,2026-10-08 10:00:00+00:00,64.0,128.0,NVIDIA T4g,2.0,32.0,25 Gigabit,1.0,0.0,arm64,2026-10-08,2026-10-08 20:27:06,0.8334
ap-northeast-1,g5.4xlarge,Linux,ap-northeast-1a,1.1693,2026-10-08 10:00:00+00:00,16.0,64.0,NVIDIA A10G,1.0,22.3515625,Up to 25 Gigabit,1.0,600.0,x86_64,2026-10-08,2026-10-08 20:27:06,1.1693
eu-west-1,g4dn.16xlarge,Linux,eu-west-1b,1.2249,2026-10-08 10:00:00+00:00,64.0,256.0,NVIDIA T4,1.0,16.0,50 Gigabit,1.0,900.0,x86_64,2026-10-08,2026-10-08 20:27:06,1.2249
eu-west-1,g4dn.12xlarge,Windows,eu-west-1c,3.2374,2026-10-08 10:00:00+00:00,48.0,192.0,NVIDIA T4,4.0,64.0,50 Gigabit,1.0,900.0,x86_64,2026-10-08,2026-10-08 20:27:06,0.80935
sa-east-1,inf2.48xlarge,Linux,sa-east-1c,2.2068,2026-10-08 10:00:00+00:00,192.0,768.0,Inferentia2,12.0,384.0,100 Gigabit,1.0,0.0,x86_64,2026-10-08,2026-10-08 20:27:06,0.18389999999999998
sa-east-1,p6-b300.48xlarge,Linux,sa-east-1c,28.113,2026-10-08 10:00:00+00:00,192.0,4096.0,NVIDIA B300,8.0,2148.75,6400 Gigabit,17.0,30400.0,x86_64,2026-10-08,2026-10-08 20:27:06,3.514125
ap-northeast-1,g4dn.metal,Linux,ap-northeast-1d,5.5576,2026-10-08 10:00:00+00:00,96.0,384.0,NVIDIA T4,8.0,128.0,100 Gigabit,1.0,1800.0,x86_64,2026-10-08,2026-10-08 20:27:06,0.6947
ap-northeast-1,g4dn.metal,Windows,ap-northeast-1a,9.1689,2026-10-08 10:00:00+00:00,96.0,384.0,NVIDIA T4,8.0,128.0,100 Gigabit,1.0,1800.0,x86_64,2026-10-08,2026-10-08 20:27:06,1.1461125
ap-northeast-1,g5.48xlarge,Windows,ap-northeast-1c,30.0922,2026-10-08 10:00:00+00:00,192.0,768.0,NVIDIA A10G,8.0,178.8125,100 Gigabit,1.0,7600.0,x86_64,2026-10-08,2026-10-08 20:27:06,3.761525
ap-south-1,p5en.48xlarge,Linux,ap-south-1a,44.9351,2026-10-08 10:00:00+00:00,192.0,2048.0,NVIDIA H200,8.0,1128.0,3200 Gigabit,16.0,30400.0,x86_64,2026-10-08,2026-10-08 20:27:06,5.6168875
eu-west-1,g4dn.2xlarge,Windows,eu-west-1a,0.5751,2026-10-08 10:00:00+00:00,8.0,32.0,NVIDIA T4,1.0,16.0,Up to 25 Gigabit,1.0,225.0,x86_64,2026-10-08,2026-10-08 20:27:06,0.5751
ap-south-1,p5.4xlarge,Linux,ap-south-1a,3.6361,2026-10-08 10:00:00+00:00,16.0,256.0,NVIDIA H100,1.0,80.0,100 Gigabit,1.0,3800.0,x86_64,2026-10-08,2026-10-08 20:27:06,3.6361
us-west-2,g5.8xlarge,Linux,us-west-2c,0.8998,2026-10-08 10:00:00+00:00,32.0,128.0,NVIDIA A10G,1.0,22.3515625,25 Gigabit,1.0,900.0,x86_64,2026-10-08,2026-10-08 20:27:06,0.8998
us-west-2,g5.8xlarge,Windows,us-west-2a,1.7168,2026-10-08 10:00:00+00:00,32.0,128.0,NVIDIA A10G,1.0,22.3515625,25 Gigabit,1.0,900.0,x86_64,2026-10-08,2026-10-08 20:27:06,1.7168
us-west-2,g5.xlarge,Windows,us-west-2c,0.3236,2026-10-08 10:00:00+00:00,4.0,16.0,NVIDIA A10G,1.0,22.3515625,Up to 10 Gigabit,1.0,250.0,x86_64,2026-10-08,2026-10-08 20:27:06,0.3236
us-west-2,g5g.4xlarge,Linux,us-west-2a,0.2915,2026-10-08 10:00:00+00:00,16.0,32.0,NVIDIA T4g,1.0,16.0,Up to 10 Gigabit,1.0,0.0,arm64,2026-10-08,2026-10-08 20:27:06,0.2915
us-west-2,g5g.8xlarge,Linux,us-west-2c,0.4147,2026-10-08 10:00:00+00:00,32.0,64.0,NVIDIA T4g,1.0,16.0,12 Gigabit,1.0,0.0,arm64,2026-10-08,2026-10-08 20:27:06,0.4147
us-west-2,g5g.metal,Linux,us-west-2b,0.84,2026-10-08 10:00:00+00:00,64.0,128.0,NVIDIA T4g,2.0,32.0,25 Gigabit,1.0,0.0,arm64,2026-10-08,2026-10-08 20:27:06,0.42
eu-west-1,g4dn.16xlarge,Windows,eu-west-1a,3.4293,2026-10-08 10:00:00+00:00,64.0,256.0,NVIDIA T4,1.0,16.0,50 Gigabit,1.0,900.0,x86_64,2026-10-08,2026-10-08 20:27:06,3.4293
eu-west-1,g4dn.8xlarge,Windows,eu-west-1b,2.0469,2026-10-08 10:00:00+00:00,32.0,128.0,NVIDIA T4,1.0,16.0,50 Gigabit,1.0,900.0,x86_64,2026-10-08,2026-10-08 20:27:06,2.0469
ap-northeast-1,g5g.2xlarge,Linux,ap-northeast-1d,0.3395,2026-10-08 10:00:00+00:00,8.0,16.0,NVIDIA T4g,1.0,16.0,Up to 10 Gigabit,1.0,0.0,arm64,2026-10-08,2026-10-08 20:27:06,0.3395
eu-west-1,g5.xlarge,Windows,eu-west-1a,0.6459,2026-10-08 10:00:00+00:00,4.0,16.0,NVIDIA A10G,1.0,22.3515625,Up to 10 Gigabit,1.0,250.0,x86_64,2026-10-08,2026-10-08 20:27:06,0.6459
us-west-2,g5.4xlarge,Windows,us-west-2c,0.9621,2026-10-08 10:00:00+00:00,16.0,64.0,NVIDIA A10G,1.0,22.3515625,Up to 25 Gigabit,1.0,600.0,x86_64,2026-10-08,2026-10-08 20:27:06,0.9621
eu-west-1,vt1.6xlarge,Linux,eu-west-1a,1.4682,2026-10-08 10:00:00+00:00,24.0,48.0,,0.0,0.0,6.25 Gigabit,1.0,0.0,x86_64,2026-10-08,2026-10-08 20:27:06,
eu-west-1,p3dn.24xlarge,Windows,eu-west-1c,7.7871,2026-10-08 10:00:00+00:00,96.0,768.0,NVIDIA V100,8.0,256.0,100 Gigabit,1.0,1800.0,x86_64,2026-10-08,2026-10-08 20:27:06,0.9733875
eu-west-1,inf2.8xlarge,Linux,eu-west-1b,0.7567,2026-10-08 10:00:00+00:00,32.0,128.0,Inferentia2,1.0,32.0,Up to 25 Gigabit,1.0,0.0,x86_64,2026-10-08,2026-10-08 20:27:06,0.7567
eu-west-1,inf2.24xlarge,Linux,eu-west-1c,1.5152,2026-10-08 10:00:00+00:00,96.0,384.0,Inferentia2,6.0,192.0,50 Gigabit,1.0,0.0,x86_64,2026-10-08,2026-10-08 20:27:06,0.25253333333333333
eu-west-1,inf1.2xlarge,Linux,eu-west-1b,0.1168,2026-10-08 10:00:00+00:00,8.0,16.0,Inferentia,1.0,8.0,Up to 25 Gigabit,1.0,0.0,x86_64,2026-10-08,2026-10-08 20:27:06,0.1168
eu-west-1,inf1.2xlarge,Linux,eu-west-1a,0.1251,2026-10-08 10:00:00+00:00,8.0,16.0,Inferentia,1.0,8.0,Up to 25 Gigabit,1.0,0.0,x86_64,2026-10-08,2026-10-08 20:27:06,0.1251
eu-west-1,g5.xlarge,Windows,eu-west-1c,0.6322,2026-10-08 10:00:00+00:00,4.0,16.0,NVIDIA A10G,1.0,22.3515625,Up to 10 Gigabit,1.0,250.0,x86_64,2026-10-08,2026-10-08 20:27:06,0.6322
eu-west-1,g4dn.xlarge,Windows,eu-west-1c,0.4303,2026-10-08 10:00:00+00:00,4.0,16.0,NVIDIA T4,1.0,16.0,Up to 25 Gigabit,1.0,125.0,x86_64,2026-10-08,2026-10-08 20:27:06,0.4303
eu-west-1,g5.xlarge,Linux,eu-west-1b,0.6759,2026-10-08 10:00:00+00:00,4.0,16.0,NVIDIA A10G,1.0,22.3515625,Up to 10 Gigabit,1.0,250.0,x86_64,2026-10-08,2026-10-08 20:27:06,0.6759
eu-west-1,g5.8xlarge,Windows,eu-west-1c,1.7453,2026-10-08 10:00:00+00:00,32.0,128.0,NVIDIA A10G,1.0,22.3515625,25 Gigabit,1.0,900.0,x86_64,2026-10-08,2026-10-08 20:27:06,1.7453
eu-west-1,g5.4xlarge,Linux,eu-west-1c,1.1696,2026-10-08 10:00:00+00:00,16.0,64.0,NVIDIA A10G,1.0,22.3515625,Up to 25 Gigabit,1.0,600.0,x86_64,2026-10-08,2026-10-08 20:27:06,1.1696
eu-west-1,g5.2xlarge,Windows,eu-west-1a,0.7087,2026-10-08 10:00:00+00:00,8.0,32.0,NVIDIA A10G,1.0,22.3515625,Up to 10 Gigabit,1.0,450.0,x86_64,2026-10-08,2026-10-08 20:27:06,0.7087
eu-west-1,g5.16xlarge,Windows,eu-west-1b,3.7753,2026-10-08 10:00:00+00:00,64.0,256.0,NVIDIA A10G,1.0,22.3515625,25 Gigabit,1.0,1900.0,x86_64,2026-10-08,2026-10-08 20:27:06,3.7753
eu-west-1,g5.12xlarge,Windows,eu-west-1c,3.0786,2026-10-08 10:00:00+00:00,48.0,192.0,NVIDIA A10G,4.0,89.40625,40 Gigabit,1.0,3800.0,x86_64,2026-10-08,2026-10-08 20:27:06,0.76965
eu-west-1,g4dn.xlarge,Windows,eu-west-1a,0.4358,2026-10-08 10:00:00+00:00,4.0,16.0,NVIDIA T4,1.0,16.0,Up to 25 Gigabit,1.0,125.0,x86_64,2026-10-08,2026-10-08 20:27:06,0.4358
us-west-2,g5g.xlarge,Linux,us-west-2a,0.1308,2026-10-08 10:00:00+00:00,4.0,8.0,NVIDIA T4g,1.0,16.0,Up to 10 Gigabit,1.0,0.0,arm64,2026-10-08,2026-10-08 20:27:06,0.1308
us-west-2,g6.12xlarge,Windows,us-west-2c,2.7039,2026-10-08 10:00:00+00:00,48.0,192.0,NVIDIA L4,4.0,89.40625,40 Gigabit,1.0,3760.0,x86_64,2026-10-08,2026-10-08 20:27:06,0.675975
us-west-2,g6.24xlarge,Linux,us-west-2d,2.78,2026-10-08 10:00:00+00:00,96.0,384.0,NVIDIA L4,4.0,89.40625,50 Gigabit,1.0,3760.0,x86_64,2026-10-08,2026-10-08 20:27:06,0.695
us-west-2,g7.48xlarge,Windows,us-west-2a,12.7866,2026-10-08 10:00:00+00:00,192.0,768.0,NVIDIA RTX PRO 4500,8.0,256.0,700 Gigabit,2.0,7600.0,x86_64,2026-10-08,2026-10-08 20:27:06,1.598325
us-west-2,g6f.4xlarge,Windows,us-west-2b,0.8376,2026-10-08 10:00:00+00:00,16.0,64.0,NVIDIA L4,0.0,11.17578125,Up to 25 Gigabit,1.0,450.0,x86_64,2026-10-08,2026-10-08 20:27:06,
us-west-2,g6f.large,Linux,us-west-2d,0.0441,2026-10-08 10:00:00+00:00,2.0,8.0,NVIDIA L4,0.0,2.7939453125,Up to 10 Gigabit,1.0,100.0,x86_64,2026-10-08,2026-10-08 20:27:06,
us-west-2,g6f.large,Windows,us-west-2d,0.1362,2026-10-08 10:00:00+00:00,2.0,8.0,NVIDIA L4,0.0,2.7939453125,Up to 10 Gigabit,1.0,100.0,x86_64,2026-10-08,2026-10-08 20:27:06,
us-west-2,g6f.xlarge,Windows,us-west-2c,0.2169,2026-10-08 10:00:00+00:00,4.0,16.0,NVIDIA L4,0.0,2.7939453125,Up to 10 Gigabit,1.0,100.0,x86_64,2026-10-08,2026-10-08 20:27:06,
us-west-2,g7.12xlarge,Linux,us-west-2b,1.8836,2026-10-08 10:00:00+00:00,48.0,192.0,NVIDIA RTX PRO 4500,2.0,64.0,175 Gigabit,1.0,1900.0,x86_64,2026-10-08,2026-10-08 20:27:06,0.9418
us-west-2,g7.24xlarge,Linux,us-west-2b,4.152,2026-10-08 10:00:00+00:00,96.0,384.0,NVIDIA RTX PRO 4500,4.0,128.0,350 Gigabit,1.0,3800.0,x86_64,2026-10-08,2026-10-08 20:27:06,1.038
us-west-2,g7.2xlarge,Linux,us-west-2a,0.7616,2026-10-08 10:00:00+00:00,8.0,32.0,NVIDIA RTX PRO 4500,1.0,32.0,Up to 60 Gigabit,1.0,440.0,x86_64,2026-10-08,2026-10-08 20:27:06,0.7616
us-west-2,g7.4xlarge,Windows,us-west-2c,1.1585,2026-10-08 10:00:00+00:00,16.0,64.0,NVIDIA RTX PRO 4500,1.0,32.0,Up to 100 Gigabit,1.0,875.0,x86_64,2026-10-08,2026-10-08 20:27:06,1.1585
us-west-2,g6.2xlarge,Linux,us-west-2d,0.4656,2026-10-08 10:00:00+00:00,8.0,32.0,NVIDIA L4,1.0,22.3515625,Up to 10 Gigabit,1.0,450.0,x86_64,2026-10-08,2026-10-08 20:27:06,0.4656
us-west-2,g7e.12xlarge,Windows,us-west-2b,7.6722,2026-10-08 10:00:00+00:00,48.0,512.0,NVIDIA RTX PRO Server 6000,2.0,192.0,400 Gigabit,1.0,3800.0,x86_64,2026-10-08,2026-10-08 20:27:06,3.8361
us-west-2,g7e.12xlarge,Windows,us-west-2c,3.0366,2026-10-08 10:00:00+00:00,48.0,512.0,NVIDIA RTX PRO Server 6000,2.0,192.0,400 Gigabit,1.0,3800.0,x86_64,2026-10-08,2026-10-08 20:27:06,1.5183
us-west-2,g7e.2xlarge,Linux,us-west-2b,2.1561,2026-10-08 10:00:00+00:00,8.0,64.0,NVIDIA RTX PRO Server 6000,1.0,96.0,50 Gigabit,1.0,1900.0,x86_64,2026-10-08,2026-10-08 20:27:06,2.1561
us-west-2,g7e.2xlarge,Linux,us-west-2a,1.9707,2026-10-08 10:00:00+00:00,8.0,64.0,NVIDIA RTX PRO Server 6000,1.0,96.0,50 Gigabit,1.0,1900.0,x86_64,2026-10-08,2026-10-08 20:27:06,1.9707
us-west-2,g7e.2xlarge,Windows,us-west-2a,1.2396,2026-10-08 10:00:00+00:00,8.0,64.0,NVIDIA RTX PRO Server 6000,1.0,96.0,50 Gigabit,1.0,1900.0,x86_64,2026-10-08,2026-10-08 20:27:06,1.2396
us-west-2,g7e.48xlarge,Windows,us-west-2b,40.3265,2026-10-08 10:00:00+00:00,192.0,2048.0,NVIDIA RTX PRO Server 6000,8.0,768.0,1600 Gigabit,4.0,15200.0,x86_64,2026-10-08,2026-10-08 20:27:06,5.0408125
us-west-2,g7e.48xlarge,Windows,us-west-2a,21.5611,2026-10-08 10:00:00+00:00,192.0,2048.0,NVIDIA RTX PRO Server 6000,8.0,768.0,1600 Gigabit,4.0,15200.0,x86_64,2026-10-08,2026-10-08 20:27:06,2.6951375
us-west-2,g6f.4xlarge,Linux,us-west-2c,0.4152,2026-10-08 10:00:00+00:00,16.0,64.0,NVIDIA L4,0.0,11.17578125,Up to 25 Gigabit,1.0,450.0,x86_64,2026-10-08,2026-10-08 20:27:06,
us-west-2,g6e.xlarge,Linux,us-west-2d,1.7369,2026-10-08 10:00:00+00:00,4.0,32.0,NVIDIA L40S,1.0,44.703125,Up to 20 Gigabit,1.0,250.0,x86_64,2026-10-08,2026-10-08 20:27:06,1.7369
us-west-2,g6e.8xlarge,Linux,us-west-2c,2.9984,2026-10-08 10:00:00+00:00,32.0,256.0,NVIDIA L40S,1.0,44.703125,25 Gigabit,1.0,900.0,x86_64,2026-10-08,2026-10-08 20:27:06,2.9984
us-west-2,g6e.4xlarge,Windows,us-west-2c,1.5674,2026-10-08 10:00:00+00:00,16.0,128.0,NVIDIA L40S,1.0,44.703125,20 Gigabit,1.0,600.0,x86_64,2026-10-08,2026-10-08 20:27:06,1.5674
us-west-2,g6.8xlarge,Linux,us-west-2a,0.982,2026-10-08 10:00:00+00:00,32.0,128.0,NVIDIA L4,1.0,22.3515625,25 Gigabit,1.0,900.0,x86_64,2026-10-08,2026-10-08 20:27:06,0.982
us-west-2,g6.8xlarge,Linux,us-west-2c,0.8936,2026-10-08 10:00:00+00:00,32.0,128.0,NVIDIA L4,1.0,22.3515625,25 Gigabit,1.0,900.0,x86_64,2026-10-08,2026-10-08 20:27:06,0.8936
us-west-2,g6.8xlarge,Windows,us-west-2d,1.7517,2026-10-08 10:00:00+00:00,32.0,128.0,NVIDIA L4,1.0,22.3515625,25 Gigabit,1.0,900.0,x86_64,2026-10-08,2026-10-08 20:27:06,1.7517
us-west-2,g6.xlarge,Windows,us-west-2b,0.2842,2026-10-08 10:00:00+00:00,4.0,16.0,NVIDIA L4,1.0,22.3515625,Up to 10 Gigabit,1.0,250.0,x86_64,2026-10-08,2026-10-08 20:27:06,0.2842
us-west-2,g6e.12xlarge,Linux,us-west-2c,9.8123,2026-10-08 10:00:00+00:00,48.0,384.0,NVIDIA L40S,4.0,178.8125,100 Gigabit,1.0,3800.0,x86_64,2026-10-08,2026-10-08 20:27:06,2.453075
us-west-2,g6e.12xlarge,Windows,us-west-2d,6.2449,2026-10-08 10:00:00+00:00,48.0,384.0,NVIDIA L40S,4.0,178.8125,100 Gigabit,1.0,3800.0,x86_64,2026-10-08,2026-10-08 20:27:06,1.561225
us-west-2,g6e.16xlarge,Linux,us-west-2c,3.5161,2026-10-08 10:00:00+00:00,64.0,512.0,NVIDIA L40S,1.0,44.703125,35 Gigabit,1.0,1900.0,x86_64,2026-10-08,2026-10-08 20:27:06,3.5161
us-west-2,g6e.2xlarge,Linux,us-west-2b,2.2421,2026-10-08 10:00:00+00:00,8.0,64.0,NVIDIA L40S,1.0,44.703125,Up to 20 Gigabit,1.0,450.0,x86_64,2026-10-08,2026-10-08 20:27:06,2.2421
us-west-2,g6e.2xlarge,Linux,us-west-2c,2.2421,2026-10-08 10:00:00+00:00,8.0,64.0,NVIDIA L40S,1.0,44.703125,Up to 20 Gigabit,1.0,450.0,x86_64,2026-10-08,2026-10-08 20:27:06,2.2421
us-west-2,g6e.2xlarge,Windows,us-west-2c,1.0139,2026-10-08 10:00:00+00:00,8.0,64.0,NVIDIA L40S,1.0,44.703125,Up to 20 Gigabit,1.0,450.0,x86_64,2026-10-08,2026-10-08 20:27:06,1.0139
us-west-2,g6e.2xlarge,Windows,us-west-2d,1.0098,2026-10-08 10:00:00+00:00,8.0,64.0,NVIDIA L40S,1.0,44.703125,Up to 20 Gigabit,1.0,450.0,x86_64,2026-10-08,2026-10-08 20:27:06,1.0098
us-west-2,g6e.48xlarge,Windows,us-west-2b,12.6711,2026-10-08 10:00:00+00:00,192.0,1536.0,NVIDIA L40S,8.0,357.625,400 Gigabit,4.0,7600.0,x86_64,2026-10-08,2026-10-08 20:27:06,1.5838875
us-west-2,g6e.48xlarge,Windows,us-west-2c,28.1151,2026-10-08 10:00:00+00:00,192.0,1536.0,NVIDIA L40S,8.0,357.625,400 Gigabit,4.0,7600.0,x86_64,2026-10-08,2026-10-08 20:27:06,3.5143875
us-west-2,g6e.4xlarge,Linux,us-west-2b,3.0042,2026-10-08 10:00:00+00:00,16.0,128.0,NVIDIA L40S,1.0,44.703125,20 Gigabit,1.0,600.0,x86_64,2026-10-08,2026-10-08 20:27:06,3.0042
us-west-2,g6e.4xlarge,Windows,us-west-2b,1.4967,2026-10-08 10:00:00+00:00,16.0,128.0,NVIDIA L40S,1.0,44.703125,20 Gigabit,1.0,600.0,x86_64,2026-10-08,2026-10-08 20:27:06,1.4967
us-west-2,g5.4xlarge,Windows,us-west-2b,0.9735,2026-10-08 10:00:00+00:00,16.0,64.0,NVIDIA A10G,1.0,22.3515625,Up to 25 Gigabit,1.0,600.0,x86_64,2026-10-08,2026-10-08 20:27:06,0.9735
us-west-2,g5.48xlarge,Windows,us-west-2b,14.6653,2026-10-08 10:00:00+00:00,192.0,768.0,NVIDIA A10G,8.0,178.8125,100 Gigabit,1.0,7600.0,x86_64,2026-10-08,2026-10-08 20:27:06,1.8331625
us-west-2,g5.24xlarge,Linux,us-west-2b,2.3587,2026-10-08 10:00:00+00:00,96.0,384.0,NVIDIA A10G,4.0,89.40625,50 Gigabit,1.0,3800.0,x86_64,2026-10-08,2026-10-08 20:27:06,0.589675
us-west-2,inf2.xlarge,Linux,us-west-2c,0.2094,2026-10-08 10:00:00+00:00,4.0,16.0,Inferentia2,1.0,32.0,Up to 15 Gigabit,1.0,0.0,x86_64,2026-10-08,2026-10-08 20:27:06,0.2094
us-west-2,p4d.24xlarge,Linux,us-west-2d,12.4702,2026-10-08 10:00:00+00:00,96.0,1152.0,NVIDIA A100,8.0,320.0,4x 100 Gigabit,4.0,8000.0,x86_64,2026-10-08,2026-10-08 20:27:06,1.558775
us-west-2,inf2.xlarge,Linux,us-west-2d,0.2171,2026-10-08 10:00:00+00:00,4.0,16.0,Inferentia2,1.0,32.0,Up to 15 Gigabit,1.0,0.0,x86_64,2026-10-08,2026-10-08 20:27:06,0.2171
ap-northeast-1,g4dn.12xlarge,Linux,ap-northeast-1c,2.6768,2026-10-08 10:00:00+00:00,48.0,192.0,NVIDIA T4,4.0,64.0,50 Gigabit,1.0,900.0,x86_64,2026-10-08,2026-10-08 20:27:06,0.6692
ap-northeast-1,g4dn.12xlarge,Windows,ap-northeast-1c,4.5845,2026-10-08 10:00:00+00:00,48.0,192.0,NVIDIA T4,4.0,64.0,50 Gigabit,1.0,900.0,x86_64,2026-10-08,2026-10-08 20:27:06,1.146125
ap-northeast-1,g4dn.12xlarge,Windows,ap-northeast-1a,4.5845,2026-10-08 10:00:00+00:00,48.0,192.0,NVIDIA T4,4.0,64.0,50 Gigabit,1.0,900.0,x86_64,2026-10-08,2026-10-08 20:27:06,1.146125
ap-northeast-1,g4dn.8xlarge,Linux,ap-northeast-1d,1.3572,2026-10-08 10:00:00+00:00,32.0,128.0,NVIDIA T4,1.0,16.0,50 Gigabit,1.0,900.0,x86_64,2026-10-08,2026-10-08 20:27:06,1.3572
ap-northeast-1,g4dn.8xlarge,Windows,ap-northeast-1c,2.7941,2026-10-08 10:00:00+00:00,32.0,128.0,NVIDIA T4,1.0,16.0,50 Gigabit,1.0,900.0,x86_64,2026-10-08,2026-10-08 20:27:06,2.7941
us-west-2,inf2.8xlarge,Linux,us-west-2c,0.5461,2026-10-08 10:00:00+00:00,32.0,128.0,Inferentia2,1.0,32.0,Up to 25 Gigabit,1.0,0.0,x86_64,2026-10-08,2026-10-08 20:27:06,0.5461
us-west-2,gr6f.4xlarge,Windows,us-west-2d,0.9912,2026-10-08 10:00:00+00:00,16.0,128.0,NVIDIA L4,0.0,11.17578125,Up to 25 Gigabit,1.0,450.0,x86_64,2026-10-08,2026-10-08 20:27:06,
us-west-2,inf2.48xlarge,Linux,us-west-2d,2.6869,2026-10-08 10:00:00+00:00,192.0,768.0,Inferentia2,12.0,384.0,100 Gigabit,1.0,0.0,x86_64,2026-10-08,2026-10-08 20:27:06,0.22390833333333335
us-west-2,inf1.xlarge,Linux,us-west-2a,0.0538,2026-10-08 10:00:00+00:00,4.0,8.0,Inferentia,1.0,8.0,Up to 25 Gigabit,1.0,0.0,x86_64,2026-10-08,2026-10-08 20:27:06,0.0538
us-west-2,inf1.6xlarge,Linux,us-west-2d,0.1894,2026-10-08 10:00:00+00:00,24.0,48.0,Inferentia,4.0,32.0,25 Gigabit,1.0,0.0,x86_64,2026-10-08,2026-10-08 20:27:06,0.04735
us-west-2,inf1.6xlarge,Linux,us-west-2c,0.2344,2026-10-08 10:00:00+00:00,24.0,48.0,Inferentia,4.0,32.0,25 Gigabit,1.0,0.0,x86_64,2026-10-08,2026-10-08 20:27:06,0.0586
us-west-2,inf1.6xlarge,Linux,us-west-2b,0.2668,2026-10-08 10:00:00+00:00,24.0,48.0,Inferentia,4.0,32.0,25 Gigabit,1.0,0.0,x86_64,2026-10-08,2026-10-08 20:27:06,0.0667
us-west-2,inf1.2xlarge,Linux,us-west-2d,0.0772,2026-10-08 10:00:00+00:00,8.0,16.0,Inferentia,1.0,8.0,Up to 25 Gigabit,1.0,0.0,x86_64,2026-10-08,2026-10-08 20:27:06,0.0772
us-west-2,inf1.24xlarge,Linux,us-west-2d,1.2772,2026-10-08 10:00:00+00:00,96.0,192.0,Inferentia,16.0,128.0,100 Gigabit,1.0,0.0,x86_64,2026-10-08,2026-10-08 20:27:06,0.079825
us-west-2,p5en.48xlarge,Linux,us-west-2a,41.1923,2026-10-08 10:00:00+00:00,192.0,2048.0,NVIDIA H200,8.0,1128.0,3200 Gigabit,16.0,30400.0,x86_64,2026-10-08,2026-10-08 20:27:06,5.1490375
us-west-2,trn1.2xlarge,Linux,us-west-2b,0.2291,2026-10-08 10:00:00+00:00,8.0,32.0,Trainium,1.0,32.0,Up to 12.5 Gigabit,1.0,474.0,x86_64,2026-10-08,2026-10-08 20:27:06,0.2291
us-west-2,vt1.3xlarge,Linux,us-west-2b,0.65,2026-10-08 10:00:00+00:00,12.0,24.0,,0.0,0.0,3.12 Gigabit,1.0,0.0,x86_64,2026-10-08,2026-10-08 20:27:06,
us-west-2,vt1.6xlarge,Linux,us-west-2b,1.3,2026-10-08 10:00:00+00:00,24.0,48.0,,0.0,0.0,6.25 Gigabit,1.0,0.0,x86_64,2026-10-08,2026-10-08 20:27:06,
ap-northeast-1,g5g.16xlarge,Linux,ap-northeast-1d,1.6668,2026-10-08 10:00:00+00:00,64.0,128.0,NVIDIA T4g,2.0,32.0,25 Gigabit,1.0,0.0,arm64,2026-10-08,2026-10-08 20:27:06,0.8334
ap-south-1,g6.4xlarge,Linux,ap-south-1a,0.5045,2026-10-08 10:00:00+00:00,16.0,64.0,NVIDIA L4,1.0,22.3515625,Up to 25 Gigabit,1.0,600.0,x86_64,2026-10-08,2026-10-08 20:27:06,0.5045
ap-south-1,g6.8xlarge,Windows,ap-south-1a,1.7139,2026-10-08 10:00:00+00:00,32.0,128.0,NVIDIA L4,1.0,22.3515625,25 Gigabit,1.0,900.0,x86_64,2026-10-08,2026-10-08 20:27:06,1.7139
ap-south-1,g6.xlarge,Linux,ap-south-1b,0.7261,2026-10-08 10:00:00+00:00,4.0,16.0,NVIDIA L4,1.0,22.3515625,Up to 10 Gigabit,1.0,250.0,x86_64,2026-10-08,2026-10-08 20:27:06,0.7261
ap-south-1,g6e.12xlarge,Linux,ap-south-1a,2.8929,2026-10-08 10:00:00+00:00,48.0,384.0,NVIDIA L40S,4.0,178.8125,100 Gigabit,1.0,3800.0,x86_64,2026-10-08,2026-10-08 20:27:06,0.723225
ap-south-1,g6e.16xlarge,Linux,ap-south-1b,2.723,2026-10-08 10:00:00+00:00,64.0,512.0,NVIDIA L40S,1.0,44.703125,35 Gigabit,1.0,1900.0,x86_64,2026-10-08,2026-10-08 20:27:06,2.723
ap-south-1,g6e.48xlarge,Linux,ap-south-1b,36.1866,2026-10-08 10:00:00+00:00,192.0,1536.0,NVIDIA L40S,8.0,357.625,400 Gigabit,4.0,7600.0,x86_64,2026-10-08,2026-10-08 20:27:06,4.523325
ap-south-1,g6e.48xlarge,Windows,ap-south-1b,45.0186,2026-10-08 10:00:00+00:00,192.0,1536.0,NVIDIA L40S,8.0,357.625,400 Gigabit,4.0,7600.0,x86_64,2026-10-08,2026-10-08 20:27:06,5.627325
ap-south-1,g6e.4xlarge,Windows,ap-south-1a,1.9923,2026-10-08 10:00:00+00:00,16.0,128.0,NVIDIA L40S,1.0,44.703125,20 Gigabit,1.0,600.0,x86_64,2026-10-08,2026-10-08 20:27:06,1.9923
ap-south-1,g6f.4xlarge,Linux,ap-south-1a,1.1408,2026-10-08 10:00:00+00:00,16.0,64.0,NVIDIA L4,0.0,11.17578125,Up to 25 Gigabit,1.0,450.0,x86_64,2026-10-08,2026-10-08 20:27:06,
ap-south-1,g7e.48xlarge,Windows,ap-south-1b,59.0824,2026-10-08 10:00:00+00:00,192.0,2048.0,NVIDIA RTX PRO Server 6000,8.0,768.0,1600 Gigabit,4.0,15200.0,x86_64,2026-10-08,2026-10-08 20:27:06,7.3853
ap-south-1,inf1.24xlarge,Linux,ap-south-1a,0.8493,2026-10-08 10:00:00+00:00,96.0,192.0,Inferentia,16.0,128.0,100 Gigabit,1.0,0.0,x86_64,2026-10-08,2026-10-08 20:27:06,0.05308125
ap-south-1,inf2.48xlarge,Linux,ap-south-1a,5.0609,2026-10-08 10:00:00+00:00,192.0,768.0,Inferentia2,12.0,384.0,100 Gigabit,1.0,0.0,x86_64,2026-10-08,2026-10-08 20:27:06,0.4217416666666667
ap-south-1,inf2.8xlarge,Linux,ap-south-1a,0.8053,2026-10-08 10:00:00+00:00,32.0,128.0,Inferentia2,1.0,32.0,Up to 25 Gigabit,1.0,0.0,x86_64,2026-10-08,2026-10-08 20:27:06,0.8053
ap-south-1,inf2.8xlarge,Linux,ap-south-1b,0.7657,2026-10-08 10:00:00+00:00,32.0,128.0,Inferentia2,1.0,32.0,Up to 25 Gigabit,1.0,0.0,x86_64,2026-10-08,2026-10-08 20:27:06,0.7657
us-west-2,inf1.24xlarge,Linux,us-west-2a,1.5154,2026-10-08 10:00:00+00:00,96.0,192.0,Inferentia,16.0,128.0,100 Gigabit,1.0,0.0,x86_64,2026-10-08,2026-10-08 20:27:06,0.0947125
us-west-2,gr6f.4xlarge,Windows,us-west-2a,0.9541,2026-10-08 10:00:00+00:00,16.0,128.0,NVIDIA L4,0.0,11.17578125,Up to 25 Gigabit,1.0,450.0,x86_64,2026-10-08,2026-10-08 20:27:06,
us-west-2,g4dn.xlarge,Linux,us-west-2a,0.2389,2026-10-08 10:00:00+00:00,4.0,16.0,NVIDIA T4,1.0,16.0,Up to 25 Gigabit,1.0,125.0,x86_64,2026-10-08,2026-10-08 20:27:06,0.2389
sa-east-1,inf1.2xlarge,Linux,sa-east-1a,0.0635,2026-10-08 10:00:00+00:00,8.0,16.0,Inferentia,1.0,8.0,Up to 25 Gigabit,1.0,0.0,x86_64,2026-10-08,2026-10-08 20:27:06,0.0635
sa-east-1,g6.2xlarge,Linux,sa-east-1a,0.3969,2026-10-08 10:00:00+00:00,8.0,32.0,NVIDIA L4,1.0,22.3515625,Up to 10 Gigabit,1.0,450.0,x86_64,2026-10-08,2026-10-08 20:27:06,0.3969
sa-east-1,g6.2xlarge,Windows,sa-east-1b,0.5342,2026-10-08 10:00:00+00:00,8.0,32.0,NVIDIA L4,1.0,22.3515625,Up to 10 Gigabit,1.0,450.0,x86_64,2026-10-08,2026-10-08 20:27:06,0.5342
sa-east-1,g6.4xlarge,Windows,sa-east-1a,0.9609,2026-10-08 10:00:00+00:00,16.0,64.0,NVIDIA L4,1.0,22.3515625,Up to 25 Gigabit,1.0,600.0,x86_64,2026-10-08,2026-10-08 20:27:06,0.9609
sa-east-1,g6.8xlarge,Windows,sa-east-1b,1.8144,2026-10-08 10:00:00+00:00,32.0,128.0,NVIDIA L4,1.0,22.3515625,25 Gigabit,1.0,900.0,x86_64,2026-10-08,2026-10-08 20:27:06,1.8144
sa-east-1,g6f.4xlarge,Linux,sa-east-1a,0.2743,2026-10-08 10:00:00+00:00,16.0,64.0,NVIDIA L4,0.0,11.17578125,Up to 25 Gigabit,1.0,450.0,x86_64,2026-10-08,2026-10-08 20:27:06,
sa-east-1,g6f.large,Linux,sa-east-1b,0.0436,2026-10-08 10:00:00+00:00,2.0,8.0,NVIDIA L4,0.0,2.7939453125,Up to 10 Gigabit,1.0,100.0,x86_64,2026-10-08,2026-10-08 20:27:06,
sa-east-1,gr6f.4xlarge,Linux,sa-east-1b,0.2942,2026-10-08 10:00:00+00:00,16.0,128.0,NVIDIA L4,0.0,11.17578125,Up to 25 Gigabit,1.0,450.0,x86_64,2026-10-08,2026-10-08 20:27:06,
us-west-2,g4dn.12xlarge,Linux,us-west-2c,1.5895,2026-10-08 10:00:00+00:00,48.0,192.0,NVIDIA T4,4.0,64.0,50 Gigabit,1.0,900.0,x86_64,2026-10-08,2026-10-08 20:27:06,0.397375
us-west-2,gr6f.4xlarge,Linux,us-west-2c,0.3962,2026-10-08 10:00:00+00:00,16.0,128.0,NVIDIA L4,0.0,11.17578125,Up to 25 Gigabit,1.0,450.0,x86_64,2026-10-08,2026-10-08 20:27:06,
us-west-2,g4dn.16xlarge,Windows,us-west-2a,3.5511,2026-10-08 10:00:00+00:00,64.0,256.0,NVIDIA T4,1.0,16.0,50 Gigabit,1.0,900.0,x86_64,2026-10-08,2026-10-08 20:27:06,3.5511
us-west-2,g4dn.16xlarge,Windows,us-west-2c,3.6982,2026-10-08 10:00:00+00:00,64.0,256.0,NVIDIA T4,1.0,16.0,50 Gigabit,1.0,900.0,x86_64,2026-10-08,2026-10-08 20:27:06,3.6982
us-west-2,g4dn.2xlarge,Linux,us-west-2b,0.3328,2026-10-08 10:00:00+00:00,8.0,32.0,NVIDIA T4,1.0,16.0,Up to 25 Gigabit,1.0,225.0,x86_64,2026-10-08,2026-10-08 20:27:06,0.3328
us-west-2,g4dn.4xlarge,Linux,us-west-2b,0.4513,2026-10-08 10:00:00+00:00,16.0,64.0,NVIDIA T4,1.0,16.0,Up to 25 Gigabit,1.0,225.0,x86_64,2026-10-08,2026-10-08 20:27:06,0.4513
us-west-2,g4dn.8xlarge,Linux,us-west-2c,0.9477,2026-10-08 10:00:00+00:00,32.0,128.0,NVIDIA T4,1.0,16.0,50 Gigabit,1.0,900.0,x86_64,2026-10-08,2026-10-08 20:27:06,0.9477
us-west-2,g4dn.metal,Linux,us-west-2b,4.7012,2026-10-08 10:00:00+00:00,96.0,384.0,NVIDIA T4,8.0,128.0,100 Gigabit,1.0,1800.0,x86_64,2026-10-08,2026-10-08 20:27:06,0.58765
us-west-2,g4dn.metal,Linux,us-west-2a,4.6882,2026-10-08 10:00:00+00:00,96.0,384.0,NVIDIA T4,8.0,128.0,100 Gigabit,1.0,1800.0,x86_64,2026-10-08,2026-10-08 20:27:06,0.586025
sa-east-1,g6.24xlarge,Windows,sa-east-1b,5.5507,2026-10-08 10:00:00+00:00,96.0,384.0,NVIDIA L4,4.0,89.40625,50 Gigabit,1.0,3760.0,x86_64,2026-10-08,2026-10-08 20:27:06,1.387675
sa-east-1,g6.12xlarge,Windows,sa-east-1a,2.9902,2026-10-08 10:00:00+00:00,48.0,192.0,NVIDIA L4,4.0,89.40625,40 Gigabit,1.0,3760.0,x86_64,2026-10-08,2026-10-08 20:27:06,0.74755
ap-southeast-2,inf2.xlarge,Linux,ap-southeast-2a,0.9857,2026-10-08 10:00:00+00:00,4.0,16.0,Inferentia2,1.0,32.0,Up to 15 Gigabit,1.0,0.0,x86_64,2026-10-08,2026-10-08 20:27:06,0.9857
ap-southeast-1,p4de.24xlarge,Linux,ap-southeast-1c,32.9365,2026-10-08 10:00:00+00:00,96.0,1152.0,NVIDIA A100,8.0,640.0,4x 100 Gigabit,4.0,8000.0,x86_64,2026-10-08,2026-10-08 20:27:06,4.1170625
us-west-2,gr6.8xlarge,Linux,us-west-2d,0.8102,2026-10-08 10:00:00+00:00,32.0,256.0,NVIDIA L4,1.0,22.3515625,25 Gigabit,1.0,900.0,x86_64,2026-10-08,2026-10-08 20:27:06,0.8102
us-west-2,gr6.4xlarge,Windows,us-west-2a,0.9523,2026-10-08 10:00:00+00:00,16.0,128.0,NVIDIA L4,1.0,22.3515625,Up to 25 Gigabit,1.0,600.0,x86_64,2026-10-08,2026-10-08 20:27:06,0.9523
sa-east-1,g4dn.2xlarge,Linux,sa-east-1a,0.1553,2026-10-08 10:00:00+00:00,8.0,32.0,NVIDIA T4,1.0,16.0,Up to 25 Gigabit,1.0,225.0,x86_64,2026-10-08,2026-10-08 20:27:06,0.1553
sa-east-1,g4dn.4xlarge,Linux,sa-east-1b,0.2431,2026-10-08 10:00:00+00:00,16.0,64.0,NVIDIA T4,1.0,16.0,Up to 25 Gigabit,1.0,225.0,x86_64,2026-10-08,2026-10-08 20:27:06,0.2431
sa-east-1,g4dn.xlarge,Windows,sa-east-1b,0.2734,2026-10-08 10:00:00+00:00,4.0,16.0,NVIDIA T4,1.0,16.0,Up to 25 Gigabit,1.0,125.0,x86_64,2026-10-08,2026-10-08 20:27:06,0.2734
sa-east-1,g5.12xlarge,Linux,sa-east-1a,8.1871,2026-10-08 10:00:00+00:00,48.0,192.0,NVIDIA A10G,4.0,89.40625,40 Gigabit,1.0,3800.0,x86_64,2026-10-08,2026-10-08 20:27:06,2.046775
sa-east-1,g5.12xlarge,Windows,sa-east-1a,10.3951,2026-10-08 10:00:00+00:00,48.0,192.0,NVIDIA A10G,4.0,89.40625,40 Gigabit,1.0,3800.0,x86_64,2026-10-08,2026-10-08 20:27:06,2.598775
sa-east-1,g5.2xlarge,Windows,sa-east-1b,0.8833,2026-10-08 10:00:00+00:00,8.0,32.0,NVIDIA A10G,1.0,22.3515625,Up to 10 Gigabit,1.0,450.0,x86_64,2026-10-08,2026-10-08 20:27:06,0.8833
sa-east-1,g5.48xlarge,Linux,sa-east-1a,23.5104,2026-10-08 10:00:00+00:00,192.0,768.0,NVIDIA A10G,8.0,178.8125,100 Gigabit,1.0,7600.0,x86_64,2026-10-08,2026-10-08 20:27:06,2.9388
sa-east-1,g5.4xlarge,Linux,sa-east-1a,0.696,2026-10-08 10:00:00+00:00,16.0,64.0,NVIDIA A10G,1.0,22.3515625,Up to 25 Gigabit,1.0,600.0,x86_64,2026-10-08,2026-10-08 20:27:06,0.696
sa-east-1,g5.xlarge,Linux,sa-east-1b,0.3925,2026-10-08 10:00:00+00:00,4.0,16.0,NVIDIA A10G,1.0,22.3515625,Up to 10 Gigabit,1.0,250.0,x86_64,2026-10-08,2026-10-08 20:27:06,0.3925
ap-southeast-1,g4dn.xlarge,Windows,ap-southeast-1c,0.2992,2026-10-08 10:00:00+00:00,4.0,16.0,NVIDIA T4,1.0,16.0,Up to 25 Gigabit,1.0,125.0,x86_64,2026-10-08,2026-10-08 20:27:06,0.2992
ap-southeast-1,g5g.xlarge,Linux,ap-southeast-1a,0.2721,2026-10-08 10:00:00+00:00,4.0,8.0,NVIDIA T4g,1.0,16.0,Up to 10 Gigabit,1.0,0.0,arm64,2026-10-08,2026-10-08 20:27:06,0.2721
ap-southeast-1,inf1.xlarge,Linux,ap-southeast-1a,0.0617,2026-10-08 10:00:00+00:00,4.0,8.0,Inferentia,1.0,8.0,Up to 25 Gigabit,1.0,0.0,x86_64,2026-10-08,2026-10-08 20:27:06,0.0617
ap-southeast-1,inf2.xlarge,Linux,ap-southeast-1c,0.1814,2026-10-08 10:00:00+00:00,4.0,16.0,Inferentia2,1.0,32.0,Up to 15 Gigabit,1.0,0.0,x86_64,2026-10-08,2026-10-08 20:27:06,0.1814
ap-southeast-2,p4d.24xlarge,Linux,ap-southeast-2c,18.8116,2026-10-08 10:00:00+00:00,96.0,1152.0,NVIDIA A100,8.0,320.0,4x 100 Gigabit,4.0,8000.0,x86_64,2026-10-08,2026-10-08 20:27:06,2.35145
us-east-1,g6f.2xlarge,Linux,us-east-1c,0.2731,2026-10-08 10:00:00+00:00,8.0,32.0,NVIDIA L4,0.0,5.587890625,Up to 10 Gigabit,1.0,200.0,x86_64,2026-10-08,2026-10-08 20:27:06,
ap-southeast-2,inf2.48xlarge,Linux,ap-southeast-2a,16.8757,2026-10-08 10:00:00+00:00,192.0,768.0,Inferentia2,12.0,384.0,100 Gigabit,1.0,0.0,x86_64,2026-10-08,2026-10-08 20:27:06,1.4063083333333333
us-east-2,inf2.48xlarge,Linux,us-east-2c,1.2981,2026-10-08 10:00:00+00:00,192.0,768.0,Inferentia2,12.0,384.0,100 Gigabit,1.0,0.0,x86_64,2026-10-08,2026-10-08 20:27:06,0.10817500000000001
ap-northeast-2,g6e.xlarge,Linux,ap-northeast-2a,1.2413,2026-10-08 10:00:00+00:00,4.0,32.0,NVIDIA L40S,1.0,44.703125,Up to 20 Gigabit,1.0,250.0,x86_64,2026-10-08,2026-10-08 20:27:06,1.2413
ap-northeast-2,g6e.8xlarge,Windows,ap-northeast-2b,3.9775,2026-10-08 10:00:00+00:00,32.0,256.0,NVIDIA L40S,1.0,44.703125,25 Gigabit,1.0,900.0,x86_64,2026-10-08,2026-10-08 20:27:06,3.9775
ap-northeast-2,g6e.8xlarge,Linux,ap-northeast-2a,2.5675,2026-10-08 10:00:00+00:00,32.0,256.0,NVIDIA L40S,1.0,44.703125,25 Gigabit,1.0,900.0,x86_64,2026-10-08,2026-10-08 20:27:06,2.5675
ap-northeast-2,g6e.4xlarge,Linux,ap-northeast-2a,1.727,2026-10-08 10:00:00+00:00,16.0,128.0,NVIDIA L40S,1.0,44.703125,20 Gigabit,1.0,600.0,x86_64,2026-10-08,2026-10-08 20:27:06,1.727
ap-northeast-2,g6e.48xlarge,Windows,ap-northeast-2b,25.5047,2026-10-08 10:00:00+00:00,192.0,1536.0,NVIDIA L40S,8.0,357.625,400 Gigabit,4.0,7600.0,x86_64,2026-10-08,2026-10-08 20:27:06,3.1880875
ap-northeast-2,g6e.48xlarge,Windows,ap-northeast-2a,25.5021,2026-10-08 10:00:00+00:00,192.0,1536.0,NVIDIA L40S,8.0,357.625,400 Gigabit,4.0,7600.0,x86_64,2026-10-08,2026-10-08 20:27:06,3.1877625
ap-northeast-2,g6e.2xlarge,Windows,ap-northeast-2b,1.6092,2026-10-08 10:00:00+00:00,8.0,64.0,NVIDIA L40S,1.0,44.703125,Up to 20 Gigabit,1.0,450.0,x86_64,2026-10-08,2026-10-08 20:27:06,1.6092
us-west-1,inf1.xlarge,Linux,us-west-1a,0.0696,2026-10-08 10:00:00+00:00,4.0,8.0,Inferentia,1.0,8.0,Up to 25 Gigabit,1.0,0.0,x86_64,2026-10-08,2026-10-08 20:27:06,0.0696
us-west-1,g4dn.8xlarge,Windows,us-west-1c,1.8288,2026-10-08 10:00:00+00:00,32.0,128.0,NVIDIA T4,1.0,16.0,50 Gigabit,1.0,900.0,x86_64,2026-10-08,2026-10-08 20:27:06,1.8288
us-west-1,g4dn.2xlarge,Windows,us-west-1a,0.482,2026-10-08 10:00:00+00:00,8.0,32.0,NVIDIA T4,1.0,16.0,Up to 25 Gigabit,1.0,225.0,x86_64,2026-10-08,2026-10-08 20:27:06,0.482
us-west-1,g4dn.2xlarge,Linux,us-west-1a,0.4081,2026-10-08 10:00:00+00:00,8.0,32.0,NVIDIA T4,1.0,16.0,Up to 25 Gigabit,1.0,225.0,x86_64,2026-10-08,2026-10-08 20:27:06,0.4081
us-west-1,g4dn.16xlarge,Windows,us-west-1c,3.4662,2026-10-08 10:00:00+00:00,64.0,256.0,NVIDIA T4,1.0,16.0,50 Gigabit,1.0,900.0,x86_64,2026-10-08,2026-10-08 20:27:06,3.4662
us-west-1,g4dn.12xlarge,Linux,us-west-1a,2.275,2026-10-08 10:00:00+00:00,48.0,192.0,NVIDIA T4,4.0,64.0,50 Gigabit,1.0,900.0,x86_64,2026-10-08,2026-10-08 20:27:06,0.56875
ap-southeast-2,g4dn.2xlarge,Linux,ap-southeast-2c,0.525,2026-10-08 10:00:00+00:00,8.0,32.0,NVIDIA T4,1.0,16.0,Up to 25 Gigabit,1.0,225.0,x86_64,2026-10-08,2026-10-08 20:27:06,0.525
ap-southeast-2,g4dn.2xlarge,Windows,ap-southeast-2a,0.5102,2026-10-08 10:00:00+00:00,8.0,32.0,NVIDIA T4,1.0,16.0,Up to 25 Gigabit,1.0,225.0,x86_64,2026-10-08,2026-10-08 20:27:06,0.5102
ap-southeast-2,g4dn.2xlarge,Windows,ap-southeast-2b,0.5103,2026-10-08 10:00:00+00:00,8.0,32.0,NVIDIA T4,1.0,16.0,Up to 25 Gigabit,1.0,225.0,x86_64,2026-10-08,2026-10-08 20:27:06,0.5103
ap-southeast-2,g4dn.4xlarge,Windows,ap-southeast-2b,0.8926,2026-10-08 10:00:00+00:00,16.0,64.0,NVIDIA T4,1.0,16.0,Up to 25 Gigabit,1.0,225.0,x86_64,2026-10-08,2026-10-08 20:27:06,0.8926
ap-southeast-2,g4dn.8xlarge,Linux,ap-southeast-2a,0.9834,2026-10-08 10:00:00+00:00,32.0,128.0,NVIDIA T4,1.0,16.0,50 Gigabit,1.0,900.0,x86_64,2026-10-08,2026-10-08 20:27:06,0.9834
ap-southeast-2,g4dn.metal,Linux,ap-southeast-2c,6.4908,2026-10-08 10:00:00+00:00,96.0,384.0,NVIDIA T4,8.0,128.0,100 Gigabit,1.0,1800.0,x86_64,2026-10-08,2026-10-08 20:27:06,0.81135
ap-northeast-2,g6f.2xlarge,Linux,ap-northeast-2a,0.2656,2026-10-08 10:00:00+00:00,8.0,32.0,NVIDIA L4,0.0,5.587890625,Up to 10 Gigabit,1.0,200.0,x86_64,2026-10-08,2026-10-08 20:27:06,
ap-northeast-2,g6f.2xlarge,Linux,ap-northeast-2c,0.2687,2026-10-08 10:00:00+00:00,8.0,32.0,NVIDIA L4,0.0,5.587890625,Up to 10 Gigabit,1.0,200.0,x86_64,2026-10-08,2026-10-08 20:27:06,
ap-northeast-2,g6f.4xlarge,Windows,ap-northeast-2a,1.2617,2026-10-08 10:00:00+00:00,16.0,64.0,NVIDIA L4,0.0,11.17578125,Up to 25 Gigabit,1.0,450.0,x86_64,2026-10-08,2026-10-08 20:27:06,
ap-northeast-2,p5en.48xlarge,Linux,ap-northeast-2a,19.3171,2026-10-08 10:00:00+00:00,192.0,2048.0,NVIDIA H200,8.0,1128.0,3200 Gigabit,16.0,30400.0,x86_64,2026-10-08,2026-10-08 20:27:06,2.4146375
us-east-2,p4d.24xlarge,Linux,us-east-2a,4.6711,2026-10-08 10:00:00+00:00,96.0,1152.0,NVIDIA A100,8.0,320.0,4x 100 Gigabit,4.0,8000.0,x86_64,2026-10-08,2026-10-08 20:27:06,0.5838875
us-east-2,p5.48xlarge,Linux,us-east-2c,22.0239,2026-10-08 10:00:00+00:00,192.0,2048.0,NVIDIA H100,8.0,640.0,3200 Gigabit,32.0,30400.0,x86_64,2026-10-08,2026-10-08 20:27:06,2.7529875
us-east-2,p5.4xlarge,Linux,us-east-2a,3.4555,2026-10-08 10:00:00+00:00,16.0,256.0,NVIDIA H100,1.0,80.0,100 Gigabit,1.0,3800.0,x86_64,2026-10-08,2026-10-08 20:27:06,3.4555
us-east-2,p5.4xlarge,Linux,us-east-2b,3.096,2026-10-08 10:00:00+00:00,16.0,256.0,NVIDIA H100,1.0,80.0,100 Gigabit,1.0,3800.0,x86_64,2026-10-08,2026-10-08 20:27:06,3.096
us-east-2,p5.4xlarge,Windows,us-east-2a,4.4431,2026-10-08 10:00:00+00:00,16.0,256.0,NVIDIA H100,1.0,80.0,100 Gigabit,1.0,3800.0,x86_64,2026-10-08,2026-10-08 20:27:06,4.4431
us-east-2,p5en.48xlarge,Linux,us-east-2a,37.9457,2026-10-08 10:00:00+00:00,192.0,2048.0,NVIDIA H200,8.0,1128.0,3200 Gigabit,16.0,30400.0,x86_64,2026-10-08,2026-10-08 20:27:06,4.7432125
us-east-2,p6-b200.48xlarge,Linux,us-east-2a,59.8259,2026-10-08 10:00:00+00:00,192.0,2048.0,NVIDIA B200,8.0,1432.4921875,3200 Gigabit,8.0,30400.0,x86_64,2026-10-08,2026-10-08 20:27:06,7.4782375
us-east-2,trn1n.32xlarge,Linux,us-east-2c,2.478,2026-10-08 10:00:00+00:00,128.0,512.0,Trainium,16.0,512.0,16x 100 Gigabit,16.0,7600.0,x86_64,2026-10-08,2026-10-08 20:27:06,0.154875
ap-northeast-2,p4d.24xlarge,Linux,ap-northeast-2b,8.1146,2026-10-08 10:00:00+00:00,96.0,1152.0,NVIDIA A100,8.0,320.0,4x 100 Gigabit,4.0,8000.0,x86_64,2026-10-08,2026-10-08 20:27:06,1.014325
ap-northeast-2,g6f.4xlarge,Windows,ap-northeast-2d,1.2626,2026-10-08 10:00:00+00:00,16.0,64.0,NVIDIA L4,0.0,11.17578125,Up to 25 Gigabit,1.0,450.0,x86_64,2026-10-08,2026-10-08 20:27:06,
ap-northeast-2,inf2.xlarge,Linux,ap-northeast-2b,0.8394,2026-10-08 10:00:00+00:00,4.0,16.0,Inferentia2,1.0,32.0,Up to 15 Gigabit,1.0,0.0,x86_64,2026-10-08,2026-10-08 20:27:06,0.8394
ap-northeast-2,inf2.xlarge,Linux,ap-northeast-2a,0.2068,2026-10-08 10:00:00+00:00,4.0,16.0,Inferentia2,1.0,32.0,Up to 15 Gigabit,1.0,0.0,x86_64,2026-10-08,2026-10-08 20:27:06,0.2068
ap-northeast-2,gr6.4xlarge,Linux,ap-northeast-2a,0.1893,2026-10-08 10:00:00+00:00,16.0,128.0,NVIDIA L4,1.0,22.3515625,Up to 25 Gigabit,1.0,600.0,x86_64,2026-10-08,2026-10-08 20:27:06,0.1893
ap-northeast-2,g7e.4xlarge,Windows,ap-northeast-2b,5.16,2026-10-08 10:00:00+00:00,16.0,128.0,NVIDIA RTX PRO Server 6000,1.0,96.0,50 Gigabit,1.0,1900.0,x86_64,2026-10-08,2026-10-08 20:27:06,5.16
ap-northeast-2,g7e.4xlarge,Linux,ap-northeast-2a,2.7788,2026-10-08 10:00:00+00:00,16.0,128.0,NVIDIA RTX PRO Server 6000,1.0,96.0,50 Gigabit,1.0,1900.0,x86_64,2026-10-08,2026-10-08 20:27:06,2.7788
ap-northeast-2,g7e.48xlarge,Linux,ap-northeast-2b,36.6743,2026-10-08 10:00:00+00:00,192.0,2048.0,NVIDIA RTX PRO Server 6000,8.0,768.0,1600 Gigabit,4.0,15200.0,x86_64,2026-10-08,2026-10-08 20:27:06,4.5842875
ap-northeast-2,g7e.24xlarge,Windows,ap-northeast-2b,22.7531,2026-10-08 10:00:00+00:00,96.0,1024.0,NVIDIA RTX PRO Server 6000,4.0,384.0,800 Gigabit,2.0,7600.0,x86_64,2026-10-08,2026-10-08 20:27:06,5.688275
ap-northeast-2,g6f.large,Windows,ap-northeast-2a,0.2038,2026-10-08 10:00:00+00:00,2.0,8.0,NVIDIA L4,0.0,2.7939453125,Up to 10 Gigabit,1.0,100.0,x86_64,2026-10-08,2026-10-08 20:27:06,
ap-southeast-2,g4dn.xlarge,Linux,ap-southeast-2b,0.2999,2026-10-08 10:00:00+00:00,4.0,16.0,NVIDIA T4,1.0,16.0,Up to 25 Gigabit,1.0,125.0,x86_64,2026-10-08,2026-10-08 20:27:06,0.2999
ap-southeast-2,g5.12xlarge,Linux,ap-southeast-2a,7.3747,2026-10-08 10:00:00+00:00,48.0,192.0,NVIDIA A10G,4.0,89.40625,40 Gigabit,1.0,3800.0,x86_64,2026-10-08,2026-10-08 20:27:06,1.843675
ap-southeast-2,g5.12xlarge,Windows,ap-southeast-2c,9.5827,2026-10-08 10:00:00+00:00,48.0,192.0,NVIDIA A10G,4.0,89.40625,40 Gigabit,1.0,3800.0,x86_64,2026-10-08,2026-10-08 20:27:06,2.395675
eu-central-1,g6.8xlarge,Windows,eu-central-1a,1.9173,2026-10-08 10:00:00+00:00,32.0,128.0,NVIDIA L4,1.0,22.3515625,25 Gigabit,1.0,900.0,x86_64,2026-10-08,2026-10-08 20:27:06,1.9173
eu-central-1,g6e.4xlarge,Linux,eu-central-1a,0.9083,2026-10-08 10:00:00+00:00,16.0,128.0,NVIDIA L40S,1.0,44.703125,20 Gigabit,1.0,600.0,x86_64,2026-10-08,2026-10-08 20:27:06,0.9083
eu-central-1,g6e.48xlarge,Linux,eu-central-1a,37.6761,2026-10-08 10:00:00+00:00,192.0,1536.0,NVIDIA L40S,8.0,357.625,400 Gigabit,4.0,7600.0,x86_64,2026-10-08,2026-10-08 20:27:06,4.7095125
eu-central-1,g6e.2xlarge,Linux,eu-central-1b,1.6377,2026-10-08 10:00:00+00:00,8.0,64.0,NVIDIA L40S,1.0,44.703125,Up to 20 Gigabit,1.0,450.0,x86_64,2026-10-08,2026-10-08 20:27:06,1.6377
eu-central-1,g6e.24xlarge,Linux,eu-central-1c,18.8381,2026-10-08 10:00:00+00:00,96.0,768.0,NVIDIA L40S,4.0,178.8125,200 Gigabit,2.0,3800.0,x86_64,2026-10-08,2026-10-08 20:27:06,4.709525
eu-central-1,g6e.16xlarge,Windows,eu-central-1b,4.5673,2026-10-08 10:00:00+00:00,64.0,512.0,NVIDIA L40S,1.0,44.703125,35 Gigabit,1.0,1900.0,x86_64,2026-10-08,2026-10-08 20:27:06,4.5673
eu-central-1,g6e.16xlarge,Windows,eu-central-1c,3.8915,2026-10-08 10:00:00+00:00,64.0,512.0,NVIDIA L40S,1.0,44.703125,35 Gigabit,1.0,1900.0,x86_64,2026-10-08,2026-10-08 20:27:06,3.8915
eu-central-1,g6e.16xlarge,Linux,eu-central-1b,3.247,2026-10-08 10:00:00+00:00,64.0,512.0,NVIDIA L40S,1.0,44.703125,35 Gigabit,1.0,1900.0,x86_64,2026-10-08,2026-10-08 20:27:06,3.247
eu-central-1,g6e.12xlarge,Windows,eu-central-1b,15.328,2026-10-08 10:00:00+00:00,48.0,384.0,NVIDIA L40S,4.0,178.8125,100 Gigabit,1.0,3800.0,x86_64,2026-10-08,2026-10-08 20:27:06,3.832
eu-central-1,g6.8xlarge,Linux,eu-central-1c,0.8574,2026-10-08 10:00:00+00:00,32.0,128.0,NVIDIA L4,1.0,22.3515625,25 Gigabit,1.0,900.0,x86_64,2026-10-08,2026-10-08 20:27:06,0.8574
eu-central-1,g6e.xlarge,Linux,eu-central-1b,2.327,2026-10-08 10:00:00+00:00,4.0,32.0,NVIDIA L40S,1.0,44.703125,Up to 20 Gigabit,1.0,250.0,x86_64,2026-10-08,2026-10-08 20:27:06,2.327
eu-central-1,g6.2xlarge,Windows,eu-central-1c,0.5859,2026-10-08 10:00:00+00:00,8.0,32.0,NVIDIA L4,1.0,22.3515625,Up to 10 Gigabit,1.0,450.0,x86_64,2026-10-08,2026-10-08 20:27:06,0.5859
eu-central-1,g6.2xlarge,Linux,eu-central-1b,0.5331,2026-10-08 10:00:00+00:00,8.0,32.0,NVIDIA L4,1.0,22.3515625,Up to 10 Gigabit,1.0,450.0,x86_64,2026-10-08,2026-10-08 20:27:06,0.5331
eu-central-1,g6.16xlarge,Windows,eu-central-1a,3.695,2026-10-08 10:00:00+00:00,64.0,256.0,NVIDIA L4,1.0,22.3515625,25 Gigabit,1.0,1880.0,x86_64,2026-10-08,2026-10-08 20:27:06,3.695
eu-central-1,g6.12xlarge,Linux,eu-central-1c,2.5327,2026-10-08 10:00:00+00:00,48.0,192.0,NVIDIA L4,4.0,89.40625,40 Gigabit,1.0,3760.0,x86_64,2026-10-08,2026-10-08 20:27:06,0.633175
eu-central-1,g5g.16xlarge,Linux,eu-central-1c,1.7359,2026-10-08 10:00:00+00:00,64.0,128.0,NVIDIA T4g,2.0,32.0,25 Gigabit,1.0,0.0,arm64,2026-10-08,2026-10-08 20:27:06,0.86795
eu-central-1,g5.xlarge,Windows,eu-central-1b,0.407,2026-10-08 10:00:00+00:00,4.0,16.0,NVIDIA A10G,1.0,22.3515625,Up to 10 Gigabit,1.0,250.0,x86_64,2026-10-08,2026-10-08 20:27:06,0.407
eu-central-1,g5.xlarge,Linux,eu-central-1a,0.781,2026-10-08 10:00:00+00:00,4.0,16.0,NVIDIA A10G,1.0,22.3515625,Up to 10 Gigabit,1.0,250.0,x86_64,2026-10-08,2026-10-08 20:27:06,0.781
ap-northeast-2,g5.2xlarge,Windows,ap-northeast-2c,1.0386,2026-10-08 10:00:00+00:00,8.0,32.0,NVIDIA A10G,1.0,22.3515625,Up to 10 Gigabit,1.0,450.0,x86_64,2026-10-08,2026-10-08 20:27:06,1.0386
eu-central-1,g6e.8xlarge,Linux,eu-central-1a,1.9573,2026-10-08 10:00:00+00:00,32.0,256.0,NVIDIA L40S,1.0,44.703125,25 Gigabit,1.0,900.0,x86_64,2026-10-08,2026-10-08 20:27:06,1.9573
eu-central-1,g6e.xlarge,Windows,eu-central-1c,0.6461,2026-10-08 10:00:00+00:00,4.0,32.0,NVIDIA L40S,1.0,44.703125,Up to 20 Gigabit,1.0,250.0,x86_64,2026-10-08,2026-10-08 20:27:06,0.6461
ap-southeast-2,g5.4xlarge,Windows,ap-southeast-2a,1.3452,2026-10-08 10:00:00+00:00,16.0,64.0,NVIDIA A10G,1.0,22.3515625,Up to 25 Gigabit,1.0,600.0,x86_64,2026-10-08,2026-10-08 20:27:06,1.3452
ap-southeast-2,g6f.2xlarge,Linux,ap-southeast-2c,0.2192,2026-10-08 10:00:00+00:00,8.0,32.0,NVIDIA L4,0.0,5.587890625,Up to 10 Gigabit,1.0,200.0,x86_64,2026-10-08,2026-10-08 20:27:06,
ap-southeast-2,g6.12xlarge,Windows,ap-southeast-2c,8.191,2026-10-08 10:00:00+00:00,48.0,192.0,NVIDIA L4,4.0,89.40625,40 Gigabit,1.0,3760.0,x86_64,2026-10-08,2026-10-08 20:27:06,2.04775
ap-southeast-2,g6.16xlarge,Linux,ap-southeast-2b,1.9946,2026-10-08 10:00:00+00:00,64.0,256.0,NVIDIA L4,1.0,22.3515625,25 Gigabit,1.0,1880.0,x86_64,2026-10-08,2026-10-08 20:27:06,1.9946
ap-southeast-2,g6.2xlarge,Windows,ap-southeast-2b,0.6428,2026-10-08 10:00:00+00:00,8.0,32.0,NVIDIA L4,1.0,22.3515625,Up to 10 Gigabit,1.0,450.0,x86_64,2026-10-08,2026-10-08 20:27:06,0.6428
ap-southeast-2,g6.48xlarge,Windows,ap-southeast-2a,13.0786,2026-10-08 10:00:00+00:00,192.0,768.0,NVIDIA L4,8.0,178.8125,100 Gigabit,1.0,7520.0,x86_64,2026-10-08,2026-10-08 20:27:06,1.634825
ap-southeast-2,g6.4xlarge,Linux,ap-southeast-2a,0.7152,2026-10-08 10:00:00+00:00,16.0,64.0,NVIDIA L4,1.0,22.3515625,Up to 25 Gigabit,1.0,600.0,x86_64,2026-10-08,2026-10-08 20:27:06,0.7152
ap-southeast-2,g6.8xlarge,Linux,ap-southeast-2a,1.2997,2026-10-08 10:00:00+00:00,32.0,128.0,NVIDIA L4,1.0,22.3515625,25 Gigabit,1.0,900.0,x86_64,2026-10-08,2026-10-08 20:27:06,1.2997
ap-southeast-2,g6.8xlarge,Linux,ap-southeast-2c,0.7405,2026-10-08 10:00:00+00:00,32.0,128.0,NVIDIA L4,1.0,22.3515625,25 Gigabit,1.0,900.0,x86_64,2026-10-08,2026-10-08 20:27:06,0.7405
ap-southeast-2,g6.xlarge,Linux,ap-southeast-2c,0.5461,2026-10-08 10:00:00+00:00,4.0,16.0,NVIDIA L4,1.0,22.3515625,Up to 10 Gigabit,1.0,250.0,x86_64,2026-10-08,2026-10-08 20:27:06,0.5461
ap-southeast-2,g6f.4xlarge,Windows,ap-southeast-2a,1.1847,2026-10-08 10:00:00+00:00,16.0,64.0,NVIDIA L4,0.0,11.17578125,Up to 25 Gigabit,1.0,450.0,x86_64,2026-10-08,2026-10-08 20:27:06,
eu-central-1,g6e.xlarge,Windows,eu-central-1a,0.5995,2026-10-08 10:00:00+00:00,4.0,32.0,NVIDIA L40S,1.0,44.703125,Up to 20 Gigabit,1.0,250.0,x86_64,2026-10-08,2026-10-08 20:27:06,0.5995
ap-southeast-2,g6f.large,Linux,ap-southeast-2a,0.2626,2026-10-08 10:00:00+00:00,2.0,8.0,NVIDIA L4,0.0,2.7939453125,Up to 10 Gigabit,1.0,100.0,x86_64,2026-10-08,2026-10-08 20:27:06,
ap-southeast-2,inf1.2xlarge,Linux,ap-southeast-2a,0.1589,2026-10-08 10:00:00+00:00,8.0,16.0,Inferentia,1.0,8.0,Up to 25 Gigabit,1.0,0.0,x86_64,2026-10-08,2026-10-08 20:27:06,0.1589
eu-central-1,inf1.6xlarge,Linux,eu-central-1c,0.3294,2026-10-08 10:00:00+00:00,24.0,48.0,Inferentia,4.0,32.0,25 Gigabit,1.0,0.0,x86_64,2026-10-08,2026-10-08 20:27:06,0.08235
eu-central-1,gr6.8xlarge,Linux,eu-central-1a,1.0202,2026-10-08 10:00:00+00:00,32.0,256.0,NVIDIA L4,1.0,22.3515625,25 Gigabit,1.0,900.0,x86_64,2026-10-08,2026-10-08 20:27:06,1.0202
eu-central-1,g7e.4xlarge,Linux,eu-central-1b,3.8368,2026-10-08 10:00:00+00:00,16.0,128.0,NVIDIA RTX PRO Server 6000,1.0,96.0,50 Gigabit,1.0,1900.0,x86_64,2026-10-08,2026-10-08 20:27:06,3.8368
eu-central-1,g7e.24xlarge,Windows,eu-central-1a,9.4044,2026-10-08 10:00:00+00:00,96.0,1024.0,NVIDIA RTX PRO Server 6000,4.0,384.0,800 Gigabit,2.0,7600.0,x86_64,2026-10-08,2026-10-08 20:27:06,2.3511
eu-central-1,g6f.large,Windows,eu-central-1a,0.137,2026-10-08 10:00:00+00:00,2.0,8.0,NVIDIA L4,0.0,2.7939453125,Up to 10 Gigabit,1.0,100.0,x86_64,2026-10-08,2026-10-08 20:27:06,
eu-central-1,g6f.large,Linux,eu-central-1a,0.0834,2026-10-08 10:00:00+00:00,2.0,8.0,NVIDIA L4,0.0,2.7939453125,Up to 10 Gigabit,1.0,100.0,x86_64,2026-10-08,2026-10-08 20:27:06,
us-east-2,inf2.8xlarge,Linux,us-east-2a,0.3211,2026-10-08 10:00:00+00:00,32.0,128.0,Inferentia2,1.0,32.0,Up to 25 Gigabit,1.0,0.0,x86_64,2026-10-08,2026-10-08 20:27:06,0.3211
us-east-2,inf2.24xlarge,Linux,us-east-2a,0.6491,2026-10-08 10:00:00+00:00,96.0,384.0,Inferentia2,6.0,192.0,50 Gigabit,1.0,0.0,x86_64,2026-10-08,2026-10-08 20:27:06,0.10818333333333334
eu-central-1,g5.4xlarge,Windows,eu-central-1a,1.1343,2026-10-08 10:00:00+00:00,16.0,64.0,NVIDIA A10G,1.0,22.3515625,Up to 25 Gigabit,1.0,600.0,x86_64,2026-10-08,2026-10-08 20:27:06,1.1343
us-east-2,inf1.2xlarge,Linux,us-east-2b,0.0712,2026-10-08 10:00:00+00:00,8.0,16.0,Inferentia,1.0,8.0,Up to 25 Gigabit,1.0,0.0,x86_64,2026-10-08,2026-10-08 20:27:06,0.0712
us-east-2,g6.12xlarge,Windows,us-east-2b,4.2787,2026-10-08 10:00:00+00:00,48.0,192.0,NVIDIA L4,4.0,89.40625,40 Gigabit,1.0,3760.0,x86_64,2026-10-08,2026-10-08 20:27:06,1.069675
us-east-2,g6.48xlarge,Windows,us-east-2a,14.8397,2026-10-08 10:00:00+00:00,192.0,768.0,NVIDIA L4,8.0,178.8125,100 Gigabit,1.0,7520.0,x86_64,2026-10-08,2026-10-08 20:27:06,1.8549625
us-east-2,g6.4xlarge,Windows,us-east-2a,1.3315,2026-10-08 10:00:00+00:00,16.0,64.0,NVIDIA L4,1.0,22.3515625,Up to 25 Gigabit,1.0,600.0,x86_64,2026-10-08,2026-10-08 20:27:06,1.3315
us-east-2,g6.8xlarge,Windows,us-east-2a,2.3787,2026-10-08 10:00:00+00:00,32.0,128.0,NVIDIA L4,1.0,22.3515625,25 Gigabit,1.0,900.0,x86_64,2026-10-08,2026-10-08 20:27:06,2.3787
us-east-2,g6.8xlarge,Windows,us-east-2b,2.3785,2026-10-08 10:00:00+00:00,32.0,128.0,NVIDIA L4,1.0,22.3515625,25 Gigabit,1.0,900.0,x86_64,2026-10-08,2026-10-08 20:27:06,2.3785
us-east-2,g6.xlarge,Windows,us-east-2b,0.5462,2026-10-08 10:00:00+00:00,4.0,16.0,NVIDIA L4,1.0,22.3515625,Up to 10 Gigabit,1.0,250.0,x86_64,2026-10-08,2026-10-08 20:27:06,0.5462
us-east-2,g6e.24xlarge,Linux,us-east-2c,8.9736,2026-10-08 10:00:00+00:00,96.0,768.0,NVIDIA L40S,4.0,178.8125,200 Gigabit,2.0,3800.0,x86_64,2026-10-08,2026-10-08 20:27:06,2.2434
us-east-2,g6e.2xlarge,Linux,us-east-2c,2.0179,2026-10-08 10:00:00+00:00,8.0,64.0,NVIDIA L40S,1.0,44.703125,Up to 20 Gigabit,1.0,450.0,x86_64,2026-10-08,2026-10-08 20:27:06,2.0179
us-east-2,g6e.48xlarge,Linux,us-east-2a,18.5337,2026-10-08 10:00:00+00:00,192.0,1536.0,NVIDIA L40S,8.0,357.625,400 Gigabit,4.0,7600.0,x86_64,2026-10-08,2026-10-08 20:27:06,2.3167125
us-east-2,g6e.48xlarge,Windows,us-east-2a,27.3455,2026-10-08 10:00:00+00:00,192.0,1536.0,NVIDIA L40S,8.0,357.625,400 Gigabit,4.0,7600.0,x86_64,2026-10-08,2026-10-08 20:27:06,3.4181875
us-east-2,g6e.4xlarge,Linux,us-east-2a,1.546,2026-10-08 10:00:00+00:00,16.0,128.0,NVIDIA L40S,1.0,44.703125,20 Gigabit,1.0,600.0,x86_64,2026-10-08,2026-10-08 20:27:06,1.546
ca-central-1,p4d.24xlarge,Linux,ca-central-1a,6.4604,2026-10-08 10:00:00+00:00,96.0,1152.0,NVIDIA A100,8.0,320.0,4x 100 Gigabit,4.0,8000.0,x86_64,2026-10-08,2026-10-08 20:27:06,0.80755
ca-central-1,inf1.2xlarge,Linux,ca-central-1b,0.087,2026-10-08 10:00:00+00:00,8.0,16.0,Inferentia,1.0,8.0,Up to 25 Gigabit,1.0,0.0,x86_64,2026-10-08,2026-10-08 20:27:06,0.087
ca-central-1,gr6f.4xlarge,Windows,ca-central-1a,0.9838,2026-10-08 10:00:00+00:00,16.0,128.0,NVIDIA L4,0.0,11.17578125,Up to 25 Gigabit,1.0,450.0,x86_64,2026-10-08,2026-10-08 20:27:06,
ca-central-1,gr6f.4xlarge,Linux,ca-central-1b,0.2379,2026-10-08 10:00:00+00:00,16.0,128.0,NVIDIA L4,0.0,11.17578125,Up to 25 Gigabit,1.0,450.0,x86_64,2026-10-08,2026-10-08 20:27:06,
ca-central-1,gr6.8xlarge,Windows,ca-central-1b,4.1883,2026-10-08 10:00:00+00:00,32.0,256.0,NVIDIA L4,1.0,22.3515625,25 Gigabit,1.0,900.0,x86_64,2026-10-08,2026-10-08 20:27:06,4.1883
ca-central-1,gr6.4xlarge,Windows,ca-central-1b,1.5622,2026-10-08 10:00:00+00:00,16.0,128.0,NVIDIA L4,1.0,22.3515625,Up to 25 Gigabit,1.0,600.0,x86_64,2026-10-08,2026-10-08 20:27:06,1.5622
ca-central-1,g6f.xlarge,Linux,ca-central-1b,0.053,2026-10-08 10:00:00+00:00,4.0,16.0,NVIDIA L4,0.0,2.7939453125,Up to 10 Gigabit,1.0,100.0,x86_64,2026-10-08,2026-10-08 20:27:06,
ca-central-1,g6f.large,Windows,ca-central-1a,0.3163,2026-10-08 10:00:00+00:00,2.0,8.0,NVIDIA L4,0.0,2.7939453125,Up to 10 Gigabit,1.0,100.0,x86_64,2026-10-08,2026-10-08 20:27:06,
us-east-2,g5.xlarge,Linux,us-east-2b,0.529,2026-10-08 10:00:00+00:00,4.0,16.0,NVIDIA A10G,1.0,22.3515625,Up to 10 Gigabit,1.0,250.0,x86_64,2026-10-08,2026-10-08 20:27:06,0.529
us-east-2,g5.4xlarge,Windows,us-east-2a,1.4668,2026-10-08 10:00:00+00:00,16.0,64.0,NVIDIA A10G,1.0,22.3515625,Up to 25 Gigabit,1.0,600.0,x86_64,2026-10-08,2026-10-08 20:27:06,1.4668
us-east-2,g5.48xlarge,Windows,us-east-2b,17.283,2026-10-08 10:00:00+00:00,192.0,768.0,NVIDIA A10G,8.0,178.8125,100 Gigabit,1.0,7600.0,x86_64,2026-10-08,2026-10-08 20:27:06,2.160375
us-east-2,g4dn.metal,Windows,us-east-2c,7.9368,2026-10-08 10:00:00+00:00,96.0,384.0,NVIDIA T4,8.0,128.0,100 Gigabit,1.0,1800.0,x86_64,2026-10-08,2026-10-08 20:27:06,0.9921
us-east-2,g4dn.12xlarge,Windows,us-east-2c,3.9684,2026-10-08 10:00:00+00:00,48.0,192.0,NVIDIA T4,4.0,64.0,50 Gigabit,1.0,900.0,x86_64,2026-10-08,2026-10-08 20:27:06,0.9921
us-east-2,g4dn.16xlarge,Linux,us-east-2b,2.0069,2026-10-08 10:00:00+00:00,64.0,256.0,NVIDIA T4,1.0,16.0,50 Gigabit,1.0,900.0,x86_64,2026-10-08,2026-10-08 20:27:06,2.0069
us-east-2,g4dn.16xlarge,Windows,us-east-2c,4.9024,2026-10-08 10:00:00+00:00,64.0,256.0,NVIDIA T4,1.0,16.0,50 Gigabit,1.0,900.0,x86_64,2026-10-08,2026-10-08 20:27:06,4.9024
us-east-2,g4dn.2xlarge,Linux,us-east-2b,0.38,2026-10-08 10:00:00+00:00,8.0,32.0,NVIDIA T4,1.0,16.0,Up to 25 Gigabit,1.0,225.0,x86_64,2026-10-08,2026-10-08 20:27:06,0.38
us-east-2,g4dn.4xlarge,Linux,us-east-2a,0.6324,2026-10-08 10:00:00+00:00,16.0,64.0,NVIDIA T4,1.0,16.0,Up to 25 Gigabit,1.0,225.0,x86_64,2026-10-08,2026-10-08 20:27:06,0.6324
us-east-2,g4dn.4xlarge,Windows,us-east-2a,1.2791,2026-10-08 10:00:00+00:00,16.0,64.0,NVIDIA T4,1.0,16.0,Up to 25 Gigabit,1.0,225.0,x86_64,2026-10-08,2026-10-08 20:27:06,1.2791
us-east-2,g4dn.8xlarge,Linux,us-east-2b,1.061,2026-10-08 10:00:00+00:00,32.0,128.0,NVIDIA T4,1.0,16.0,50 Gigabit,1.0,900.0,x86_64,2026-10-08,2026-10-08 20:27:06,1.061
us-east-2,g4dn.8xlarge,Windows,us-east-2c,2.4512,2026-10-08 10:00:00+00:00,32.0,128.0,NVIDIA T4,1.0,16.0,50 Gigabit,1.0,900.0,x86_64,2026-10-08,2026-10-08 20:27:06,2.4512
us-east-2,g4dn.xlarge,Linux,us-east-2c,0.274,2026-10-08 10:00:00+00:00,4.0,16.0,NVIDIA T4,1.0,16.0,Up to 25 Gigabit,1.0,125.0,x86_64,2026-10-08,2026-10-08 20:27:06,0.274
us-east-2,g5.48xlarge,Linux,us-east-2b,8.3818,2026-10-08 10:00:00+00:00,192.0,768.0,NVIDIA A10G,8.0,178.8125,100 Gigabit,1.0,7600.0,x86_64,2026-10-08,2026-10-08 20:27:06,1.047725
us-east-2,g4dn.xlarge,Windows,us-east-2a,0.4227,2026-10-08 10:00:00+00:00,4.0,16.0,NVIDIA T4,1.0,16.0,Up to 25 Gigabit,1.0,125.0,x86_64,2026-10-08,2026-10-08 20:27:06,0.4227
us-east-2,g5.12xlarge,Linux,us-east-2b,2.894,2026-10-08 10:00:00+00:00,48.0,192.0,NVIDIA A10G,4.0,89.40625,40 Gigabit,1.0,3800.0,x86_64,2026-10-08,2026-10-08 20:27:06,0.7235
us-east-2,g5.12xlarge,Windows,us-east-2b,4.7604,2026-10-08 10:00:00+00:00,48.0,192.0,NVIDIA A10G,4.0,89.40625,40 Gigabit,1.0,3800.0,x86_64,2026-10-08,2026-10-08 20:27:06,1.1901
us-east-2,g5.16xlarge,Windows,us-east-2c,4.7872,2026-10-08 10:00:00+00:00,64.0,256.0,NVIDIA A10G,1.0,22.3515625,25 Gigabit,1.0,1900.0,x86_64,2026-10-08,2026-10-08 20:27:06,4.7872
us-east-2,g5.24xlarge,Windows,us-east-2a,8.0808,2026-10-08 10:00:00+00:00,96.0,384.0,NVIDIA A10G,4.0,89.40625,50 Gigabit,1.0,3800.0,x86_64,2026-10-08,2026-10-08 20:27:06,2.0202
us-east-2,g5.2xlarge,Linux,us-east-2a,0.6433,2026-10-08 10:00:00+00:00,8.0,32.0,NVIDIA A10G,1.0,22.3515625,Up to 10 Gigabit,1.0,450.0,x86_64,2026-10-08,2026-10-08 20:27:06,0.6433
us-east-2,g5.2xlarge,Windows,us-east-2b,0.9134,2026-10-08 10:00:00+00:00,8.0,32.0,NVIDIA A10G,1.0,22.3515625,Up to 10 Gigabit,1.0,450.0,x86_64,2026-10-08,2026-10-08 20:27:06,0.9134
us-east-2,g5.48xlarge,Linux,us-east-2a,14.6592,2026-10-08 10:00:00+00:00,192.0,768.0,NVIDIA A10G,8.0,178.8125,100 Gigabit,1.0,7600.0,x86_64,2026-10-08,2026-10-08 20:27:06,1.8324
ca-central-1,g6f.2xlarge,Windows,ca-central-1a,0.4765,2026-10-08 10:00:00+00:00,8.0,32.0,NVIDIA L4,0.0,5.587890625,Up to 10 Gigabit,1.0,200.0,x86_64,2026-10-08,2026-10-08 20:27:06,
ca-central-1,g6f.2xlarge,Linux,ca-central-1a,0.1989,2026-10-08 10:00:00+00:00,8.0,32.0,NVIDIA L4,0.0,5.587890625,Up to 10 Gigabit,1.0,200.0,x86_64,2026-10-08,2026-10-08 20:27:06,
ca-central-1,g6.xlarge,Windows,ca-central-1d,1.0776,2026-10-08 10:00:00+00:00,4.0,16.0,NVIDIA L4,1.0,22.3515625,Up to 10 Gigabit,1.0,250.0,x86_64,2026-10-08,2026-10-08 20:27:06,1.0776
us-east-2,g7.8xlarge,Linux,us-east-2c,1.8403,2026-10-08 10:00:00+00:00,32.0,128.0,NVIDIA RTX PRO 4500,1.0,32.0,100 Gigabit,1.0,930.0,x86_64,2026-10-08,2026-10-08 20:27:06,1.8403
us-east-2,g6f.4xlarge,Linux,us-east-2c,0.4281,2026-10-08 10:00:00+00:00,16.0,64.0,NVIDIA L4,0.0,11.17578125,Up to 25 Gigabit,1.0,450.0,x86_64,2026-10-08,2026-10-08 20:27:06,
us-east-2,g6f.4xlarge,Windows,us-east-2a,1.1635,2026-10-08 10:00:00+00:00,16.0,64.0,NVIDIA L4,0.0,11.17578125,Up to 25 Gigabit,1.0,450.0,x86_64,2026-10-08,2026-10-08 20:27:06,
us-east-2,g6f.xlarge,Windows,us-east-2c,0.2909,2026-10-08 10:00:00+00:00,4.0,16.0,NVIDIA L4,0.0,2.7939453125,Up to 10 Gigabit,1.0,100.0,x86_64,2026-10-08,2026-10-08 20:27:06,
us-east-2,g7.12xlarge,Linux,us-east-2b,3.2176,2026-10-08 10:00:00+00:00,48.0,192.0,NVIDIA RTX PRO 4500,2.0,64.0,175 Gigabit,1.0,1900.0,x86_64,2026-10-08,2026-10-08 20:27:06,1.6088
us-east-2,g7.12xlarge,Windows,us-east-2b,5.4161,2026-10-08 10:00:00+00:00,48.0,192.0,NVIDIA RTX PRO 4500,2.0,64.0,175 Gigabit,1.0,1900.0,x86_64,2026-10-08,2026-10-08 20:27:06,2.70805
us-east-2,g7.24xlarge,Windows,us-east-2c,10.8316,2026-10-08 10:00:00+00:00,96.0,384.0,NVIDIA RTX PRO 4500,4.0,128.0,350 Gigabit,1.0,3800.0,x86_64,2026-10-08,2026-10-08 20:27:06,2.7079
us-east-2,g7.48xlarge,Linux,us-east-2c,12.8479,2026-10-08 10:00:00+00:00,192.0,768.0,NVIDIA RTX PRO 4500,8.0,256.0,700 Gigabit,2.0,7600.0,x86_64,2026-10-08,2026-10-08 20:27:06,1.6059875
us-east-2,g7.48xlarge,Windows,us-east-2a,21.6635,2026-10-08 10:00:00+00:00,192.0,768.0,NVIDIA RTX PRO 4500,8.0,256.0,700 Gigabit,2.0,7600.0,x86_64,2026-10-08,2026-10-08 20:27:06,2.7079375
us-east-2,g7e.24xlarge,Linux,us-east-2b,8.6641,2026-10-08 10:00:00+00:00,96.0,1024.0,NVIDIA RTX PRO Server 6000,4.0,384.0,800 Gigabit,2.0,7600.0,x86_64,2026-10-08,2026-10-08 20:27:06,2.166025
us-east-2,g6f.2xlarge,Linux,us-east-2b,0.2181,2026-10-08 10:00:00+00:00,8.0,32.0,NVIDIA L4,0.0,5.587890625,Up to 10 Gigabit,1.0,200.0,x86_64,2026-10-08,2026-10-08 20:27:06,
us-east-2,g7e.24xlarge,Windows,us-east-2b,11.8767,2026-10-08 10:00:00+00:00,96.0,1024.0,NVIDIA RTX PRO Server 6000,4.0,384.0,800 Gigabit,2.0,7600.0,x86_64,2026-10-08,2026-10-08 20:27:06,2.969175
us-east-2,g7e.2xlarge,Linux,us-east-2a,2.6365,2026-10-08 10:00:00+00:00,8.0,64.0,NVIDIA RTX PRO Server 6000,1.0,96.0,50 Gigabit,1.0,1900.0,x86_64,2026-10-08,2026-10-08 20:27:06,2.6365
us-east-2,g7e.2xlarge,Linux,us-east-2c,1.926,2026-10-08 10:00:00+00:00,8.0,64.0,NVIDIA RTX PRO Server 6000,1.0,96.0,50 Gigabit,1.0,1900.0,x86_64,2026-10-08,2026-10-08 20:27:06,1.926
us-east-2,g7e.48xlarge,Linux,us-east-2b,16.9758,2026-10-08 10:00:00+00:00,192.0,2048.0,NVIDIA RTX PRO Server 6000,8.0,768.0,1600 Gigabit,4.0,15200.0,x86_64,2026-10-08,2026-10-08 20:27:06,2.121975
us-east-2,g7e.48xlarge,Linux,us-east-2c,15.2955,2026-10-08 10:00:00+00:00,192.0,2048.0,NVIDIA RTX PRO Server 6000,8.0,768.0,1600 Gigabit,4.0,15200.0,x86_64,2026-10-08,2026-10-08 20:27:06,1.9119375
us-east-2,g7e.4xlarge,Linux,us-east-2c,3.5983,2026-10-08 10:00:00+00:00,16.0,128.0,NVIDIA RTX PRO Server 6000,1.0,96.0,50 Gigabit,1.0,1900.0,x86_64,2026-10-08,2026-10-08 20:27:06,3.5983
us-east-2,gr6f.4xlarge,Windows,us-east-2a,0.8426,2026-10-08 10:00:00+00:00,16.0,128.0,NVIDIA L4,0.0,11.17578125,Up to 25 Gigabit,1.0,450.0,x86_64,2026-10-08,2026-10-08 20:27:06,
us-east-2,gr6f.4xlarge,Windows,us-east-2b,0.8426,2026-10-08 10:00:00+00:00,16.0,128.0,NVIDIA L4,0.0,11.17578125,Up to 25 Gigabit,1.0,450.0,x86_64,2026-10-08,2026-10-08 20:27:06,
us-east-2,g6f.4xlarge,Linux,us-east-2a,0.4327,2026-10-08 10:00:00+00:00,16.0,64.0,NVIDIA L4,0.0,11.17578125,Up to 25 Gigabit,1.0,450.0,x86_64,2026-10-08,2026-10-08 20:27:06,
us-east-2,g6e.xlarge,Windows,us-east-2a,1.0639,2026-10-08 10:00:00+00:00,4.0,32.0,NVIDIA L40S,1.0,44.703125,Up to 20 Gigabit,1.0,250.0,x86_64,2026-10-08,2026-10-08 20:27:06,1.0639
ca-central-1,g6.8xlarge,Linux,ca-central-1b,1.3316,2026-10-08 10:00:00+00:00,32.0,128.0,NVIDIA L4,1.0,22.3515625,25 Gigabit,1.0,900.0,x86_64,2026-10-08,2026-10-08 20:27:06,1.3316
ca-central-1,g5.8xlarge,Windows,ca-central-1b,2.3307,2026-10-08 10:00:00+00:00,32.0,128.0,NVIDIA A10G,1.0,22.3515625,25 Gigabit,1.0,900.0,x86_64,2026-10-08,2026-10-08 20:27:06,2.3307
ca-central-1,g6.4xlarge,Windows,ca-central-1d,2.2052,2026-10-08 10:00:00+00:00,16.0,64.0,NVIDIA L4,1.0,22.3515625,Up to 25 Gigabit,1.0,600.0,x86_64,2026-10-08,2026-10-08 20:27:06,2.2052
ca-central-1,g6.48xlarge,Windows,ca-central-1a,23.6555,2026-10-08 10:00:00+00:00,192.0,768.0,NVIDIA L4,8.0,178.8125,100 Gigabit,1.0,7520.0,x86_64,2026-10-08,2026-10-08 20:27:06,2.9569375
ca-central-1,g6.2xlarge,Linux,ca-central-1d,1.0855,2026-10-08 10:00:00+00:00,8.0,32.0,NVIDIA L4,1.0,22.3515625,Up to 10 Gigabit,1.0,450.0,x86_64,2026-10-08,2026-10-08 20:27:06,1.0855
ca-central-1,g6.2xlarge,Linux,ca-central-1a,0.3855,2026-10-08 10:00:00+00:00,8.0,32.0,NVIDIA L4,1.0,22.3515625,Up to 10 Gigabit,1.0,450.0,x86_64,2026-10-08,2026-10-08 20:27:06,0.3855
ca-central-1,g6.24xlarge,Linux,ca-central-1b,7.4117,2026-10-08 10:00:00+00:00,96.0,384.0,NVIDIA L4,4.0,89.40625,50 Gigabit,1.0,3760.0,x86_64,2026-10-08,2026-10-08 20:27:06,1.852925
ca-central-1,g6.24xlarge,Linux,ca-central-1a,7.4117,2026-10-08 10:00:00+00:00,96.0,384.0,NVIDIA L4,4.0,89.40625,50 Gigabit,1.0,3760.0,x86_64,2026-10-08,2026-10-08 20:27:06,1.852925
ca-central-1,g5.xlarge,Windows,ca-central-1b,0.2957,2026-10-08 10:00:00+00:00,4.0,16.0,NVIDIA A10G,1.0,22.3515625,Up to 10 Gigabit,1.0,250.0,x86_64,2026-10-08,2026-10-08 20:27:06,0.2957
ca-central-1,g5.xlarge,Linux,ca-central-1b,0.6127,2026-10-08 10:00:00+00:00,4.0,16.0,NVIDIA A10G,1.0,22.3515625,Up to 10 Gigabit,1.0,250.0,x86_64,2026-10-08,2026-10-08 20:27:06,0.6127
ca-central-1,g5.8xlarge,Linux,ca-central-1b,1.0181,2026-10-08 10:00:00+00:00,32.0,128.0,NVIDIA A10G,1.0,22.3515625,25 Gigabit,1.0,900.0,x86_64,2026-10-08,2026-10-08 20:27:06,1.0181
us-east-2,g6e.4xlarge,Windows,us-east-2b,2.0881,2026-10-08 10:00:00+00:00,16.0,128.0,NVIDIA L40S,1.0,44.703125,20 Gigabit,1.0,600.0,x86_64,2026-10-08,2026-10-08 20:27:06,2.0881
ca-central-1,g5.12xlarge,Windows,ca-central-1a,5.4809,2026-10-08 10:00:00+00:00,48.0,192.0,NVIDIA A10G,4.0,89.40625,40 Gigabit,1.0,3800.0,x86_64,2026-10-08,2026-10-08 20:27:06,1.370225
ca-central-1,g4dn.xlarge,Linux,ca-central-1a,0.2362,2026-10-08 10:00:00+00:00,4.0,16.0,NVIDIA T4,1.0,16.0,Up to 25 Gigabit,1.0,125.0,x86_64,2026-10-08,2026-10-08 20:27:06,0.2362
ca-central-1,g4dn.metal,Linux,ca-central-1a,8.687,2026-10-08 10:00:00+00:00,96.0,384.0,NVIDIA T4,8.0,128.0,100 Gigabit,1.0,1800.0,x86_64,2026-10-08,2026-10-08 20:27:06,1.085875
ca-central-1,g4dn.4xlarge,Windows,ca-central-1b,0.8697,2026-10-08 10:00:00+00:00,16.0,64.0,NVIDIA T4,1.0,16.0,Up to 25 Gigabit,1.0,225.0,x86_64,2026-10-08,2026-10-08 20:27:06,0.8697
ca-central-1,g4dn.4xlarge,Windows,ca-central-1a,0.8697,2026-10-08 10:00:00+00:00,16.0,64.0,NVIDIA T4,1.0,16.0,Up to 25 Gigabit,1.0,225.0,x86_64,2026-10-08,2026-10-08 20:27:06,0.8697
ca-central-1,g4dn.4xlarge,Linux,ca-central-1b,0.6034,2026-10-08 10:00:00+00:00,16.0,64.0,NVIDIA T4,1.0,16.0,Up to 25 Gigabit,1.0,225.0,x86_64,2026-10-08,2026-10-08 20:27:06,0.6034
ca-central-1,g4dn.12xlarge,Windows,ca-central-1a,2.6423,2026-10-08 10:00:00+00:00,48.0,192.0,NVIDIA T4,4.0,64.0,50 Gigabit,1.0,900.0,x86_64,2026-10-08,2026-10-08 20:27:06,0.660575
ca-central-1,g4dn.12xlarge,Linux,ca-central-1b,1.6904,2026-10-08 10:00:00+00:00,48.0,192.0,NVIDIA T4,4.0,64.0,50 Gigabit,1.0,900.0,x86_64,2026-10-08,2026-10-08 20:27:06,0.4226
eu-central-1,g5.8xlarge,Linux,eu-central-1a,0.867,2026-10-08 10:00:00+00:00,32.0,128.0,NVIDIA A10G,1.0,22.3515625,25 Gigabit,1.0,900.0,x86_64,2026-10-08,2026-10-08 20:27:06,0.867
eu-central-1,g5.xlarge,Linux,eu-central-1c,0.7117,2026-10-08 10:00:00+00:00,4.0,16.0,NVIDIA A10G,1.0,22.3515625,Up to 10 Gigabit,1.0,250.0,x86_64,2026-10-08,2026-10-08 20:27:06,0.7117
eu-central-1,g5.2xlarge,Linux,eu-central-1a,0.8955,2026-10-08 10:00:00+00:00,8.0,32.0,NVIDIA A10G,1.0,22.3515625,Up to 10 Gigabit,1.0,450.0,x86_64,2026-10-08,2026-10-08 20:27:06,0.8955
eu-west-2,g4dn.12xlarge,Windows,eu-west-2a,2.6809,2026-10-08 10:00:00+00:00,48.0,192.0,NVIDIA T4,4.0,64.0,50 Gigabit,1.0,900.0,x86_64,2026-10-08,2026-10-08 20:27:06,0.670225
us-east-1,g5g.xlarge,Linux,us-east-1b,0.1332,2026-10-08 10:00:00+00:00,4.0,8.0,NVIDIA T4g,1.0,16.0,Up to 10 Gigabit,1.0,0.0,arm64,2026-10-08,2026-10-08 20:27:06,0.1332
us-east-1,g6.24xlarge,Windows,us-east-1b,6.1085,2026-10-08 10:00:00+00:00,96.0,384.0,NVIDIA L4,4.0,89.40625,50 Gigabit,1.0,3760.0,x86_64,2026-10-08,2026-10-08 20:27:06,1.527125
us-east-1,g6.24xlarge,Windows,us-east-1c,5.089,2026-10-08 10:00:00+00:00,96.0,384.0,NVIDIA L4,4.0,89.40625,50 Gigabit,1.0,3760.0,x86_64,2026-10-08,2026-10-08 20:27:06,1.27225
us-east-1,g6.2xlarge,Linux,us-east-1a,0.9402,2026-10-08 10:00:00+00:00,8.0,32.0,NVIDIA L4,1.0,22.3515625,Up to 10 Gigabit,1.0,450.0,x86_64,2026-10-08,2026-10-08 20:27:06,0.9402
us-east-1,g6.2xlarge,Linux,us-east-1f,0.9152,2026-10-08 10:00:00+00:00,8.0,32.0,NVIDIA L4,1.0,22.3515625,Up to 10 Gigabit,1.0,450.0,x86_64,2026-10-08,2026-10-08 20:27:06,0.9152
us-east-1,g6.48xlarge,Linux,us-east-1b,5.9616,2026-10-08 10:00:00+00:00,192.0,768.0,NVIDIA L4,8.0,178.8125,100 Gigabit,1.0,7520.0,x86_64,2026-10-08,2026-10-08 20:27:06,0.7452
us-east-1,g6.4xlarge,Windows,us-east-1c,0.9642,2026-10-08 10:00:00+00:00,16.0,64.0,NVIDIA L4,1.0,22.3515625,Up to 25 Gigabit,1.0,600.0,x86_64,2026-10-08,2026-10-08 20:27:06,0.9642
us-east-1,g6.8xlarge,Linux,us-east-1b,0.9865,2026-10-08 10:00:00+00:00,32.0,128.0,NVIDIA L4,1.0,22.3515625,25 Gigabit,1.0,900.0,x86_64,2026-10-08,2026-10-08 20:27:06,0.9865
us-east-1,g6.xlarge,Windows,us-east-1a,0.3389,2026-10-08 10:00:00+00:00,4.0,16.0,NVIDIA L4,1.0,22.3515625,Up to 10 Gigabit,1.0,250.0,x86_64,2026-10-08,2026-10-08 20:27:06,0.3389
us-east-1,g6e.12xlarge,Linux,us-east-1a,8.4985,2026-10-08 10:00:00+00:00,48.0,384.0,NVIDIA L40S,4.0,178.8125,100 Gigabit,1.0,3800.0,x86_64,2026-10-08,2026-10-08 20:27:06,2.124625
us-east-1,g6e.16xlarge,Linux,us-east-1c,2.4469,2026-10-08 10:00:00+00:00,64.0,512.0,NVIDIA L40S,1.0,44.703125,35 Gigabit,1.0,1900.0,x86_64,2026-10-08,2026-10-08 20:27:06,2.4469
us-east-1,g6e.16xlarge,Windows,us-east-1a,4.5781,2026-10-08 10:00:00+00:00,64.0,512.0,NVIDIA L40S,1.0,44.703125,35 Gigabit,1.0,1900.0,x86_64,2026-10-08,2026-10-08 20:27:06,4.5781
us-east-1,g6e.16xlarge,Windows,us-east-1b,3.7989,2026-10-08 10:00:00+00:00,64.0,512.0,NVIDIA L40S,1.0,44.703125,35 Gigabit,1.0,1900.0,x86_64,2026-10-08,2026-10-08 20:27:06,3.7989
us-east-1,g6e.24xlarge,Windows,us-east-1c,5.9226,2026-10-08 10:00:00+00:00,96.0,768.0,NVIDIA L40S,4.0,178.8125,200 Gigabit,2.0,3800.0,x86_64,2026-10-08,2026-10-08 20:27:06,1.48065
us-east-1,g6e.2xlarge,Linux,us-east-1d,2.2096,2026-10-08 10:00:00+00:00,8.0,64.0,NVIDIA L40S,1.0,44.703125,Up to 20 Gigabit,1.0,450.0,x86_64,2026-10-08,2026-10-08 20:27:06,2.2096
us-east-1,g6e.48xlarge,Linux,us-east-1a,26.0006,2026-10-08 10:00:00+00:00,192.0,1536.0,NVIDIA L40S,8.0,357.625,400 Gigabit,4.0,7600.0,x86_64,2026-10-08,2026-10-08 20:27:06,3.250075
us-east-1,g6e.48xlarge,Windows,us-east-1b,29.185,2026-10-08 10:00:00+00:00,192.0,1536.0,NVIDIA L40S,8.0,357.625,400 Gigabit,4.0,7600.0,x86_64,2026-10-08,2026-10-08 20:27:06,3.648125
us-east-1,g6e.8xlarge,Linux,us-east-1c,1.7139,2026-10-08 10:00:00+00:00,32.0,256.0,NVIDIA L40S,1.0,44.703125,25 Gigabit,1.0,900.0,x86_64,2026-10-08,2026-10-08 20:27:06,1.7139
us-east-1,g6e.xlarge,Linux,us-east-1b,1.8341,2026-10-08 10:00:00+00:00,4.0,32.0,NVIDIA L40S,1.0,44.703125,Up to 20 Gigabit,1.0,250.0,x86_64,2026-10-08,2026-10-08 20:27:06,1.8341
us-east-1,g5g.4xlarge,Linux,us-east-1c,0.3079,2026-10-08 10:00:00+00:00,16.0,32.0,NVIDIA T4g,1.0,16.0,Up to 10 Gigabit,1.0,0.0,arm64,2026-10-08,2026-10-08 20:27:06,0.3079
us-east-1,g5g.2xlarge,Linux,us-east-1c,0.3181,2026-10-08 10:00:00+00:00,8.0,16.0,NVIDIA T4g,1.0,16.0,Up to 10 Gigabit,1.0,0.0,arm64,2026-10-08,2026-10-08 20:27:06,0.3181
us-east-1,g5.xlarge,Windows,us-east-1b,0.2846,2026-10-08 10:00:00+00:00,4.0,16.0,NVIDIA A10G,1.0,22.3515625,Up to 10 Gigabit,1.0,250.0,x86_64,2026-10-08,2026-10-08 20:27:06,0.2846
us-east-1,g4dn.xlarge,Windows,us-east-1d,0.2366,2026-10-08 10:00:00+00:00,4.0,16.0,NVIDIA T4,1.0,16.0,Up to 25 Gigabit,1.0,125.0,x86_64,2026-10-08,2026-10-08 20:27:06,0.2366
us-east-1,g4dn.16xlarge,Linux,us-east-1f,1.4556,2026-10-08 10:00:00+00:00,64.0,256.0,NVIDIA T4,1.0,16.0,50 Gigabit,1.0,900.0,x86_64,2026-10-08,2026-10-08 20:27:06,1.4556
eu-central-1,g5.24xlarge,Windows,eu-central-1c,14.6001,2026-10-08 10:00:00+00:00,96.0,384.0,NVIDIA A10G,4.0,89.40625,50 Gigabit,1.0,3800.0,x86_64,2026-10-08,2026-10-08 20:27:06,3.650025
us-east-1,g4dn.2xlarge,Windows,us-east-1f,0.4432,2026-10-08 10:00:00+00:00,8.0,32.0,NVIDIA T4,1.0,16.0,Up to 25 Gigabit,1.0,225.0,x86_64,2026-10-08,2026-10-08 20:27:06,0.4432
us-east-1,g4dn.2xlarge,Windows,us-east-1d,0.4454,2026-10-08 10:00:00+00:00,8.0,32.0,NVIDIA T4,1.0,16.0,Up to 25 Gigabit,1.0,225.0,x86_64,2026-10-08,2026-10-08 20:27:06,0.4454
us-east-1,g4dn.4xlarge,Linux,us-east-1a,0.6584,2026-10-08 10:00:00+00:00,16.0,64.0,NVIDIA T4,1.0,16.0,Up to 25 Gigabit,1.0,225.0,x86_64,2026-10-08,2026-10-08 20:27:06,0.6584
us-east-1,g4dn.8xlarge,Linux,us-east-1a,0.7929,2026-10-08 10:00:00+00:00,32.0,128.0,NVIDIA T4,1.0,16.0,50 Gigabit,1.0,900.0,x86_64,2026-10-08,2026-10-08 20:27:06,0.7929
us-east-1,g4dn.8xlarge,Windows,us-east-1f,1.7255,2026-10-08 10:00:00+00:00,32.0,128.0,NVIDIA T4,1.0,16.0,50 Gigabit,1.0,900.0,x86_64,2026-10-08,2026-10-08 20:27:06,1.7255
us-east-1,g4dn.metal,Windows,us-east-1c,5.1984,2026-10-08 10:00:00+00:00,96.0,384.0,NVIDIA T4,8.0,128.0,100 Gigabit,1.0,1800.0,x86_64,2026-10-08,2026-10-08 20:27:06,0.6498
us-east-1,g5.12xlarge,Windows,us-east-1a,7.7979,2026-10-08 10:00:00+00:00,48.0,192.0,NVIDIA A10G,4.0,89.40625,40 Gigabit,1.0,3800.0,x86_64,2026-10-08,2026-10-08 20:27:06,1.949475
us-east-1,g5.48xlarge,Windows,us-east-1a,24.8841,2026-10-08 10:00:00+00:00,192.0,768.0,NVIDIA A10G,8.0,178.8125,100 Gigabit,1.0,7600.0,x86_64,2026-10-08,2026-10-08 20:27:06,3.1105125
us-east-1,g5.12xlarge,Windows,us-east-1d,3.9052,2026-10-08 10:00:00+00:00,48.0,192.0,NVIDIA A10G,4.0,89.40625,40 Gigabit,1.0,3800.0,x86_64,2026-10-08,2026-10-08 20:27:06,0.9763
us-east-1,g5.24xlarge,Linux,us-east-1c,5.0165,2026-10-08 10:00:00+00:00,96.0,384.0,NVIDIA A10G,4.0,89.40625,50 Gigabit,1.0,3800.0,x86_64,2026-10-08,2026-10-08 20:27:06,1.254125
us-east-1,g5.24xlarge,Linux,us-east-1d,4.9075,2026-10-08 10:00:00+00:00,96.0,384.0,NVIDIA A10G,4.0,89.40625,50 Gigabit,1.0,3800.0,x86_64,2026-10-08,2026-10-08 20:27:06,1.226875
us-east-1,g5.24xlarge,Windows,us-east-1f,5.4995,2026-10-08 10:00:00+00:00,96.0,384.0,NVIDIA A10G,4.0,89.40625,50 Gigabit,1.0,3800.0,x86_64,2026-10-08,2026-10-08 20:27:06,1.374875
us-east-1,g5.2xlarge,Linux,us-east-1a,1.0213,2026-10-08 10:00:00+00:00,8.0,32.0,NVIDIA A10G,1.0,22.3515625,Up to 10 Gigabit,1.0,450.0,x86_64,2026-10-08,2026-10-08 20:27:06,1.0213
us-east-1,g5.2xlarge,Linux,us-east-1f,1.1124,2026-10-08 10:00:00+00:00,8.0,32.0,NVIDIA A10G,1.0,22.3515625,Up to 10 Gigabit,1.0,450.0,x86_64,2026-10-08,2026-10-08 20:27:06,1.1124
us-east-1,g5.2xlarge,Windows,us-east-1a,0.4892,2026-10-08 10:00:00+00:00,8.0,32.0,NVIDIA A10G,1.0,22.3515625,Up to 10 Gigabit,1.0,450.0,x86_64,2026-10-08,2026-10-08 20:27:06,0.4892
us-east-1,g5.2xlarge,Windows,us-east-1c,0.4892,2026-10-08 10:00:00+00:00,8.0,32.0,NVIDIA A10G,1.0,22.3515625,Up to 10 Gigabit,1.0,450.0,x86_64,2026-10-08,2026-10-08 20:27:06,0.4892
us-east-1,g6e.xlarge,Linux,us-east-1c,1.8341,2026-10-08 10:00:00+00:00,4.0,32.0,NVIDIA L40S,1.0,44.703125,Up to 20 Gigabit,1.0,250.0,x86_64,2026-10-08,2026-10-08 20:27:06,1.8341
us-east-1,g6f.2xlarge,Linux,us-east-1a,0.2447,2026-10-08 10:00:00+00:00,8.0,32.0,NVIDIA L4,0.0,5.587890625,Up to 10 Gigabit,1.0,200.0,x86_64,2026-10-08,2026-10-08 20:27:06,
us-west-2,g7e.8xlarge,Windows,us-west-2d,6.7402,2026-10-08 10:00:00+00:00,32.0,256.0,NVIDIA RTX PRO Server 6000,1.0,96.0,100 Gigabit,1.0,1900.0,x86_64,2026-10-08,2026-10-08 20:27:06,6.7402
ap-northeast-2,g6.16xlarge,Windows,ap-northeast-2d,4.8261,2026-10-08 10:00:00+00:00,64.0,256.0,NVIDIA L4,1.0,22.3515625,25 Gigabit,1.0,1880.0,x86_64,2026-10-08,2026-10-08 20:27:06,4.8261
us-east-1,p4d.24xlarge,Linux,us-east-1a,21.6397,2026-10-08 10:00:00+00:00,96.0,1152.0,NVIDIA A100,8.0,320.0,4x 100 Gigabit,4.0,8000.0,x86_64,2026-10-08,2026-10-08 20:27:06,2.7049625
us-east-1,p4d.24xlarge,Linux,us-east-1b,16.8083,2026-10-08 10:00:00+00:00,96.0,1152.0,NVIDIA A100,8.0,320.0,4x 100 Gigabit,4.0,8000.0,x86_64,2026-10-08,2026-10-08 20:27:06,2.1010375
us-east-1,p5.48xlarge,Linux,us-east-1b,30.0535,2026-10-08 10:00:00+00:00,192.0,2048.0,NVIDIA H100,8.0,640.0,3200 Gigabit,32.0,30400.0,x86_64,2026-10-08,2026-10-08 20:27:06,3.7566875
us-east-1,p5.4xlarge,Linux,us-east-1b,3.8055,2026-10-08 10:00:00+00:00,16.0,256.0,NVIDIA H100,1.0,80.0,100 Gigabit,1.0,3800.0,x86_64,2026-10-08,2026-10-08 20:27:06,3.8055
us-east-1,p6-b300.48xlarge,Linux,us-east-1b,69.8935,2026-10-08 10:00:00+00:00,192.0,4096.0,NVIDIA B300,8.0,2148.75,6400 Gigabit,17.0,30400.0,x86_64,2026-10-08,2026-10-08 20:27:06,8.7366875
ap-northeast-2,g6.xlarge,Windows,ap-northeast-2d,0.6294,2026-10-08 10:00:00+00:00,4.0,16.0,NVIDIA L4,1.0,22.3515625,Up to 10 Gigabit,1.0,250.0,x86_64,2026-10-08,2026-10-08 20:27:06,0.6294
ap-northeast-2,g6.xlarge,Linux,ap-northeast-2c,0.4626,2026-10-08 10:00:00+00:00,4.0,16.0,NVIDIA L4,1.0,22.3515625,Up to 10 Gigabit,1.0,250.0,x86_64,2026-10-08,2026-10-08 20:27:06,0.4626
ap-northeast-2,g6.48xlarge,Windows,ap-northeast-2d,16.2402,2026-10-08 10:00:00+00:00,192.0,768.0,NVIDIA L4,8.0,178.8125,100 Gigabit,1.0,7520.0,x86_64,2026-10-08,2026-10-08 20:27:06,2.030025
ap-northeast-2,g6.16xlarge,Windows,ap-northeast-2c,4.8252,2026-10-08 10:00:00+00:00,64.0,256.0,NVIDIA L4,1.0,22.3515625,25 Gigabit,1.0,1880.0,x86_64,2026-10-08,2026-10-08 20:27:06,4.8252
us-east-1,inf2.24xlarge,Linux,us-east-1b,1.024,2026-10-08 10:00:00+00:00,96.0,384.0,Inferentia2,6.0,192.0,50 Gigabit,1.0,0.0,x86_64,2026-10-08,2026-10-08 20:27:06,0.17066666666666666
ap-northeast-2,g6.16xlarge,Linux,ap-northeast-2d,1.8851,2026-10-08 10:00:00+00:00,64.0,256.0,NVIDIA L4,1.0,22.3515625,25 Gigabit,1.0,1880.0,x86_64,2026-10-08,2026-10-08 20:27:06,1.8851
ap-northeast-2,g6.12xlarge,Linux,ap-northeast-2d,2.5841,2026-10-08 10:00:00+00:00,48.0,192.0,NVIDIA L4,4.0,89.40625,40 Gigabit,1.0,3760.0,x86_64,2026-10-08,2026-10-08 20:27:06,0.646025
ap-northeast-2,g5g.xlarge,Linux,ap-northeast-2c,0.2328,2026-10-08 10:00:00+00:00,4.0,8.0,NVIDIA T4g,1.0,16.0,Up to 10 Gigabit,1.0,0.0,arm64,2026-10-08,2026-10-08 20:27:06,0.2328
ap-northeast-2,g5.xlarge,Linux,ap-northeast-2c,0.5791,2026-10-08 10:00:00+00:00,4.0,16.0,NVIDIA A10G,1.0,22.3515625,Up to 10 Gigabit,1.0,250.0,x86_64,2026-10-08,2026-10-08 20:27:06,0.5791
ap-northeast-2,g5.4xlarge,Windows,ap-northeast-2d,1.6346,2026-10-08 10:00:00+00:00,16.0,64.0,NVIDIA A10G,1.0,22.3515625,Up to 25 Gigabit,1.0,600.0,x86_64,2026-10-08,2026-10-08 20:27:06,1.6346
ap-northeast-2,g5.48xlarge,Windows,ap-northeast-2c,17.8446,2026-10-08 10:00:00+00:00,192.0,768.0,NVIDIA A10G,8.0,178.8125,100 Gigabit,1.0,7600.0,x86_64,2026-10-08,2026-10-08 20:27:06,2.230575
ap-northeast-2,g5.48xlarge,Linux,ap-northeast-2c,9.7428,2026-10-08 10:00:00+00:00,192.0,768.0,NVIDIA A10G,8.0,178.8125,100 Gigabit,1.0,7600.0,x86_64,2026-10-08,2026-10-08 20:27:06,1.21785
ap-northeast-2,g5.2xlarge,Windows,ap-northeast-2d,1.0387,2026-10-08 10:00:00+00:00,8.0,32.0,NVIDIA A10G,1.0,22.3515625,Up to 10 Gigabit,1.0,450.0,x86_64,2026-10-08,2026-10-08 20:27:06,1.0387
us-east-1,inf2.8xlarge,Linux,us-east-1c,0.4393,2026-10-08 10:00:00+00:00,32.0,128.0,Inferentia2,1.0,32.0,Up to 25 Gigabit,1.0,0.0,x86_64,2026-10-08,2026-10-08 20:27:06,0.4393
us-east-1,inf1.2xlarge,Linux,us-east-1b,0.1064,2026-10-08 10:00:00+00:00,8.0,16.0,Inferentia,1.0,8.0,Up to 25 Gigabit,1.0,0.0,x86_64,2026-10-08,2026-10-08 20:27:06,0.1064
us-east-1,g6f.2xlarge,Windows,us-east-1b,0.4155,2026-10-08 10:00:00+00:00,8.0,32.0,NVIDIA L4,0.0,5.587890625,Up to 10 Gigabit,1.0,200.0,x86_64,2026-10-08,2026-10-08 20:27:06,
us-east-1,g7.8xlarge,Windows,us-east-1d,1.8806,2026-10-08 10:00:00+00:00,32.0,128.0,NVIDIA RTX PRO 4500,1.0,32.0,100 Gigabit,1.0,930.0,x86_64,2026-10-08,2026-10-08 20:27:06,1.8806
us-east-1,g6f.4xlarge,Windows,us-east-1a,0.8457,2026-10-08 10:00:00+00:00,16.0,64.0,NVIDIA L4,0.0,11.17578125,Up to 25 Gigabit,1.0,450.0,x86_64,2026-10-08,2026-10-08 20:27:06,
us-east-1,g6f.4xlarge,Windows,us-east-1c,0.8388,2026-10-08 10:00:00+00:00,16.0,64.0,NVIDIA L4,0.0,11.17578125,Up to 25 Gigabit,1.0,450.0,x86_64,2026-10-08,2026-10-08 20:27:06,
us-east-1,g6f.large,Windows,us-east-1c,0.1122,2026-10-08 10:00:00+00:00,2.0,8.0,NVIDIA L4,0.0,2.7939453125,Up to 10 Gigabit,1.0,100.0,x86_64,2026-10-08,2026-10-08 20:27:06,
us-east-1,g7.12xlarge,Linux,us-east-1b,0.9418,2026-10-08 10:00:00+00:00,48.0,192.0,NVIDIA RTX PRO 4500,2.0,64.0,175 Gigabit,1.0,1900.0,x86_64,2026-10-08,2026-10-08 20:27:06,0.4709
us-east-1,g7.12xlarge,Windows,us-east-1d,2.9208,2026-10-08 10:00:00+00:00,48.0,192.0,NVIDIA RTX PRO 4500,2.0,64.0,175 Gigabit,1.0,1900.0,x86_64,2026-10-08,2026-10-08 20:27:06,1.4604
us-east-1,g7.24xlarge,Linux,us-east-1b,1.6684,2026-10-08 10:00:00+00:00,96.0,384.0,NVIDIA RTX PRO 4500,4.0,128.0,350 Gigabit,1.0,3800.0,x86_64,2026-10-08,2026-10-08 20:27:06,0.4171
us-east-1,g7.48xlarge,Windows,us-east-1b,11.6833,2026-10-08 10:00:00+00:00,192.0,768.0,NVIDIA RTX PRO 4500,8.0,256.0,700 Gigabit,2.0,7600.0,x86_64,2026-10-08,2026-10-08 20:27:06,1.4604125
us-east-1,g7.4xlarge,Linux,us-east-1d,0.7418,2026-10-08 10:00:00+00:00,16.0,64.0,NVIDIA RTX PRO 4500,1.0,32.0,Up to 100 Gigabit,1.0,875.0,x86_64,2026-10-08,2026-10-08 20:27:06,0.7418
us-east-1,g7e.24xlarge,Linux,us-east-1d,6.2321,2026-10-08 10:00:00+00:00,96.0,1024.0,NVIDIA RTX PRO Server 6000,4.0,384.0,800 Gigabit,2.0,7600.0,x86_64,2026-10-08,2026-10-08 20:27:06,1.558025
us-east-1,inf1.24xlarge,Linux,us-east-1b,1.2628,2026-10-08 10:00:00+00:00,96.0,192.0,Inferentia,16.0,128.0,100 Gigabit,1.0,0.0,x86_64,2026-10-08,2026-10-08 20:27:06,0.078925
us-east-1,g7e.24xlarge,Windows,us-east-1b,8.5802,2026-10-08 10:00:00+00:00,96.0,1024.0,NVIDIA RTX PRO Server 6000,4.0,384.0,800 Gigabit,2.0,7600.0,x86_64,2026-10-08,2026-10-08 20:27:06,2.14505
us-east-1,g7e.2xlarge,Linux,us-east-1b,2.4395,2026-10-08 10:00:00+00:00,8.0,64.0,NVIDIA RTX PRO Server 6000,1.0,96.0,50 Gigabit,1.0,1900.0,x86_64,2026-10-08,2026-10-08 20:27:06,2.4395
us-east-1,g7e.8xlarge,Linux,us-east-1b,2.7907,2026-10-08 10:00:00+00:00,32.0,256.0,NVIDIA RTX PRO Server 6000,1.0,96.0,100 Gigabit,1.0,1900.0,x86_64,2026-10-08,2026-10-08 20:27:06,2.7907
us-east-1,gr6.4xlarge,Linux,us-east-1c,0.7378,2026-10-08 10:00:00+00:00,16.0,128.0,NVIDIA L4,1.0,22.3515625,Up to 25 Gigabit,1.0,600.0,x86_64,2026-10-08,2026-10-08 20:27:06,0.7378
us-east-1,gr6.8xlarge,Linux,us-east-1c,1.1735,2026-10-08 10:00:00+00:00,32.0,256.0,NVIDIA L4,1.0,22.3515625,25 Gigabit,1.0,900.0,x86_64,2026-10-08,2026-10-08 20:27:06,1.1735
us-east-1,gr6.8xlarge,Linux,us-east-1d,1.0723,2026-10-08 10:00:00+00:00,32.0,256.0,NVIDIA L4,1.0,22.3515625,25 Gigabit,1.0,900.0,x86_64,2026-10-08,2026-10-08 20:27:06,1.0723
us-east-1,gr6f.4xlarge,Linux,us-east-1b,1.0506,2026-10-08 10:00:00+00:00,16.0,128.0,NVIDIA L4,0.0,11.17578125,Up to 25 Gigabit,1.0,450.0,x86_64,2026-10-08,2026-10-08 20:27:06,
us-east-1,gr6f.4xlarge,Windows,us-east-1c,0.9771,2026-10-08 10:00:00+00:00,16.0,128.0,NVIDIA L4,0.0,11.17578125,Up to 25 Gigabit,1.0,450.0,x86_64,2026-10-08,2026-10-08 20:27:06,
us-east-1,g4dn.12xlarge,Windows,us-east-1c,2.6438,2026-10-08 10:00:00+00:00,48.0,192.0,NVIDIA T4,4.0,64.0,50 Gigabit,1.0,900.0,x86_64,2026-10-08,2026-10-08 20:27:06,0.66095
us-east-1,g4dn.2xlarge,Windows,us-east-1b,0.4625,2026-10-08 10:00:00+00:00,8.0,32.0,NVIDIA T4,1.0,16.0,Up to 25 Gigabit,1.0,225.0,x86_64,2026-10-08,2026-10-08 20:27:06,0.4625
eu-west-2,g4dn.12xlarge,Windows,eu-west-2c,2.6657,2026-10-08 10:00:00+00:00,48.0,192.0,NVIDIA T4,4.0,64.0,50 Gigabit,1.0,900.0,x86_64,2026-10-08,2026-10-08 20:27:06,0.666425
eu-west-3,g5.4xlarge,Linux,eu-west-3a,2.0615,2026-10-08 10:00:00+00:00,16.0,64.0,NVIDIA A10G,1.0,22.3515625,Up to 25 Gigabit,1.0,600.0,x86_64,2026-10-08,2026-10-08 20:27:06,2.0615
eu-west-3,g5.8xlarge,Windows,eu-west-3b,1.8359,2026-10-08 10:00:00+00:00,32.0,128.0,NVIDIA A10G,1.0,22.3515625,25 Gigabit,1.0,900.0,x86_64,2026-10-08,2026-10-08 20:27:06,1.8359
eu-west-3,g5.xlarge,Linux,eu-west-3a,0.4583,2026-10-08 10:00:00+00:00,4.0,16.0,NVIDIA A10G,1.0,22.3515625,Up to 10 Gigabit,1.0,250.0,x86_64,2026-10-08,2026-10-08 20:27:06,0.4583
eu-west-3,g5.xlarge,Windows,eu-west-3b,0.3117,2026-10-08 10:00:00+00:00,4.0,16.0,NVIDIA A10G,1.0,22.3515625,Up to 10 Gigabit,1.0,250.0,x86_64,2026-10-08,2026-10-08 20:27:06,0.3117
eu-west-3,g6.48xlarge,Windows,eu-west-3c,11.1666,2026-10-08 10:00:00+00:00,192.0,768.0,NVIDIA L4,8.0,178.8125,100 Gigabit,1.0,7520.0,x86_64,2026-10-08,2026-10-08 20:27:06,1.395825
eu-west-3,g6.4xlarge,Windows,eu-west-3c,0.9626,2026-10-08 10:00:00+00:00,16.0,64.0,NVIDIA L4,1.0,22.3515625,Up to 25 Gigabit,1.0,600.0,x86_64,2026-10-08,2026-10-08 20:27:06,0.9626
eu-west-3,g6.8xlarge,Windows,eu-west-3c,1.8213,2026-10-08 10:00:00+00:00,32.0,128.0,NVIDIA L4,1.0,22.3515625,25 Gigabit,1.0,900.0,x86_64,2026-10-08,2026-10-08 20:27:06,1.8213
eu-west-3,g6.xlarge,Linux,eu-west-3b,0.3816,2026-10-08 10:00:00+00:00,4.0,16.0,NVIDIA L4,1.0,22.3515625,Up to 10 Gigabit,1.0,250.0,x86_64,2026-10-08,2026-10-08 20:27:06,0.3816
eu-west-3,gr6.4xlarge,Linux,eu-west-3c,0.6325,2026-10-08 10:00:00+00:00,16.0,128.0,NVIDIA L4,1.0,22.3515625,Up to 25 Gigabit,1.0,600.0,x86_64,2026-10-08,2026-10-08 20:27:06,0.6325
eu-west-3,inf1.24xlarge,Linux,eu-west-3a,0.6487,2026-10-08 10:00:00+00:00,96.0,192.0,Inferentia,16.0,128.0,100 Gigabit,1.0,0.0,x86_64,2026-10-08,2026-10-08 20:27:06,0.04054375
eu-west-3,inf1.2xlarge,Linux,eu-west-3c,0.109,2026-10-08 10:00:00+00:00,8.0,16.0,Inferentia,1.0,8.0,Up to 25 Gigabit,1.0,0.0,x86_64,2026-10-08,2026-10-08 20:27:06,0.109
eu-west-3,inf2.24xlarge,Linux,eu-west-3b,1.9631,2026-10-08 10:00:00+00:00,96.0,384.0,Inferentia2,6.0,192.0,50 Gigabit,1.0,0.0,x86_64,2026-10-08,2026-10-08 20:27:06,0.3271833333333333
ap-south-1,g6.48xlarge,Linux,ap-south-1a,16.0311,2026-10-08 10:00:00+00:00,192.0,768.0,NVIDIA L4,8.0,178.8125,100 Gigabit,1.0,7520.0,x86_64,2026-10-08,2026-10-08 20:27:06,2.0038875
eu-west-2,g4dn.12xlarge,Linux,eu-west-2a,1.7428,2026-10-08 10:00:00+00:00,48.0,192.0,NVIDIA T4,4.0,64.0,50 Gigabit,1.0,900.0,x86_64,2026-10-08,2026-10-08 20:27:06,0.4357
ap-south-1,g6.12xlarge,Windows,ap-south-1a,4.1206,2026-10-08 10:00:00+00:00,48.0,192.0,NVIDIA L4,4.0,89.40625,40 Gigabit,1.0,3760.0,x86_64,2026-10-08,2026-10-08 20:27:06,1.03015
ap-south-1,g5.48xlarge,Linux,ap-south-1b,7.6647,2026-10-08 10:00:00+00:00,192.0,768.0,NVIDIA A10G,8.0,178.8125,100 Gigabit,1.0,7600.0,x86_64,2026-10-08,2026-10-08 20:27:06,0.9580875
ap-south-1,g5.12xlarge,Windows,ap-south-1a,5.9893,2026-10-08 10:00:00+00:00,48.0,192.0,NVIDIA A10G,4.0,89.40625,40 Gigabit,1.0,3800.0,x86_64,2026-10-08,2026-10-08 20:27:06,1.497325
ap-south-1,g5.12xlarge,Linux,ap-south-1b,2.368,2026-10-08 10:00:00+00:00,48.0,192.0,NVIDIA A10G,4.0,89.40625,40 Gigabit,1.0,3800.0,x86_64,2026-10-08,2026-10-08 20:27:06,0.592
ap-south-1,g4dn.8xlarge,Windows,ap-south-1a,1.7115,2026-10-08 10:00:00+00:00,32.0,128.0,NVIDIA T4,1.0,16.0,50 Gigabit,1.0,900.0,x86_64,2026-10-08,2026-10-08 20:27:06,1.7115
ap-south-1,g4dn.8xlarge,Linux,ap-south-1b,0.7804,2026-10-08 10:00:00+00:00,32.0,128.0,NVIDIA T4,1.0,16.0,50 Gigabit,1.0,900.0,x86_64,2026-10-08,2026-10-08 20:27:06,0.7804
ap-south-1,g4dn.8xlarge,Linux,ap-south-1c,0.7852,2026-10-08 10:00:00+00:00,32.0,128.0,NVIDIA T4,1.0,16.0,50 Gigabit,1.0,900.0,x86_64,2026-10-08,2026-10-08 20:27:06,0.7852
ap-south-1,g4dn.16xlarge,Windows,ap-south-1c,3.4231,2026-10-08 10:00:00+00:00,64.0,256.0,NVIDIA T4,1.0,16.0,50 Gigabit,1.0,900.0,x86_64,2026-10-08,2026-10-08 20:27:06,3.4231
ap-south-1,g4dn.16xlarge,Linux,ap-south-1c,0.7857,2026-10-08 10:00:00+00:00,64.0,256.0,NVIDIA T4,1.0,16.0,50 Gigabit,1.0,900.0,x86_64,2026-10-08,2026-10-08 20:27:06,0.7857
eu-central-1,g4dn.12xlarge,Linux,eu-central-1a,2.0359,2026-10-08 10:00:00+00:00,48.0,192.0,NVIDIA T4,4.0,64.0,50 Gigabit,1.0,900.0,x86_64,2026-10-08,2026-10-08 20:27:06,0.508975
eu-central-1,g4dn.12xlarge,Windows,eu-central-1a,2.697,2026-10-08 10:00:00+00:00,48.0,192.0,NVIDIA T4,4.0,64.0,50 Gigabit,1.0,900.0,x86_64,2026-10-08,2026-10-08 20:27:06,0.67425
eu-central-1,g4dn.16xlarge,Linux,eu-central-1b,1.8913,2026-10-08 10:00:00+00:00,64.0,256.0,NVIDIA T4,1.0,16.0,50 Gigabit,1.0,900.0,x86_64,2026-10-08,2026-10-08 20:27:06,1.8913
eu-central-1,g4dn.16xlarge,Windows,eu-central-1c,3.488,2026-10-08 10:00:00+00:00,64.0,256.0,NVIDIA T4,1.0,16.0,50 Gigabit,1.0,900.0,x86_64,2026-10-08,2026-10-08 20:27:06,3.488
eu-central-1,g4dn.2xlarge,Linux,eu-central-1a,0.4187,2026-10-08 10:00:00+00:00,8.0,32.0,NVIDIA T4,1.0,16.0,Up to 25 Gigabit,1.0,225.0,x86_64,2026-10-08,2026-10-08 20:27:06,0.4187
eu-central-1,g4dn.4xlarge,Windows,eu-central-1a,1.0025,2026-10-08 10:00:00+00:00,16.0,64.0,NVIDIA T4,1.0,16.0,Up to 25 Gigabit,1.0,225.0,x86_64,2026-10-08,2026-10-08 20:27:06,1.0025
eu-central-1,g4dn.8xlarge,Windows,eu-central-1b,1.9527,2026-10-08 10:00:00+00:00,32.0,128.0,NVIDIA T4,1.0,16.0,50 Gigabit,1.0,900.0,x86_64,2026-10-08,2026-10-08 20:27:06,1.9527
eu-west-3,g5.4xlarge,Windows,eu-west-3c,1.3915,2026-10-08 10:00:00+00:00,16.0,64.0,NVIDIA A10G,1.0,22.3515625,Up to 25 Gigabit,1.0,600.0,x86_64,2026-10-08,2026-10-08 20:27:06,1.3915
ap-south-1,g6.2xlarge,Windows,ap-south-1b,0.5409,2026-10-08 10:00:00+00:00,8.0,32.0,NVIDIA L4,1.0,22.3515625,Up to 10 Gigabit,1.0,450.0,x86_64,2026-10-08,2026-10-08 20:27:06,0.5409
eu-west-3,g5.48xlarge,Linux,eu-west-3b,20.6757,2026-10-08 10:00:00+00:00,192.0,768.0,NVIDIA A10G,8.0,178.8125,100 Gigabit,1.0,7600.0,x86_64,2026-10-08,2026-10-08 20:27:06,2.5844625
eu-west-3,g4dn.2xlarge,Linux,eu-west-3b,0.2512,2026-10-08 10:00:00+00:00,8.0,32.0,NVIDIA T4,1.0,16.0,Up to 25 Gigabit,1.0,225.0,x86_64,2026-10-08,2026-10-08 20:27:06,0.2512
eu-west-2,g4dn.12xlarge,Linux,eu-west-2c,1.7187,2026-10-08 10:00:00+00:00,48.0,192.0,NVIDIA T4,4.0,64.0,50 Gigabit,1.0,900.0,x86_64,2026-10-08,2026-10-08 20:27:06,0.429675
eu-west-3,g5.2xlarge,Linux,eu-west-3c,0.4897,2026-10-08 10:00:00+00:00,8.0,32.0,NVIDIA A10G,1.0,22.3515625,Up to 10 Gigabit,1.0,450.0,x86_64,2026-10-08,2026-10-08 20:27:06,0.4897
eu-west-3,g4dn.12xlarge,Linux,eu-west-3b,1.4493,2026-10-08 10:00:00+00:00,48.0,192.0,NVIDIA T4,4.0,64.0,50 Gigabit,1.0,900.0,x86_64,2026-10-08,2026-10-08 20:27:06,0.362325
eu-west-3,g4dn.16xlarge,Windows,eu-west-3b,3.4528,2026-10-08 10:00:00+00:00,64.0,256.0,NVIDIA T4,1.0,16.0,50 Gigabit,1.0,900.0,x86_64,2026-10-08,2026-10-08 20:27:06,3.4528
us-west-2,g7e.4xlarge,Windows,us-west-2a,2.7801,2026-10-08 10:00:00+00:00,16.0,128.0,NVIDIA RTX PRO Server 6000,1.0,96.0,50 Gigabit,1.0,1900.0,x86_64,2026-10-08,2026-10-08 20:27:06,2.7801
eu-west-3,g4dn.8xlarge,Windows,eu-west-3a,1.7264,2026-10-08 10:00:00+00:00,32.0,128.0,NVIDIA T4,1.0,16.0,50 Gigabit,1.0,900.0,x86_64,2026-10-08,2026-10-08 20:27:06,1.7264
eu-west-3,g4dn.8xlarge,Windows,eu-west-3b,1.7264,2026-10-08 10:00:00+00:00,32.0,128.0,NVIDIA T4,1.0,16.0,50 Gigabit,1.0,900.0,x86_64,2026-10-08,2026-10-08 20:27:06,1.7264
eu-west-3,g4dn.metal,Linux,eu-west-3c,3.5666,2026-10-08 10:00:00+00:00,96.0,384.0,NVIDIA T4,8.0,128.0,100 Gigabit,1.0,1800.0,x86_64,2026-10-08,2026-10-08 20:27:06,0.445825
eu-west-3,g4dn.xlarge,Linux,eu-west-3c,0.1803,2026-10-08 10:00:00+00:00,4.0,16.0,NVIDIA T4,1.0,16.0,Up to 25 Gigabit,1.0,125.0,x86_64,2026-10-08,2026-10-08 20:27:06,0.1803
eu-west-3,g4dn.16xlarge,Linux,eu-west-3a,1.6051,2026-10-08 09:00:00+00:00,64.0,256.0,NVIDIA T4,1.0,16.0,50 Gigabit,1.0,900.0,x86_64,2026-10-08,2026-10-08 20:27:06,1.6051
ap-south-1,g5.4xlarge,Windows,ap-south-1a,0.931,2026-10-08 09:00:00+00:00,16.0,64.0,NVIDIA A10G,1.0,22.3515625,Up to 25 Gigabit,1.0,600.0,x86_64,2026-10-08,2026-10-08 20:27:06,0.931
ap-south-1,g6e.8xlarge,Linux,ap-south-1a,2.6154,2026-10-08 09:00:00+00:00,32.0,256.0,NVIDIA L40S,1.0,44.703125,25 Gigabit,1.0,900.0,x86_64,2026-10-08,2026-10-08 20:27:06,2.6154
ap-south-1,g6e.4xlarge,Windows,ap-south-1b,2.6537,2026-10-08 09:00:00+00:00,16.0,128.0,NVIDIA L40S,1.0,44.703125,20 Gigabit,1.0,600.0,x86_64,2026-10-08,2026-10-08 20:27:06,2.6537
ap-south-1,g6e.2xlarge,Windows,ap-south-1b,1.2882,2026-10-08 09:00:00+00:00,8.0,64.0,NVIDIA L40S,1.0,44.703125,Up to 20 Gigabit,1.0,450.0,x86_64,2026-10-08,2026-10-08 20:27:06,1.2882
ap-south-1,g6e.12xlarge,Linux,ap-south-1b,6.9862,2026-10-08 09:00:00+00:00,48.0,384.0,NVIDIA L40S,4.0,178.8125,100 Gigabit,1.0,3800.0,x86_64,2026-10-08,2026-10-08 20:27:06,1.74655
ap-south-1,g6.48xlarge,Windows,ap-south-1a,24.8631,2026-10-08 09:00:00+00:00,192.0,768.0,NVIDIA L4,8.0,178.8125,100 Gigabit,1.0,7520.0,x86_64,2026-10-08,2026-10-08 20:27:06,3.1078875
ap-south-1,g6.2xlarge,Windows,ap-south-1a,0.6746,2026-10-08 09:00:00+00:00,8.0,32.0,NVIDIA L4,1.0,22.3515625,Up to 10 Gigabit,1.0,450.0,x86_64,2026-10-08,2026-10-08 20:27:06,0.6746
ap-south-1,g6.12xlarge,Linux,ap-south-1b,1.9168,2026-10-08 09:00:00+00:00,48.0,192.0,NVIDIA L4,4.0,89.40625,40 Gigabit,1.0,3760.0,x86_64,2026-10-08,2026-10-08 20:27:06,0.4792
ap-south-1,g5.8xlarge,Windows,ap-south-1b,1.766,2026-10-08 09:00:00+00:00,32.0,128.0,NVIDIA A10G,1.0,22.3515625,25 Gigabit,1.0,900.0,x86_64,2026-10-08,2026-10-08 20:27:06,1.766
ap-south-1,g5.8xlarge,Windows,ap-south-1a,1.9063,2026-10-08 09:00:00+00:00,32.0,128.0,NVIDIA A10G,1.0,22.3515625,25 Gigabit,1.0,900.0,x86_64,2026-10-08,2026-10-08 20:27:06,1.9063
us-east-2,gr6.8xlarge,Windows,us-east-2b,1.7166,2026-10-08 09:00:00+00:00,32.0,256.0,NVIDIA L4,1.0,22.3515625,25 Gigabit,1.0,900.0,x86_64,2026-10-08,2026-10-08 20:27:06,1.7166
ap-south-1,g5.4xlarge,Linux,ap-south-1a,0.719,2026-10-08 09:00:00+00:00,16.0,64.0,NVIDIA A10G,1.0,22.3515625,Up to 25 Gigabit,1.0,600.0,x86_64,2026-10-08,2026-10-08 20:27:06,0.719
ap-south-1,g6f.4xlarge,Windows,ap-south-1b,1.8768,2026-10-08 09:00:00+00:00,16.0,64.0,NVIDIA L4,0.0,11.17578125,Up to 25 Gigabit,1.0,450.0,x86_64,2026-10-08,2026-10-08 20:27:06,
eu-west-3,g5.16xlarge,Windows,eu-west-3b,3.8324,2026-10-08 09:00:00+00:00,64.0,256.0,NVIDIA A10G,1.0,22.3515625,25 Gigabit,1.0,1900.0,x86_64,2026-10-08,2026-10-08 20:27:06,3.8324
eu-west-3,g5.12xlarge,Windows,eu-west-3b,9.4079,2026-10-08 09:00:00+00:00,48.0,192.0,NVIDIA A10G,4.0,89.40625,40 Gigabit,1.0,3800.0,x86_64,2026-10-08,2026-10-08 20:27:06,2.351975
eu-west-3,g4dn.xlarge,Windows,eu-west-3a,0.2455,2026-10-08 09:00:00+00:00,4.0,16.0,NVIDIA T4,1.0,16.0,Up to 25 Gigabit,1.0,125.0,x86_64,2026-10-08,2026-10-08 20:27:06,0.2455
eu-west-3,g4dn.2xlarge,Linux,eu-west-3a,0.2653,2026-10-08 09:00:00+00:00,8.0,32.0,NVIDIA T4,1.0,16.0,Up to 25 Gigabit,1.0,225.0,x86_64,2026-10-08,2026-10-08 20:27:06,0.2653
eu-west-3,g4dn.16xlarge,Windows,eu-west-3a,3.4528,2026-10-08 09:00:00+00:00,64.0,256.0,NVIDIA T4,1.0,16.0,50 Gigabit,1.0,900.0,x86_64,2026-10-08,2026-10-08 20:27:06,3.4528
ap-south-1,g5.24xlarge,Linux,ap-south-1b,9.7793,2026-10-08 09:00:00+00:00,96.0,384.0,NVIDIA A10G,4.0,89.40625,50 Gigabit,1.0,3800.0,x86_64,2026-10-08,2026-10-08 20:27:06,2.444825
ap-south-1,g5.24xlarge,Linux,ap-south-1a,3.0293,2026-10-08 09:00:00+00:00,96.0,384.0,NVIDIA A10G,4.0,89.40625,50 Gigabit,1.0,3800.0,x86_64,2026-10-08,2026-10-08 20:27:06,0.757325
ap-south-1,g5.16xlarge,Windows,ap-south-1b,3.4358,2026-10-08 09:00:00+00:00,64.0,256.0,NVIDIA A10G,1.0,22.3515625,25 Gigabit,1.0,1900.0,x86_64,2026-10-08,2026-10-08 20:27:06,3.4358
ap-south-1,g5.16xlarge,Windows,ap-south-1a,3.6964,2026-10-08 09:00:00+00:00,64.0,256.0,NVIDIA A10G,1.0,22.3515625,25 Gigabit,1.0,1900.0,x86_64,2026-10-08,2026-10-08 20:27:06,3.6964
ap-south-1,g6f.2xlarge,Linux,ap-south-1b,0.1582,2026-10-08 09:00:00+00:00,8.0,32.0,NVIDIA L4,0.0,5.587890625,Up to 10 Gigabit,1.0,200.0,x86_64,2026-10-08,2026-10-08 20:27:06,
ap-south-1,g7e.12xlarge,Windows,ap-south-1b,15.7418,2026-10-08 09:00:00+00:00,48.0,512.0,NVIDIA RTX PRO Server 6000,2.0,192.0,400 Gigabit,1.0,3800.0,x86_64,2026-10-08,2026-10-08 20:27:06,7.8709
ap-south-1,g6f.xlarge,Linux,ap-south-1a,0.2852,2026-10-08 09:00:00+00:00,4.0,16.0,NVIDIA L4,0.0,2.7939453125,Up to 10 Gigabit,1.0,100.0,x86_64,2026-10-08,2026-10-08 20:27:06,
eu-west-3,g4dn.16xlarge,Linux,eu-west-3c,1.482,2026-10-08 09:00:00+00:00,64.0,256.0,NVIDIA T4,1.0,16.0,50 Gigabit,1.0,900.0,x86_64,2026-10-08,2026-10-08 20:27:06,1.482
eu-west-3,inf2.8xlarge,Linux,eu-west-3b,0.4028,2026-10-08 09:00:00+00:00,32.0,128.0,Inferentia2,1.0,32.0,Up to 25 Gigabit,1.0,0.0,x86_64,2026-10-08,2026-10-08 20:27:06,0.4028
eu-west-3,inf2.48xlarge,Linux,eu-west-3b,1.8174,2026-10-08 09:00:00+00:00,192.0,768.0,Inferentia2,12.0,384.0,100 Gigabit,1.0,0.0,x86_64,2026-10-08,2026-10-08 20:27:06,0.15145
eu-west-3,inf1.6xlarge,Linux,eu-west-3a,0.1922,2026-10-08 09:00:00+00:00,24.0,48.0,Inferentia,4.0,32.0,25 Gigabit,1.0,0.0,x86_64,2026-10-08,2026-10-08 20:27:06,0.04805
eu-west-3,gr6.8xlarge,Linux,eu-west-3b,0.4726,2026-10-08 09:00:00+00:00,32.0,256.0,NVIDIA L4,1.0,22.3515625,25 Gigabit,1.0,900.0,x86_64,2026-10-08,2026-10-08 20:27:06,0.4726
eu-west-3,g6.xlarge,Windows,eu-west-3c,0.3226,2026-10-08 09:00:00+00:00,4.0,16.0,NVIDIA L4,1.0,22.3515625,Up to 10 Gigabit,1.0,250.0,x86_64,2026-10-08,2026-10-08 20:27:06,0.3226
eu-west-3,g6.xlarge,Linux,eu-west-3c,0.3622,2026-10-08 09:00:00+00:00,4.0,16.0,NVIDIA L4,1.0,22.3515625,Up to 10 Gigabit,1.0,250.0,x86_64,2026-10-08,2026-10-08 20:27:06,0.3622
eu-west-3,g6.4xlarge,Linux,eu-west-3c,0.4803,2026-10-08 09:00:00+00:00,16.0,64.0,NVIDIA L4,1.0,22.3515625,Up to 25 Gigabit,1.0,600.0,x86_64,2026-10-08,2026-10-08 20:27:06,0.4803
eu-west-3,g6.2xlarge,Windows,eu-west-3c,0.5551,2026-10-08 09:00:00+00:00,8.0,32.0,NVIDIA L4,1.0,22.3515625,Up to 10 Gigabit,1.0,450.0,x86_64,2026-10-08,2026-10-08 20:27:06,0.5551
eu-west-3,g6.12xlarge,Windows,eu-west-3c,2.9991,2026-10-08 09:00:00+00:00,48.0,192.0,NVIDIA L4,4.0,89.40625,40 Gigabit,1.0,3760.0,x86_64,2026-10-08,2026-10-08 20:27:06,0.749775
eu-west-3,g6.12xlarge,Linux,eu-west-3b,1.8749,2026-10-08 09:00:00+00:00,48.0,192.0,NVIDIA L4,4.0,89.40625,40 Gigabit,1.0,3760.0,x86_64,2026-10-08,2026-10-08 20:27:06,0.468725
eu-west-3,g5.4xlarge,Linux,eu-west-3b,0.7534,2026-10-08 09:00:00+00:00,16.0,64.0,NVIDIA A10G,1.0,22.3515625,Up to 25 Gigabit,1.0,600.0,x86_64,2026-10-08,2026-10-08 20:27:06,0.7534
eu-west-3,g5.2xlarge,Linux,eu-west-3a,0.5262,2026-10-08 09:00:00+00:00,8.0,32.0,NVIDIA A10G,1.0,22.3515625,Up to 10 Gigabit,1.0,450.0,x86_64,2026-10-08,2026-10-08 20:27:06,0.5262
ap-south-1,p5.4xlarge,Windows,ap-south-1a,4.1176,2026-10-08 09:00:00+00:00,16.0,256.0,NVIDIA H100,1.0,80.0,100 Gigabit,1.0,3800.0,x86_64,2026-10-08,2026-10-08 20:27:06,4.1176
ap-south-1,p4d.24xlarge,Linux,ap-south-1c,26.3444,2026-10-08 09:00:00+00:00,96.0,1152.0,NVIDIA A100,8.0,320.0,4x 100 Gigabit,4.0,8000.0,x86_64,2026-10-08,2026-10-08 20:27:06,3.29305
ap-south-1,p4d.24xlarge,Linux,ap-south-1a,26.3444,2026-10-08 09:00:00+00:00,96.0,1152.0,NVIDIA A100,8.0,320.0,4x 100 Gigabit,4.0,8000.0,x86_64,2026-10-08,2026-10-08 20:27:06,3.29305
ap-south-1,inf1.xlarge,Linux,ap-south-1c,0.0734,2026-10-08 09:00:00+00:00,4.0,8.0,Inferentia,1.0,8.0,Up to 25 Gigabit,1.0,0.0,x86_64,2026-10-08,2026-10-08 20:27:06,0.0734
ap-south-1,inf1.xlarge,Linux,ap-south-1a,0.0756,2026-10-08 09:00:00+00:00,4.0,8.0,Inferentia,1.0,8.0,Up to 25 Gigabit,1.0,0.0,x86_64,2026-10-08,2026-10-08 20:27:06,0.0756
ap-south-1,inf1.6xlarge,Linux,ap-south-1b,0.3694,2026-10-08 09:00:00+00:00,24.0,48.0,Inferentia,4.0,32.0,25 Gigabit,1.0,0.0,x86_64,2026-10-08,2026-10-08 20:27:06,0.09235
ap-south-1,inf1.24xlarge,Linux,ap-south-1b,0.924,2026-10-08 09:00:00+00:00,96.0,192.0,Inferentia,16.0,128.0,100 Gigabit,1.0,0.0,x86_64,2026-10-08,2026-10-08 20:27:06,0.05775
ap-south-1,g7e.4xlarge,Windows,ap-south-1a,3.656,2026-10-08 09:00:00+00:00,16.0,128.0,NVIDIA RTX PRO Server 6000,1.0,96.0,50 Gigabit,1.0,1900.0,x86_64,2026-10-08,2026-10-08 20:27:06,3.656
ap-south-1,g7e.2xlarge,Windows,ap-south-1b,1.1515,2026-10-08 09:00:00+00:00,8.0,64.0,NVIDIA RTX PRO Server 6000,1.0,96.0,50 Gigabit,1.0,1900.0,x86_64,2026-10-08,2026-10-08 20:27:06,1.1515
ap-south-1,gr6.4xlarge,Windows,ap-south-1b,0.9208,2026-10-08 09:00:00+00:00,16.0,128.0,NVIDIA L4,1.0,22.3515625,Up to 25 Gigabit,1.0,600.0,x86_64,2026-10-08,2026-10-08 20:27:06,0.9208
ap-south-1,g5.2xlarge,Windows,ap-south-1a,0.5135,2026-10-08 09:00:00+00:00,8.0,32.0,NVIDIA A10G,1.0,22.3515625,Up to 10 Gigabit,1.0,450.0,x86_64,2026-10-08,2026-10-08 20:27:06,0.5135
sa-east-1,g6f.2xlarge,Linux,sa-east-1a,0.1946,2026-10-08 09:00:00+00:00,8.0,32.0,NVIDIA L4,0.0,5.587890625,Up to 10 Gigabit,1.0,200.0,x86_64,2026-10-08,2026-10-08 20:27:06,
us-east-1,g6.12xlarge,Windows,us-east-1c,3.9063,2026-10-08 09:00:00+00:00,48.0,192.0,NVIDIA L4,4.0,89.40625,40 Gigabit,1.0,3760.0,x86_64,2026-10-08,2026-10-08 20:27:06,0.976575
us-east-1,g5g.xlarge,Linux,us-east-1c,0.1313,2026-10-08 09:00:00+00:00,4.0,8.0,NVIDIA T4g,1.0,16.0,Up to 10 Gigabit,1.0,0.0,arm64,2026-10-08,2026-10-08 20:27:06,0.1313
us-east-1,g5.xlarge,Linux,us-east-1b,0.4908,2026-10-08 09:00:00+00:00,4.0,16.0,NVIDIA A10G,1.0,22.3515625,Up to 10 Gigabit,1.0,250.0,x86_64,2026-10-08,2026-10-08 20:27:06,0.4908
us-east-1,g5.8xlarge,Windows,us-east-1f,1.7168,2026-10-08 09:00:00+00:00,32.0,128.0,NVIDIA A10G,1.0,22.3515625,25 Gigabit,1.0,900.0,x86_64,2026-10-08,2026-10-08 20:27:06,1.7168
us-east-1,g5.8xlarge,Windows,us-east-1b,1.8112,2026-10-08 09:00:00+00:00,32.0,128.0,NVIDIA A10G,1.0,22.3515625,25 Gigabit,1.0,900.0,x86_64,2026-10-08,2026-10-08 20:27:06,1.8112
us-east-1,g5.8xlarge,Linux,us-east-1b,1.3031,2026-10-08 09:00:00+00:00,32.0,128.0,NVIDIA A10G,1.0,22.3515625,25 Gigabit,1.0,900.0,x86_64,2026-10-08,2026-10-08 20:27:06,1.3031
us-east-1,g5.4xlarge,Windows,us-east-1f,0.9888,2026-10-08 09:00:00+00:00,16.0,64.0,NVIDIA A10G,1.0,22.3515625,Up to 25 Gigabit,1.0,600.0,x86_64,2026-10-08,2026-10-08 20:27:06,0.9888
us-east-1,g5.4xlarge,Linux,us-east-1a,0.5243,2026-10-08 09:00:00+00:00,16.0,64.0,NVIDIA A10G,1.0,22.3515625,Up to 25 Gigabit,1.0,600.0,x86_64,2026-10-08,2026-10-08 20:27:06,0.5243
us-east-1,g5.48xlarge,Windows,us-east-1d,10.4871,2026-10-08 09:00:00+00:00,192.0,768.0,NVIDIA A10G,8.0,178.8125,100 Gigabit,1.0,7600.0,x86_64,2026-10-08,2026-10-08 20:27:06,1.3108875
us-east-1,g5.24xlarge,Windows,us-east-1c,5.2304,2026-10-08 09:00:00+00:00,96.0,384.0,NVIDIA A10G,4.0,89.40625,50 Gigabit,1.0,3800.0,x86_64,2026-10-08,2026-10-08 20:27:06,1.3076
us-east-1,g5.16xlarge,Windows,us-east-1d,3.6535,2026-10-08 09:00:00+00:00,64.0,256.0,NVIDIA A10G,1.0,22.3515625,25 Gigabit,1.0,1900.0,x86_64,2026-10-08,2026-10-08 20:27:06,3.6535
us-east-1,g5.16xlarge,Windows,us-east-1f,3.9296,2026-10-08 09:00:00+00:00,64.0,256.0,NVIDIA A10G,1.0,22.3515625,25 Gigabit,1.0,1900.0,x86_64,2026-10-08,2026-10-08 20:27:06,3.9296
us-east-1,g5.16xlarge,Windows,us-east-1a,3.654,2026-10-08 09:00:00+00:00,64.0,256.0,NVIDIA A10G,1.0,22.3515625,25 Gigabit,1.0,1900.0,x86_64,2026-10-08,2026-10-08 20:27:06,3.654
us-east-1,g4dn.xlarge,Windows,us-east-1a,0.2366,2026-10-08 09:00:00+00:00,4.0,16.0,NVIDIA T4,1.0,16.0,Up to 25 Gigabit,1.0,125.0,x86_64,2026-10-08,2026-10-08 20:27:06,0.2366
us-east-1,g4dn.xlarge,Linux,us-east-1c,0.2902,2026-10-08 09:00:00+00:00,4.0,16.0,NVIDIA T4,1.0,16.0,Up to 25 Gigabit,1.0,125.0,x86_64,2026-10-08,2026-10-08 20:27:06,0.2902
us-east-1,g4dn.xlarge,Linux,us-east-1b,0.2914,2026-10-08 09:00:00+00:00,4.0,16.0,NVIDIA T4,1.0,16.0,Up to 25 Gigabit,1.0,125.0,x86_64,2026-10-08,2026-10-08 20:27:06,0.2914
us-east-1,g4dn.metal,Windows,us-east-1b,5.1984,2026-10-08 09:00:00+00:00,96.0,384.0,NVIDIA T4,8.0,128.0,100 Gigabit,1.0,1800.0,x86_64,2026-10-08,2026-10-08 20:27:06,0.6498
us-east-1,g4dn.metal,Windows,us-east-1a,5.6037,2026-10-08 09:00:00+00:00,96.0,384.0,NVIDIA T4,8.0,128.0,100 Gigabit,1.0,1800.0,x86_64,2026-10-08,2026-10-08 20:27:06,0.7004625
us-east-1,g4dn.metal,Linux,us-east-1d,4.0022,2026-10-08 09:00:00+00:00,96.0,384.0,NVIDIA T4,8.0,128.0,100 Gigabit,1.0,1800.0,x86_64,2026-10-08,2026-10-08 20:27:06,0.500275
us-east-1,g4dn.metal,Linux,us-east-1c,5.0077,2026-10-08 09:00:00+00:00,96.0,384.0,NVIDIA T4,8.0,128.0,100 Gigabit,1.0,1800.0,x86_64,2026-10-08,2026-10-08 20:27:06,0.6259625
us-east-1,g4dn.8xlarge,Windows,us-east-1b,1.715,2026-10-08 09:00:00+00:00,32.0,128.0,NVIDIA T4,1.0,16.0,50 Gigabit,1.0,900.0,x86_64,2026-10-08,2026-10-08 20:27:06,1.715
us-east-1,g4dn.8xlarge,Linux,us-east-1f,0.6301,2026-10-08 09:00:00+00:00,32.0,128.0,NVIDIA T4,1.0,16.0,50 Gigabit,1.0,900.0,x86_64,2026-10-08,2026-10-08 20:27:06,0.6301
us-east-1,g4dn.4xlarge,Windows,us-east-1b,0.8621,2026-10-08 09:00:00+00:00,16.0,64.0,NVIDIA T4,1.0,16.0,Up to 25 Gigabit,1.0,225.0,x86_64,2026-10-08,2026-10-08 20:27:06,0.8621
us-east-1,g4dn.4xlarge,Linux,us-east-1f,0.5882,2026-10-08 09:00:00+00:00,16.0,64.0,NVIDIA T4,1.0,16.0,Up to 25 Gigabit,1.0,225.0,x86_64,2026-10-08,2026-10-08 20:27:06,0.5882
us-east-1,g4dn.2xlarge,Windows,us-east-1a,0.4487,2026-10-08 09:00:00+00:00,8.0,32.0,NVIDIA T4,1.0,16.0,Up to 25 Gigabit,1.0,225.0,x86_64,2026-10-08,2026-10-08 20:27:06,0.4487
us-east-1,g4dn.2xlarge,Linux,us-east-1d,0.3185,2026-10-08 09:00:00+00:00,8.0,32.0,NVIDIA T4,1.0,16.0,Up to 25 Gigabit,1.0,225.0,x86_64,2026-10-08,2026-10-08 20:27:06,0.3185
us-east-1,g6.12xlarge,Linux,us-east-1c,3.9687,2026-10-08 09:00:00+00:00,48.0,192.0,NVIDIA L4,4.0,89.40625,40 Gigabit,1.0,3760.0,x86_64,2026-10-08,2026-10-08 20:27:06,0.992175
us-east-1,g6.16xlarge,Linux,us-east-1c,1.3205,2026-10-08 09:00:00+00:00,64.0,256.0,NVIDIA L4,1.0,22.3515625,25 Gigabit,1.0,1880.0,x86_64,2026-10-08,2026-10-08 20:27:06,1.3205
us-east-1,g7.2xlarge,Windows,us-east-1b,0.62,2026-10-08 09:00:00+00:00,8.0,32.0,NVIDIA RTX PRO 4500,1.0,32.0,Up to 60 Gigabit,1.0,440.0,x86_64,2026-10-08,2026-10-08 20:27:06,0.62
us-east-1,g6.16xlarge,Linux,us-east-1d,1.4792,2026-10-08 09:00:00+00:00,64.0,256.0,NVIDIA L4,1.0,22.3515625,25 Gigabit,1.0,1880.0,x86_64,2026-10-08,2026-10-08 20:27:06,1.4792
us-east-1,g7.24xlarge,Linux,us-east-1a,2.6217,2026-10-08 09:00:00+00:00,96.0,384.0,NVIDIA RTX PRO 4500,4.0,128.0,350 Gigabit,1.0,3800.0,x86_64,2026-10-08,2026-10-08 20:27:06,0.655425
us-east-1,g7.12xlarge,Linux,us-east-1a,1.6628,2026-10-08 09:00:00+00:00,48.0,192.0,NVIDIA RTX PRO 4500,2.0,64.0,175 Gigabit,1.0,1900.0,x86_64,2026-10-08,2026-10-08 20:27:06,0.8314
us-east-1,g6f.xlarge,Linux,us-east-1b,0.0946,2026-10-08 09:00:00+00:00,4.0,16.0,NVIDIA L4,0.0,2.7939453125,Up to 10 Gigabit,1.0,100.0,x86_64,2026-10-08,2026-10-08 20:27:06,
us-east-1,g6f.large,Windows,us-east-1d,0.1122,2026-10-08 09:00:00+00:00,2.0,8.0,NVIDIA L4,0.0,2.7939453125,Up to 10 Gigabit,1.0,100.0,x86_64,2026-10-08,2026-10-08 20:27:06,
us-east-1,g6f.large,Linux,us-east-1b,0.0839,2026-10-08 09:00:00+00:00,2.0,8.0,NVIDIA L4,0.0,2.7939453125,Up to 10 Gigabit,1.0,100.0,x86_64,2026-10-08,2026-10-08 20:27:06,
us-east-1,g6f.4xlarge,Windows,us-east-1b,0.831,2026-10-08 09:00:00+00:00,16.0,64.0,NVIDIA L4,0.0,11.17578125,Up to 25 Gigabit,1.0,450.0,x86_64,2026-10-08,2026-10-08 20:27:06,
us-east-1,g6f.2xlarge,Windows,us-east-1c,0.4155,2026-10-08 09:00:00+00:00,8.0,32.0,NVIDIA L4,0.0,5.587890625,Up to 10 Gigabit,1.0,200.0,x86_64,2026-10-08,2026-10-08 20:27:06,
us-east-1,g6f.2xlarge,Windows,us-east-1a,0.4155,2026-10-08 09:00:00+00:00,8.0,32.0,NVIDIA L4,0.0,5.587890625,Up to 10 Gigabit,1.0,200.0,x86_64,2026-10-08,2026-10-08 20:27:06,
us-east-1,g6e.xlarge,Linux,us-east-1a,1.8341,2026-10-08 09:00:00+00:00,4.0,32.0,NVIDIA L40S,1.0,44.703125,Up to 20 Gigabit,1.0,250.0,x86_64,2026-10-08,2026-10-08 20:27:06,1.8341
us-east-1,g6e.8xlarge,Windows,us-east-1d,1.9249,2026-10-08 09:00:00+00:00,32.0,256.0,NVIDIA L40S,1.0,44.703125,25 Gigabit,1.0,900.0,x86_64,2026-10-08,2026-10-08 20:27:06,1.9249
us-east-1,g6e.8xlarge,Linux,us-east-1b,1.4975,2026-10-08 09:00:00+00:00,32.0,256.0,NVIDIA L40S,1.0,44.703125,25 Gigabit,1.0,900.0,x86_64,2026-10-08,2026-10-08 20:27:06,1.4975
us-east-1,g6e.4xlarge,Windows,us-east-1c,1.7646,2026-10-08 09:00:00+00:00,16.0,128.0,NVIDIA L40S,1.0,44.703125,20 Gigabit,1.0,600.0,x86_64,2026-10-08,2026-10-08 20:27:06,1.7646
us-east-1,g6e.4xlarge,Linux,us-east-1d,2.5993,2026-10-08 09:00:00+00:00,16.0,128.0,NVIDIA L40S,1.0,44.703125,20 Gigabit,1.0,600.0,x86_64,2026-10-08,2026-10-08 20:27:06,2.5993
us-east-1,g6e.48xlarge,Windows,us-east-1d,11.8451,2026-10-08 09:00:00+00:00,192.0,1536.0,NVIDIA L40S,8.0,357.625,400 Gigabit,4.0,7600.0,x86_64,2026-10-08,2026-10-08 20:27:06,1.4806375
us-east-1,g6e.2xlarge,Windows,us-east-1c,0.6407,2026-10-08 09:00:00+00:00,8.0,64.0,NVIDIA L40S,1.0,44.703125,Up to 20 Gigabit,1.0,450.0,x86_64,2026-10-08,2026-10-08 20:27:06,0.6407
us-east-1,g6e.2xlarge,Linux,us-east-1b,2.2096,2026-10-08 09:00:00+00:00,8.0,64.0,NVIDIA L40S,1.0,44.703125,Up to 20 Gigabit,1.0,450.0,x86_64,2026-10-08,2026-10-08 20:27:06,2.2096
us-east-1,g6e.16xlarge,Windows,us-east-1d,4.0986,2026-10-08 09:00:00+00:00,64.0,512.0,NVIDIA L40S,1.0,44.703125,35 Gigabit,1.0,1900.0,x86_64,2026-10-08,2026-10-08 20:27:06,4.0986
us-east-1,g6e.12xlarge,Windows,us-east-1c,3.6629,2026-10-08 09:00:00+00:00,48.0,384.0,NVIDIA L40S,4.0,178.8125,100 Gigabit,1.0,3800.0,x86_64,2026-10-08,2026-10-08 20:27:06,0.915725
us-east-1,g6e.12xlarge,Linux,us-east-1b,5.9611,2026-10-08 09:00:00+00:00,48.0,384.0,NVIDIA L40S,4.0,178.8125,100 Gigabit,1.0,3800.0,x86_64,2026-10-08,2026-10-08 20:27:06,1.490275
us-east-1,g6.48xlarge,Windows,us-east-1f,15.2626,2026-10-08 09:00:00+00:00,192.0,768.0,NVIDIA L4,8.0,178.8125,100 Gigabit,1.0,7520.0,x86_64,2026-10-08,2026-10-08 20:27:06,1.907825
us-east-1,g6.48xlarge,Windows,us-east-1c,10.167,2026-10-08 09:00:00+00:00,192.0,768.0,NVIDIA L4,8.0,178.8125,100 Gigabit,1.0,7520.0,x86_64,2026-10-08,2026-10-08 20:27:06,1.270875
us-east-1,g6.2xlarge,Windows,us-east-1d,0.5192,2026-10-08 09:00:00+00:00,8.0,32.0,NVIDIA L4,1.0,22.3515625,Up to 10 Gigabit,1.0,450.0,x86_64,2026-10-08,2026-10-08 20:27:06,0.5192
us-east-1,g6.2xlarge,Linux,us-east-1d,0.8625,2026-10-08 09:00:00+00:00,8.0,32.0,NVIDIA L4,1.0,22.3515625,Up to 10 Gigabit,1.0,450.0,x86_64,2026-10-08,2026-10-08 20:27:06,0.8625
us-east-1,g6.24xlarge,Linux,us-east-1c,3.8581,2026-10-08 09:00:00+00:00,96.0,384.0,NVIDIA L4,4.0,89.40625,50 Gigabit,1.0,3760.0,x86_64,2026-10-08,2026-10-08 20:27:06,0.964525
us-east-1,g6.16xlarge,Windows,us-east-1f,3.4223,2026-10-08 09:00:00+00:00,64.0,256.0,NVIDIA L4,1.0,22.3515625,25 Gigabit,1.0,1880.0,x86_64,2026-10-08,2026-10-08 20:27:06,3.4223
us-east-1,g4dn.16xlarge,Windows,us-east-1b,3.5734,2026-10-08 09:00:00+00:00,64.0,256.0,NVIDIA T4,1.0,16.0,50 Gigabit,1.0,900.0,x86_64,2026-10-08,2026-10-08 20:27:06,3.5734
us-east-1,g4dn.12xlarge,Windows,us-east-1a,2.728,2026-10-08 09:00:00+00:00,48.0,192.0,NVIDIA T4,4.0,64.0,50 Gigabit,1.0,900.0,x86_64,2026-10-08,2026-10-08 20:27:06,0.682
us-west-1,g4dn.2xlarge,Windows,us-west-1c,0.479,2026-10-08 09:00:00+00:00,8.0,32.0,NVIDIA T4,1.0,16.0,Up to 25 Gigabit,1.0,225.0,x86_64,2026-10-08,2026-10-08 20:27:06,0.479
us-west-1,g4dn.4xlarge,Linux,us-west-1c,0.7888,2026-10-08 09:00:00+00:00,16.0,64.0,NVIDIA T4,1.0,16.0,Up to 25 Gigabit,1.0,225.0,x86_64,2026-10-08,2026-10-08 20:27:06,0.7888
us-east-2,g6e.xlarge,Windows,us-east-2c,1.0215,2026-10-08 09:00:00+00:00,4.0,32.0,NVIDIA L40S,1.0,44.703125,Up to 20 Gigabit,1.0,250.0,x86_64,2026-10-08,2026-10-08 20:27:06,1.0215
us-east-2,g6f.2xlarge,Windows,us-east-2a,0.5818,2026-10-08 09:00:00+00:00,8.0,32.0,NVIDIA L4,0.0,5.587890625,Up to 10 Gigabit,1.0,200.0,x86_64,2026-10-08,2026-10-08 20:27:06,
us-east-2,g6f.2xlarge,Windows,us-east-2b,0.5818,2026-10-08 09:00:00+00:00,8.0,32.0,NVIDIA L4,0.0,5.587890625,Up to 10 Gigabit,1.0,200.0,x86_64,2026-10-08,2026-10-08 20:27:06,
us-east-2,g6f.4xlarge,Windows,us-east-2b,1.1635,2026-10-08 09:00:00+00:00,16.0,64.0,NVIDIA L4,0.0,11.17578125,Up to 25 Gigabit,1.0,450.0,x86_64,2026-10-08,2026-10-08 20:27:06,
us-east-2,g6f.4xlarge,Windows,us-east-2c,1.1635,2026-10-08 09:00:00+00:00,16.0,64.0,NVIDIA L4,0.0,11.17578125,Up to 25 Gigabit,1.0,450.0,x86_64,2026-10-08,2026-10-08 20:27:06,
us-east-2,g6f.large,Linux,us-east-2a,0.0912,2026-10-08 09:00:00+00:00,2.0,8.0,NVIDIA L4,0.0,2.7939453125,Up to 10 Gigabit,1.0,100.0,x86_64,2026-10-08,2026-10-08 20:27:06,
us-east-2,g6f.xlarge,Linux,us-east-2a,0.1103,2026-10-08 09:00:00+00:00,4.0,16.0,NVIDIA L4,0.0,2.7939453125,Up to 10 Gigabit,1.0,100.0,x86_64,2026-10-08,2026-10-08 20:27:06,
us-east-2,g6f.xlarge,Linux,us-east-2b,0.1097,2026-10-08 09:00:00+00:00,4.0,16.0,NVIDIA L4,0.0,2.7939453125,Up to 10 Gigabit,1.0,100.0,x86_64,2026-10-08,2026-10-08 20:27:06,
us-east-2,g6f.xlarge,Windows,us-east-2b,0.2909,2026-10-08 09:00:00+00:00,4.0,16.0,NVIDIA L4,0.0,2.7939453125,Up to 10 Gigabit,1.0,100.0,x86_64,2026-10-08,2026-10-08 20:27:06,
us-east-2,g7.24xlarge,Linux,us-east-2a,6.4414,2026-10-08 09:00:00+00:00,96.0,384.0,NVIDIA RTX PRO 4500,4.0,128.0,350 Gigabit,1.0,3800.0,x86_64,2026-10-08,2026-10-08 20:27:06,1.61035
us-east-2,g7.2xlarge,Windows,us-east-2b,1.502,2026-10-08 09:00:00+00:00,8.0,32.0,NVIDIA RTX PRO 4500,1.0,32.0,Up to 60 Gigabit,1.0,440.0,x86_64,2026-10-08,2026-10-08 20:27:06,1.502
us-east-2,g7.4xlarge,Linux,us-east-2a,1.3797,2026-10-08 09:00:00+00:00,16.0,64.0,NVIDIA RTX PRO 4500,1.0,32.0,Up to 100 Gigabit,1.0,875.0,x86_64,2026-10-08,2026-10-08 20:27:06,1.3797
us-east-2,g7.8xlarge,Linux,us-east-2a,1.8475,2026-10-08 09:00:00+00:00,32.0,128.0,NVIDIA RTX PRO 4500,1.0,32.0,100 Gigabit,1.0,930.0,x86_64,2026-10-08,2026-10-08 20:27:06,1.8475
us-east-2,g7.8xlarge,Windows,us-east-2c,3.3109,2026-10-08 09:00:00+00:00,32.0,128.0,NVIDIA RTX PRO 4500,1.0,32.0,100 Gigabit,1.0,930.0,x86_64,2026-10-08,2026-10-08 20:27:06,3.3109
us-east-2,g7e.12xlarge,Windows,us-east-2c,5.9368,2026-10-08 09:00:00+00:00,48.0,512.0,NVIDIA RTX PRO Server 6000,2.0,192.0,400 Gigabit,1.0,3800.0,x86_64,2026-10-08,2026-10-08 20:27:06,2.9684
us-east-2,g7e.48xlarge,Windows,us-east-2a,23.75,2026-10-08 09:00:00+00:00,192.0,2048.0,NVIDIA RTX PRO Server 6000,8.0,768.0,1600 Gigabit,4.0,15200.0,x86_64,2026-10-08,2026-10-08 20:27:06,2.96875
us-east-2,g7e.48xlarge,Windows,us-east-2b,23.7501,2026-10-08 09:00:00+00:00,192.0,2048.0,NVIDIA RTX PRO Server 6000,8.0,768.0,1600 Gigabit,4.0,15200.0,x86_64,2026-10-08,2026-10-08 20:27:06,2.9687625
us-east-2,g7e.4xlarge,Linux,us-east-2b,3.1903,2026-10-08 09:00:00+00:00,16.0,128.0,NVIDIA RTX PRO Server 6000,1.0,96.0,50 Gigabit,1.0,1900.0,x86_64,2026-10-08,2026-10-08 20:27:06,3.1903
us-east-2,g7e.4xlarge,Windows,us-east-2b,2.5357,2026-10-08 09:00:00+00:00,16.0,128.0,NVIDIA RTX PRO Server 6000,1.0,96.0,50 Gigabit,1.0,1900.0,x86_64,2026-10-08,2026-10-08 20:27:06,2.5357
us-east-2,gr6.4xlarge,Linux,us-east-2c,0.4184,2026-10-08 09:00:00+00:00,16.0,128.0,NVIDIA L4,1.0,22.3515625,Up to 25 Gigabit,1.0,600.0,x86_64,2026-10-08,2026-10-08 20:27:06,0.4184
us-east-2,gr6.8xlarge,Linux,us-east-2c,0.5588,2026-10-08 09:00:00+00:00,32.0,256.0,NVIDIA L4,1.0,22.3515625,25 Gigabit,1.0,900.0,x86_64,2026-10-08,2026-10-08 20:27:06,0.5588
us-east-2,p5en.48xlarge,Linux,us-east-2c,28.5523,2026-10-08 09:00:00+00:00,192.0,2048.0,NVIDIA H200,8.0,1128.0,3200 Gigabit,16.0,30400.0,x86_64,2026-10-08,2026-10-08 20:27:06,3.5690375
us-east-2,inf2.xlarge,Linux,us-east-2a,0.0758,2026-10-08 09:00:00+00:00,4.0,16.0,Inferentia2,1.0,32.0,Up to 15 Gigabit,1.0,0.0,x86_64,2026-10-08,2026-10-08 20:27:06,0.0758
us-east-2,inf2.48xlarge,Linux,us-east-2b,1.2981,2026-10-08 09:00:00+00:00,192.0,768.0,Inferentia2,12.0,384.0,100 Gigabit,1.0,0.0,x86_64,2026-10-08,2026-10-08 20:27:06,0.10817500000000001
us-east-2,gr6f.4xlarge,Windows,us-east-2c,0.8426,2026-10-08 09:00:00+00:00,16.0,128.0,NVIDIA L4,0.0,11.17578125,Up to 25 Gigabit,1.0,450.0,x86_64,2026-10-08,2026-10-08 20:27:06,
us-east-2,g6e.8xlarge,Windows,us-east-2b,3.5099,2026-10-08 09:00:00+00:00,32.0,256.0,NVIDIA L40S,1.0,44.703125,25 Gigabit,1.0,900.0,x86_64,2026-10-08,2026-10-08 20:27:06,3.5099
us-east-2,g6e.8xlarge,Linux,us-east-2c,2.3759,2026-10-08 09:00:00+00:00,32.0,256.0,NVIDIA L40S,1.0,44.703125,25 Gigabit,1.0,900.0,x86_64,2026-10-08,2026-10-08 20:27:06,2.3759
us-east-2,g6e.8xlarge,Linux,us-east-2b,2.2513,2026-10-08 09:00:00+00:00,32.0,256.0,NVIDIA L40S,1.0,44.703125,25 Gigabit,1.0,900.0,x86_64,2026-10-08,2026-10-08 20:27:06,2.2513
us-east-2,g4dn.xlarge,Linux,us-east-2a,0.2778,2026-10-08 09:00:00+00:00,4.0,16.0,NVIDIA T4,1.0,16.0,Up to 25 Gigabit,1.0,125.0,x86_64,2026-10-08,2026-10-08 20:27:06,0.2778
us-west-1,g4dn.4xlarge,Windows,us-west-1a,0.8805,2026-10-08 09:00:00+00:00,16.0,64.0,NVIDIA T4,1.0,16.0,Up to 25 Gigabit,1.0,225.0,x86_64,2026-10-08,2026-10-08 20:27:06,0.8805
us-west-1,g4dn.8xlarge,Windows,us-west-1a,1.7331,2026-10-08 09:00:00+00:00,32.0,128.0,NVIDIA T4,1.0,16.0,50 Gigabit,1.0,900.0,x86_64,2026-10-08,2026-10-08 20:27:06,1.7331
us-west-1,g4dn.metal,Linux,us-west-1a,3.7782,2026-10-08 09:00:00+00:00,96.0,384.0,NVIDIA T4,8.0,128.0,100 Gigabit,1.0,1800.0,x86_64,2026-10-08,2026-10-08 20:27:06,0.472275
us-west-1,g4dn.xlarge,Linux,us-west-1a,0.3131,2026-10-08 09:00:00+00:00,4.0,16.0,NVIDIA T4,1.0,16.0,Up to 25 Gigabit,1.0,125.0,x86_64,2026-10-08,2026-10-08 20:27:06,0.3131
us-west-1,inf1.6xlarge,Linux,us-west-1a,0.1418,2026-10-08 09:00:00+00:00,24.0,48.0,Inferentia,4.0,32.0,25 Gigabit,1.0,0.0,x86_64,2026-10-08,2026-10-08 20:27:06,0.03545
us-west-1,inf1.6xlarge,Linux,us-west-1c,0.167,2026-10-08 09:00:00+00:00,24.0,48.0,Inferentia,4.0,32.0,25 Gigabit,1.0,0.0,x86_64,2026-10-08,2026-10-08 20:27:06,0.04175
us-east-2,g4dn.12xlarge,Linux,us-east-2c,1.9012,2026-10-08 09:00:00+00:00,48.0,192.0,NVIDIA T4,4.0,64.0,50 Gigabit,1.0,900.0,x86_64,2026-10-08,2026-10-08 20:27:06,0.4753
us-east-2,g4dn.16xlarge,Windows,us-east-2a,4.9024,2026-10-08 09:00:00+00:00,64.0,256.0,NVIDIA T4,1.0,16.0,50 Gigabit,1.0,900.0,x86_64,2026-10-08,2026-10-08 20:27:06,4.9024
us-east-2,g4dn.4xlarge,Windows,us-east-2b,1.2779,2026-10-08 09:00:00+00:00,16.0,64.0,NVIDIA T4,1.0,16.0,Up to 25 Gigabit,1.0,225.0,x86_64,2026-10-08,2026-10-08 20:27:06,1.2779
us-east-2,g4dn.8xlarge,Linux,us-east-2c,1.0402,2026-10-08 09:00:00+00:00,32.0,128.0,NVIDIA T4,1.0,16.0,50 Gigabit,1.0,900.0,x86_64,2026-10-08,2026-10-08 20:27:06,1.0402
us-east-2,g4dn.metal,Linux,us-east-2a,4.0082,2026-10-08 09:00:00+00:00,96.0,384.0,NVIDIA T4,8.0,128.0,100 Gigabit,1.0,1800.0,x86_64,2026-10-08,2026-10-08 20:27:06,0.501025
us-east-2,g4dn.xlarge,Linux,us-east-2b,0.2772,2026-10-08 09:00:00+00:00,4.0,16.0,NVIDIA T4,1.0,16.0,Up to 25 Gigabit,1.0,125.0,x86_64,2026-10-08,2026-10-08 20:27:06,0.2772
us-east-2,g6e.4xlarge,Linux,us-east-2b,1.5732,2026-10-08 09:00:00+00:00,16.0,128.0,NVIDIA L40S,1.0,44.703125,20 Gigabit,1.0,600.0,x86_64,2026-10-08,2026-10-08 20:27:06,1.5732
us-east-2,g5.16xlarge,Linux,us-east-2b,1.8667,2026-10-08 09:00:00+00:00,64.0,256.0,NVIDIA A10G,1.0,22.3515625,25 Gigabit,1.0,1900.0,x86_64,2026-10-08,2026-10-08 20:27:06,1.8667
us-east-2,g5.48xlarge,Windows,us-east-2c,16.1616,2026-10-08 09:00:00+00:00,192.0,768.0,NVIDIA A10G,8.0,178.8125,100 Gigabit,1.0,7600.0,x86_64,2026-10-08,2026-10-08 20:27:06,2.0202
us-east-2,g5.8xlarge,Linux,us-east-2a,1.2113,2026-10-08 09:00:00+00:00,32.0,128.0,NVIDIA A10G,1.0,22.3515625,25 Gigabit,1.0,900.0,x86_64,2026-10-08,2026-10-08 20:27:06,1.2113
us-east-2,g5.xlarge,Windows,us-east-2b,0.641,2026-10-08 09:00:00+00:00,4.0,16.0,NVIDIA A10G,1.0,22.3515625,Up to 10 Gigabit,1.0,250.0,x86_64,2026-10-08,2026-10-08 20:27:06,0.641
us-east-2,g5.xlarge,Windows,us-east-2c,0.6373,2026-10-08 09:00:00+00:00,4.0,16.0,NVIDIA A10G,1.0,22.3515625,Up to 10 Gigabit,1.0,250.0,x86_64,2026-10-08,2026-10-08 20:27:06,0.6373
us-east-2,g6.16xlarge,Linux,us-east-2c,1.5841,2026-10-08 09:00:00+00:00,64.0,256.0,NVIDIA L4,1.0,22.3515625,25 Gigabit,1.0,1880.0,x86_64,2026-10-08,2026-10-08 20:27:06,1.5841
us-east-2,g6.2xlarge,Linux,us-east-2a,0.4806,2026-10-08 09:00:00+00:00,8.0,32.0,NVIDIA L4,1.0,22.3515625,Up to 10 Gigabit,1.0,450.0,x86_64,2026-10-08,2026-10-08 20:27:06,0.4806
us-east-2,g6.48xlarge,Windows,us-east-2b,14.8397,2026-10-08 09:00:00+00:00,192.0,768.0,NVIDIA L4,8.0,178.8125,100 Gigabit,1.0,7520.0,x86_64,2026-10-08,2026-10-08 20:27:06,1.8549625
us-east-2,g6.xlarge,Linux,us-east-2b,0.3976,2026-10-08 09:00:00+00:00,4.0,16.0,NVIDIA L4,1.0,22.3515625,Up to 10 Gigabit,1.0,250.0,x86_64,2026-10-08,2026-10-08 20:27:06,0.3976
us-east-2,g6.xlarge,Windows,us-east-2a,0.5462,2026-10-08 09:00:00+00:00,4.0,16.0,NVIDIA L4,1.0,22.3515625,Up to 10 Gigabit,1.0,250.0,x86_64,2026-10-08,2026-10-08 20:27:06,0.5462
us-east-2,g6e.24xlarge,Windows,us-east-2c,13.3795,2026-10-08 09:00:00+00:00,96.0,768.0,NVIDIA L40S,4.0,178.8125,200 Gigabit,2.0,3800.0,x86_64,2026-10-08,2026-10-08 20:27:06,3.344875
us-east-1,g7.24xlarge,Windows,us-east-1b,5.8417,2026-10-08 09:00:00+00:00,96.0,384.0,NVIDIA RTX PRO 4500,4.0,128.0,350 Gigabit,1.0,3800.0,x86_64,2026-10-08,2026-10-08 20:27:06,1.460425
us-east-1,g7.2xlarge,Windows,us-east-1c,0.62,2026-10-08 09:00:00+00:00,8.0,32.0,NVIDIA RTX PRO 4500,1.0,32.0,Up to 60 Gigabit,1.0,440.0,x86_64,2026-10-08,2026-10-08 20:27:06,0.62
sa-east-1,g6.xlarge,Linux,sa-east-1b,0.2405,2026-10-08 09:00:00+00:00,4.0,16.0,NVIDIA L4,1.0,22.3515625,Up to 10 Gigabit,1.0,250.0,x86_64,2026-10-08,2026-10-08 20:27:06,0.2405
ap-northeast-1,g6.8xlarge,Linux,ap-northeast-1c,1.4553,2026-10-08 09:00:00+00:00,32.0,128.0,NVIDIA L4,1.0,22.3515625,25 Gigabit,1.0,900.0,x86_64,2026-10-08,2026-10-08 20:27:06,1.4553
ap-northeast-1,g6.2xlarge,Windows,ap-northeast-1a,1.0069,2026-10-08 09:00:00+00:00,8.0,32.0,NVIDIA L4,1.0,22.3515625,Up to 10 Gigabit,1.0,450.0,x86_64,2026-10-08,2026-10-08 20:27:06,1.0069
ap-northeast-1,g6.24xlarge,Windows,ap-northeast-1a,8.7725,2026-10-08 09:00:00+00:00,96.0,384.0,NVIDIA L4,4.0,89.40625,50 Gigabit,1.0,3760.0,x86_64,2026-10-08,2026-10-08 20:27:06,2.193125
ap-northeast-1,g6.16xlarge,Linux,ap-northeast-1a,2.4573,2026-10-08 09:00:00+00:00,64.0,256.0,NVIDIA L4,1.0,22.3515625,25 Gigabit,1.0,1880.0,x86_64,2026-10-08,2026-10-08 20:27:06,2.4573
ap-northeast-1,g5g.8xlarge,Linux,ap-northeast-1c,0.8348,2026-10-08 09:00:00+00:00,32.0,64.0,NVIDIA T4g,1.0,16.0,12 Gigabit,1.0,0.0,arm64,2026-10-08,2026-10-08 20:27:06,0.8348
ap-northeast-1,g5g.4xlarge,Linux,ap-northeast-1c,0.506,2026-10-08 09:00:00+00:00,16.0,32.0,NVIDIA T4g,1.0,16.0,Up to 10 Gigabit,1.0,0.0,arm64,2026-10-08,2026-10-08 20:27:06,0.506
ap-northeast-1,g5.48xlarge,Linux,ap-northeast-1a,21.2602,2026-10-08 09:00:00+00:00,192.0,768.0,NVIDIA A10G,8.0,178.8125,100 Gigabit,1.0,7600.0,x86_64,2026-10-08,2026-10-08 20:27:06,2.657525
ap-northeast-1,g5.16xlarge,Linux,ap-northeast-1c,2.9952,2026-10-08 09:00:00+00:00,64.0,256.0,NVIDIA A10G,1.0,22.3515625,25 Gigabit,1.0,1900.0,x86_64,2026-10-08,2026-10-08 20:27:06,2.9952
ap-northeast-1,g4dn.xlarge,Linux,ap-northeast-1a,0.3403,2026-10-08 09:00:00+00:00,4.0,16.0,NVIDIA T4,1.0,16.0,Up to 25 Gigabit,1.0,125.0,x86_64,2026-10-08,2026-10-08 20:27:06,0.3403
ap-northeast-1,g4dn.2xlarge,Windows,ap-northeast-1a,0.8254,2026-10-08 09:00:00+00:00,8.0,32.0,NVIDIA T4,1.0,16.0,Up to 25 Gigabit,1.0,225.0,x86_64,2026-10-08,2026-10-08 20:27:06,0.8254
ap-northeast-1,g4dn.2xlarge,Linux,ap-northeast-1c,0.4977,2026-10-08 09:00:00+00:00,8.0,32.0,NVIDIA T4,1.0,16.0,Up to 25 Gigabit,1.0,225.0,x86_64,2026-10-08,2026-10-08 20:27:06,0.4977
ap-northeast-3,g4dn.12xlarge,Linux,ap-northeast-3b,1.3886,2026-10-08 09:00:00+00:00,48.0,192.0,NVIDIA T4,4.0,64.0,50 Gigabit,1.0,900.0,x86_64,2026-10-08,2026-10-08 20:27:06,0.34715
ap-northeast-3,g4dn.12xlarge,Linux,ap-northeast-3c,1.3997,2026-10-08 09:00:00+00:00,48.0,192.0,NVIDIA T4,4.0,64.0,50 Gigabit,1.0,900.0,x86_64,2026-10-08,2026-10-08 20:27:06,0.349925
ap-northeast-3,g4dn.16xlarge,Windows,ap-northeast-3b,3.5315,2026-10-08 09:00:00+00:00,64.0,256.0,NVIDIA T4,1.0,16.0,50 Gigabit,1.0,900.0,x86_64,2026-10-08,2026-10-08 20:27:06,3.5315
ap-northeast-3,g4dn.4xlarge,Windows,ap-northeast-3c,0.8985,2026-10-08 09:00:00+00:00,16.0,64.0,NVIDIA T4,1.0,16.0,Up to 25 Gigabit,1.0,225.0,x86_64,2026-10-08,2026-10-08 20:27:06,0.8985
ap-northeast-3,g4dn.xlarge,Linux,ap-northeast-3b,0.2883,2026-10-08 09:00:00+00:00,4.0,16.0,NVIDIA T4,1.0,16.0,Up to 25 Gigabit,1.0,125.0,x86_64,2026-10-08,2026-10-08 20:27:06,0.2883
ap-northeast-3,g6e.12xlarge,Windows,ap-northeast-3b,4.9245,2026-10-08 09:00:00+00:00,48.0,384.0,NVIDIA L40S,4.0,178.8125,100 Gigabit,1.0,3800.0,x86_64,2026-10-08,2026-10-08 20:27:06,1.231125
ap-northeast-3,g6e.2xlarge,Windows,ap-northeast-3b,1.0353,2026-10-08 09:00:00+00:00,8.0,64.0,NVIDIA L40S,1.0,44.703125,Up to 20 Gigabit,1.0,450.0,x86_64,2026-10-08,2026-10-08 20:27:06,1.0353
ap-northeast-3,g6e.4xlarge,Windows,ap-northeast-3c,3.1082,2026-10-08 09:00:00+00:00,16.0,128.0,NVIDIA L40S,1.0,44.703125,20 Gigabit,1.0,600.0,x86_64,2026-10-08,2026-10-08 20:27:06,3.1082
ap-northeast-3,g6e.8xlarge,Linux,ap-northeast-3c,1.645,2026-10-08 09:00:00+00:00,32.0,256.0,NVIDIA L40S,1.0,44.703125,25 Gigabit,1.0,900.0,x86_64,2026-10-08,2026-10-08 20:27:06,1.645
ap-northeast-1,g4dn.12xlarge,Linux,ap-northeast-1a,2.6367,2026-10-08 09:00:00+00:00,48.0,192.0,NVIDIA T4,4.0,64.0,50 Gigabit,1.0,900.0,x86_64,2026-10-08,2026-10-08 20:27:06,0.659175
ap-northeast-2,g4dn.16xlarge,Windows,ap-northeast-2b,5.3529,2026-10-08 09:00:00+00:00,64.0,256.0,NVIDIA T4,1.0,16.0,50 Gigabit,1.0,900.0,x86_64,2026-10-08,2026-10-08 20:27:06,5.3529
ap-northeast-2,g4dn.4xlarge,Linux,ap-northeast-2b,0.7306,2026-10-08 09:00:00+00:00,16.0,64.0,NVIDIA T4,1.0,16.0,Up to 25 Gigabit,1.0,225.0,x86_64,2026-10-08,2026-10-08 20:27:06,0.7306
ap-northeast-2,g4dn.4xlarge,Windows,ap-northeast-2a,1.4025,2026-10-08 09:00:00+00:00,16.0,64.0,NVIDIA T4,1.0,16.0,Up to 25 Gigabit,1.0,225.0,x86_64,2026-10-08,2026-10-08 20:27:06,1.4025
ap-northeast-2,g4dn.8xlarge,Linux,ap-northeast-2a,1.2079,2026-10-08 09:00:00+00:00,32.0,128.0,NVIDIA T4,1.0,16.0,50 Gigabit,1.0,900.0,x86_64,2026-10-08,2026-10-08 20:27:06,1.2079
ap-northeast-2,g4dn.8xlarge,Linux,ap-northeast-2c,1.2247,2026-10-08 09:00:00+00:00,32.0,128.0,NVIDIA T4,1.0,16.0,50 Gigabit,1.0,900.0,x86_64,2026-10-08,2026-10-08 20:27:06,1.2247
ap-northeast-1,g6.4xlarge,Linux,ap-northeast-1a,0.9164,2026-10-08 09:00:00+00:00,16.0,64.0,NVIDIA L4,1.0,22.3515625,Up to 25 Gigabit,1.0,600.0,x86_64,2026-10-08,2026-10-08 20:27:06,0.9164
ap-northeast-1,g6.8xlarge,Windows,ap-northeast-1c,2.7868,2026-10-08 09:00:00+00:00,32.0,128.0,NVIDIA L4,1.0,22.3515625,25 Gigabit,1.0,900.0,x86_64,2026-10-08,2026-10-08 20:27:06,2.7868
us-east-1,g7.48xlarge,Linux,us-east-1c,6.5043,2026-10-08 09:00:00+00:00,192.0,768.0,NVIDIA RTX PRO 4500,8.0,256.0,700 Gigabit,2.0,7600.0,x86_64,2026-10-08,2026-10-08 20:27:06,0.8130375
ap-northeast-1,g6e.16xlarge,Linux,ap-northeast-1c,4.9845,2026-10-08 09:00:00+00:00,64.0,512.0,NVIDIA L40S,1.0,44.703125,35 Gigabit,1.0,1900.0,x86_64,2026-10-08,2026-10-08 20:27:06,4.9845
sa-east-1,g6.4xlarge,Windows,sa-east-1b,0.9609,2026-10-08 09:00:00+00:00,16.0,64.0,NVIDIA L4,1.0,22.3515625,Up to 25 Gigabit,1.0,600.0,x86_64,2026-10-08,2026-10-08 20:27:06,0.9609
sa-east-1,g6.4xlarge,Linux,sa-east-1b,0.3073,2026-10-08 09:00:00+00:00,16.0,64.0,NVIDIA L4,1.0,22.3515625,Up to 25 Gigabit,1.0,600.0,x86_64,2026-10-08,2026-10-08 20:27:06,0.3073
sa-east-1,g6.48xlarge,Linux,sa-east-1b,4.0821,2026-10-08 09:00:00+00:00,192.0,768.0,NVIDIA L4,8.0,178.8125,100 Gigabit,1.0,7520.0,x86_64,2026-10-08,2026-10-08 20:27:06,0.5102625
sa-east-1,g6.2xlarge,Windows,sa-east-1a,0.5342,2026-10-08 09:00:00+00:00,8.0,32.0,NVIDIA L4,1.0,22.3515625,Up to 10 Gigabit,1.0,450.0,x86_64,2026-10-08,2026-10-08 20:27:06,0.5342
sa-east-1,g6.16xlarge,Windows,sa-east-1a,3.5214,2026-10-08 09:00:00+00:00,64.0,256.0,NVIDIA L4,1.0,22.3515625,25 Gigabit,1.0,1880.0,x86_64,2026-10-08,2026-10-08 20:27:06,3.5214
sa-east-1,g5.xlarge,Linux,sa-east-1a,0.3404,2026-10-08 09:00:00+00:00,4.0,16.0,NVIDIA A10G,1.0,22.3515625,Up to 10 Gigabit,1.0,250.0,x86_64,2026-10-08,2026-10-08 20:27:06,0.3404
sa-east-1,g5.2xlarge,Windows,sa-east-1a,0.574,2026-10-08 09:00:00+00:00,8.0,32.0,NVIDIA A10G,1.0,22.3515625,Up to 10 Gigabit,1.0,450.0,x86_64,2026-10-08,2026-10-08 20:27:06,0.574
sa-east-1,g5.24xlarge,Linux,sa-east-1a,3.1823,2026-10-08 09:00:00+00:00,96.0,384.0,NVIDIA A10G,4.0,89.40625,50 Gigabit,1.0,3800.0,x86_64,2026-10-08,2026-10-08 20:27:06,0.795575
sa-east-1,g5.16xlarge,Linux,sa-east-1a,5.9122,2026-10-08 09:00:00+00:00,64.0,256.0,NVIDIA A10G,1.0,22.3515625,25 Gigabit,1.0,1900.0,x86_64,2026-10-08,2026-10-08 20:27:06,5.9122
sa-east-1,g4dn.xlarge,Linux,sa-east-1c,0.0984,2026-10-08 09:00:00+00:00,4.0,16.0,NVIDIA T4,1.0,16.0,Up to 25 Gigabit,1.0,125.0,x86_64,2026-10-08,2026-10-08 20:27:06,0.0984
sa-east-1,g4dn.8xlarge,Windows,sa-east-1b,1.8418,2026-10-08 09:00:00+00:00,32.0,128.0,NVIDIA T4,1.0,16.0,50 Gigabit,1.0,900.0,x86_64,2026-10-08,2026-10-08 20:27:06,1.8418
sa-east-1,g4dn.12xlarge,Windows,sa-east-1b,2.8729,2026-10-08 09:00:00+00:00,48.0,192.0,NVIDIA T4,4.0,64.0,50 Gigabit,1.0,900.0,x86_64,2026-10-08,2026-10-08 20:27:06,0.718225
sa-east-1,g4dn.12xlarge,Linux,sa-east-1a,1.3792,2026-10-08 09:00:00+00:00,48.0,192.0,NVIDIA T4,4.0,64.0,50 Gigabit,1.0,900.0,x86_64,2026-10-08,2026-10-08 20:27:06,0.3448
ap-northeast-1,vt1.3xlarge,Linux,ap-northeast-1a,0.8182,2026-10-08 09:00:00+00:00,12.0,24.0,,0.0,0.0,3.12 Gigabit,1.0,0.0,x86_64,2026-10-08,2026-10-08 20:27:06,
ap-northeast-1,inf2.8xlarge,Linux,ap-northeast-1c,2.9518,2026-10-08 09:00:00+00:00,32.0,128.0,Inferentia2,1.0,32.0,Up to 25 Gigabit,1.0,0.0,x86_64,2026-10-08,2026-10-08 20:27:06,2.9518
ap-northeast-1,inf1.24xlarge,Linux,ap-northeast-1a,6.376,2026-10-08 09:00:00+00:00,96.0,192.0,Inferentia,16.0,128.0,100 Gigabit,1.0,0.0,x86_64,2026-10-08,2026-10-08 20:27:06,0.3985
ap-northeast-1,gr6f.4xlarge,Windows,ap-northeast-1c,0.8906,2026-10-08 09:00:00+00:00,16.0,128.0,NVIDIA L4,0.0,11.17578125,Up to 25 Gigabit,1.0,450.0,x86_64,2026-10-08,2026-10-08 20:27:06,
ap-northeast-1,gr6.8xlarge,Linux,ap-northeast-1a,1.1739,2026-10-08 09:00:00+00:00,32.0,256.0,NVIDIA L4,1.0,22.3515625,25 Gigabit,1.0,900.0,x86_64,2026-10-08,2026-10-08 20:27:06,1.1739
ap-northeast-1,gr6.4xlarge,Windows,ap-northeast-1a,1.1312,2026-10-08 09:00:00+00:00,16.0,128.0,NVIDIA L4,1.0,22.3515625,Up to 25 Gigabit,1.0,600.0,x86_64,2026-10-08,2026-10-08 20:27:06,1.1312
ap-northeast-1,g7e.4xlarge,Windows,ap-northeast-1c,3.3458,2026-10-08 09:00:00+00:00,16.0,128.0,NVIDIA RTX PRO Server 6000,1.0,96.0,50 Gigabit,1.0,1900.0,x86_64,2026-10-08,2026-10-08 20:27:06,3.3458
ap-northeast-1,g7e.2xlarge,Windows,ap-northeast-1c,2.9094,2026-10-08 09:00:00+00:00,8.0,64.0,NVIDIA RTX PRO Server 6000,1.0,96.0,50 Gigabit,1.0,1900.0,x86_64,2026-10-08,2026-10-08 20:27:06,2.9094
ap-northeast-1,g6e.xlarge,Windows,ap-northeast-1c,1.3986,2026-10-08 09:00:00+00:00,4.0,32.0,NVIDIA L40S,1.0,44.703125,Up to 20 Gigabit,1.0,250.0,x86_64,2026-10-08,2026-10-08 20:27:06,1.3986
ap-northeast-1,g6e.8xlarge,Windows,ap-northeast-1a,4.4285,2026-10-08 09:00:00+00:00,32.0,256.0,NVIDIA L40S,1.0,44.703125,25 Gigabit,1.0,900.0,x86_64,2026-10-08,2026-10-08 20:27:06,4.4285
ap-northeast-1,g6e.48xlarge,Windows,ap-northeast-1c,28.5004,2026-10-08 09:00:00+00:00,192.0,1536.0,NVIDIA L40S,8.0,357.625,400 Gigabit,4.0,7600.0,x86_64,2026-10-08,2026-10-08 20:27:06,3.56255
ap-northeast-1,g6e.24xlarge,Windows,ap-northeast-1a,14.2563,2026-10-08 09:00:00+00:00,96.0,768.0,NVIDIA L40S,4.0,178.8125,200 Gigabit,2.0,3800.0,x86_64,2026-10-08,2026-10-08 20:27:06,3.564075
ap-northeast-2,g4dn.8xlarge,Windows,ap-northeast-2c,2.6767,2026-10-08 09:00:00+00:00,32.0,128.0,NVIDIA T4,1.0,16.0,50 Gigabit,1.0,900.0,x86_64,2026-10-08,2026-10-08 20:27:06,2.6767
ap-northeast-2,g4dn.metal,Windows,ap-northeast-2a,8.7468,2026-10-08 09:00:00+00:00,96.0,384.0,NVIDIA T4,8.0,128.0,100 Gigabit,1.0,1800.0,x86_64,2026-10-08,2026-10-08 20:27:06,1.09335
ap-northeast-2,g4dn.xlarge,Windows,ap-northeast-2b,0.4752,2026-10-08 09:00:00+00:00,4.0,16.0,NVIDIA T4,1.0,16.0,Up to 25 Gigabit,1.0,125.0,x86_64,2026-10-08,2026-10-08 20:27:06,0.4752
ap-northeast-2,g4dn.xlarge,Windows,ap-northeast-2c,0.4752,2026-10-08 09:00:00+00:00,4.0,16.0,NVIDIA T4,1.0,16.0,Up to 25 Gigabit,1.0,125.0,x86_64,2026-10-08,2026-10-08 20:27:06,0.4752
ap-northeast-2,g6f.large,Windows,ap-northeast-2d,0.2038,2026-10-08 09:00:00+00:00,2.0,8.0,NVIDIA L4,0.0,2.7939453125,Up to 10 Gigabit,1.0,100.0,x86_64,2026-10-08,2026-10-08 20:27:06,
ap-northeast-2,g6f.xlarge,Windows,ap-northeast-2d,0.3154,2026-10-08 09:00:00+00:00,4.0,16.0,NVIDIA L4,0.0,2.7939453125,Up to 10 Gigabit,1.0,100.0,x86_64,2026-10-08,2026-10-08 20:27:06,
ap-northeast-2,g7e.24xlarge,Linux,ap-northeast-2b,18.3371,2026-10-08 09:00:00+00:00,96.0,1024.0,NVIDIA RTX PRO Server 6000,4.0,384.0,800 Gigabit,2.0,7600.0,x86_64,2026-10-08,2026-10-08 20:27:06,4.584275
ap-northeast-2,g7e.2xlarge,Linux,ap-northeast-2a,3.7213,2026-10-08 09:00:00+00:00,8.0,64.0,NVIDIA RTX PRO Server 6000,1.0,96.0,50 Gigabit,1.0,1900.0,x86_64,2026-10-08,2026-10-08 20:27:06,3.7213
ap-northeast-2,g7e.4xlarge,Windows,ap-northeast-2a,3.5099,2026-10-08 09:00:00+00:00,16.0,128.0,NVIDIA RTX PRO Server 6000,1.0,96.0,50 Gigabit,1.0,1900.0,x86_64,2026-10-08,2026-10-08 20:27:06,3.5099
ap-northeast-2,g7e.8xlarge,Windows,ap-northeast-2b,4.3867,2026-10-08 09:00:00+00:00,32.0,256.0,NVIDIA RTX PRO Server 6000,1.0,96.0,100 Gigabit,1.0,1900.0,x86_64,2026-10-08,2026-10-08 20:27:06,4.3867
ap-northeast-2,inf1.6xlarge,Linux,ap-northeast-2a,0.1453,2026-10-08 09:00:00+00:00,24.0,48.0,Inferentia,4.0,32.0,25 Gigabit,1.0,0.0,x86_64,2026-10-08,2026-10-08 20:27:06,0.036325
ap-northeast-2,inf1.xlarge,Linux,ap-northeast-2a,0.0281,2026-10-08 09:00:00+00:00,4.0,8.0,Inferentia,1.0,8.0,Up to 25 Gigabit,1.0,0.0,x86_64,2026-10-08,2026-10-08 20:27:06,0.0281
us-east-1,trn1n.32xlarge,Linux,us-east-1d,7.0223,2026-10-08 09:00:00+00:00,128.0,512.0,Trainium,16.0,512.0,16x 100 Gigabit,16.0,7600.0,x86_64,2026-10-08,2026-10-08 20:27:06,0.43889375
us-east-1,trn1.2xlarge,Linux,us-east-1f,0.275,2026-10-08 09:00:00+00:00,8.0,32.0,Trainium,1.0,32.0,Up to 12.5 Gigabit,1.0,474.0,x86_64,2026-10-08,2026-10-08 20:27:06,0.275
us-east-1,p6-b200.48xlarge,Linux,us-east-1d,66.4168,2026-10-08 09:00:00+00:00,192.0,2048.0,NVIDIA B200,8.0,1432.4921875,3200 Gigabit,8.0,30400.0,x86_64,2026-10-08,2026-10-08 20:27:06,8.3021
us-east-1,p5.4xlarge,Linux,us-east-1f,3.9926,2026-10-08 09:00:00+00:00,16.0,256.0,NVIDIA H100,1.0,80.0,100 Gigabit,1.0,3800.0,x86_64,2026-10-08,2026-10-08 20:27:06,3.9926
us-east-1,p5.4xlarge,Linux,us-east-1e,3.9772,2026-10-08 09:00:00+00:00,16.0,256.0,NVIDIA H100,1.0,80.0,100 Gigabit,1.0,3800.0,x86_64,2026-10-08,2026-10-08 20:27:06,3.9772
us-east-1,p5.48xlarge,Linux,us-east-1a,30.1299,2026-10-08 09:00:00+00:00,192.0,2048.0,NVIDIA H100,8.0,640.0,3200 Gigabit,32.0,30400.0,x86_64,2026-10-08,2026-10-08 20:27:06,3.7662375
us-east-1,inf2.xlarge,Linux,us-east-1c,0.1841,2026-10-08 09:00:00+00:00,4.0,16.0,Inferentia2,1.0,32.0,Up to 15 Gigabit,1.0,0.0,x86_64,2026-10-08,2026-10-08 20:27:06,0.1841
us-east-1,inf2.48xlarge,Linux,us-east-1d,2.7657,2026-10-08 09:00:00+00:00,192.0,768.0,Inferentia2,12.0,384.0,100 Gigabit,1.0,0.0,x86_64,2026-10-08,2026-10-08 20:27:06,0.23047499999999999
us-east-1,inf2.24xlarge,Linux,us-east-1f,0.9952,2026-10-08 09:00:00+00:00,96.0,384.0,Inferentia2,6.0,192.0,50 Gigabit,1.0,0.0,x86_64,2026-10-08,2026-10-08 20:27:06,0.16586666666666666
us-east-1,inf1.xlarge,Linux,us-east-1d,0.0498,2026-10-08 09:00:00+00:00,4.0,8.0,Inferentia,1.0,8.0,Up to 25 Gigabit,1.0,0.0,x86_64,2026-10-08,2026-10-08 20:27:06,0.0498
us-east-1,inf1.6xlarge,Linux,us-east-1c,0.2955,2026-10-08 09:00:00+00:00,24.0,48.0,Inferentia,4.0,32.0,25 Gigabit,1.0,0.0,x86_64,2026-10-08,2026-10-08 20:27:06,0.073875
us-east-1,inf1.24xlarge,Linux,us-east-1d,1.0255,2026-10-08 09:00:00+00:00,96.0,192.0,Inferentia,16.0,128.0,100 Gigabit,1.0,0.0,x86_64,2026-10-08,2026-10-08 20:27:06,0.06409375
us-east-1,gr6f.4xlarge,Linux,us-east-1c,0.3627,2026-10-08 09:00:00+00:00,16.0,128.0,NVIDIA L4,0.0,11.17578125,Up to 25 Gigabit,1.0,450.0,x86_64,2026-10-08,2026-10-08 20:27:06,
us-east-1,gr6.4xlarge,Linux,us-east-1a,1.0049,2026-10-08 09:00:00+00:00,16.0,128.0,NVIDIA L4,1.0,22.3515625,Up to 25 Gigabit,1.0,600.0,x86_64,2026-10-08,2026-10-08 20:27:06,1.0049
us-east-1,g7.8xlarge,Windows,us-east-1b,1.8806,2026-10-08 09:00:00+00:00,32.0,128.0,NVIDIA RTX PRO 4500,1.0,32.0,100 Gigabit,1.0,930.0,x86_64,2026-10-08,2026-10-08 20:27:06,1.8806
us-east-1,g7.48xlarge,Windows,us-east-1d,11.6833,2026-10-08 09:00:00+00:00,192.0,768.0,NVIDIA RTX PRO 4500,8.0,256.0,700 Gigabit,2.0,7600.0,x86_64,2026-10-08,2026-10-08 20:27:06,1.4604125
us-east-1,g7.48xlarge,Windows,us-east-1c,11.6833,2026-10-08 09:00:00+00:00,192.0,768.0,NVIDIA RTX PRO 4500,8.0,256.0,700 Gigabit,2.0,7600.0,x86_64,2026-10-08,2026-10-08 20:27:06,1.4604125
ap-northeast-2,g6f.large,Linux,ap-northeast-2d,0.1118,2026-10-08 09:00:00+00:00,2.0,8.0,NVIDIA L4,0.0,2.7939453125,Up to 10 Gigabit,1.0,100.0,x86_64,2026-10-08,2026-10-08 20:27:06,
ap-northeast-2,g6e.xlarge,Windows,ap-northeast-2a,1.2138,2026-10-08 09:00:00+00:00,4.0,32.0,NVIDIA L40S,1.0,44.703125,Up to 20 Gigabit,1.0,250.0,x86_64,2026-10-08,2026-10-08 20:27:06,1.2138
ap-northeast-2,g6e.xlarge,Linux,ap-northeast-2b,1.2526,2026-10-08 09:00:00+00:00,4.0,32.0,NVIDIA L40S,1.0,44.703125,Up to 20 Gigabit,1.0,250.0,x86_64,2026-10-08,2026-10-08 20:27:06,1.2526
ap-northeast-2,g5g.16xlarge,Linux,ap-northeast-2c,1.5188,2026-10-08 09:00:00+00:00,64.0,128.0,NVIDIA T4g,2.0,32.0,25 Gigabit,1.0,0.0,arm64,2026-10-08,2026-10-08 20:27:06,0.7594
ap-northeast-2,g5.12xlarge,Windows,ap-northeast-2d,5.3465,2026-10-08 09:00:00+00:00,48.0,192.0,NVIDIA A10G,4.0,89.40625,40 Gigabit,1.0,3800.0,x86_64,2026-10-08,2026-10-08 20:27:06,1.336625
ap-northeast-2,g5.16xlarge,Linux,ap-northeast-2d,2.2665,2026-10-08 09:00:00+00:00,64.0,256.0,NVIDIA A10G,1.0,22.3515625,25 Gigabit,1.0,1900.0,x86_64,2026-10-08,2026-10-08 20:27:06,2.2665
ap-northeast-2,g5.16xlarge,Windows,ap-northeast-2c,5.2104,2026-10-08 09:00:00+00:00,64.0,256.0,NVIDIA A10G,1.0,22.3515625,25 Gigabit,1.0,1900.0,x86_64,2026-10-08,2026-10-08 20:27:06,5.2104
ap-northeast-2,g5.2xlarge,Linux,ap-northeast-2a,0.6907,2026-10-08 09:00:00+00:00,8.0,32.0,NVIDIA A10G,1.0,22.3515625,Up to 10 Gigabit,1.0,450.0,x86_64,2026-10-08,2026-10-08 20:27:06,0.6907
ap-south-1,g5.12xlarge,Windows,ap-south-1b,3.908,2026-10-08 09:00:00+00:00,48.0,192.0,NVIDIA A10G,4.0,89.40625,40 Gigabit,1.0,3800.0,x86_64,2026-10-08,2026-10-08 20:27:06,0.977
ap-northeast-2,g5.48xlarge,Linux,ap-northeast-2d,10.2081,2026-10-08 09:00:00+00:00,192.0,768.0,NVIDIA A10G,8.0,178.8125,100 Gigabit,1.0,7600.0,x86_64,2026-10-08,2026-10-08 20:27:06,1.2760125
ap-northeast-2,g5.4xlarge,Linux,ap-northeast-2d,0.9231,2026-10-08 09:00:00+00:00,16.0,64.0,NVIDIA A10G,1.0,22.3515625,Up to 25 Gigabit,1.0,600.0,x86_64,2026-10-08,2026-10-08 20:27:06,0.9231
ap-northeast-2,g5.4xlarge,Windows,ap-northeast-2c,1.6346,2026-10-08 09:00:00+00:00,16.0,64.0,NVIDIA A10G,1.0,22.3515625,Up to 25 Gigabit,1.0,600.0,x86_64,2026-10-08,2026-10-08 20:27:06,1.6346
ap-northeast-2,g5.8xlarge,Windows,ap-northeast-2d,2.8266,2026-10-08 09:00:00+00:00,32.0,128.0,NVIDIA A10G,1.0,22.3515625,25 Gigabit,1.0,900.0,x86_64,2026-10-08,2026-10-08 20:27:06,2.8266
ap-northeast-2,g5.xlarge,Linux,ap-northeast-2a,0.6039,2026-10-08 09:00:00+00:00,4.0,16.0,NVIDIA A10G,1.0,22.3515625,Up to 10 Gigabit,1.0,250.0,x86_64,2026-10-08,2026-10-08 20:27:06,0.6039
ap-northeast-2,g5.xlarge,Windows,ap-northeast-2c,0.7407,2026-10-08 09:00:00+00:00,4.0,16.0,NVIDIA A10G,1.0,22.3515625,Up to 10 Gigabit,1.0,250.0,x86_64,2026-10-08,2026-10-08 20:27:06,0.7407
ap-northeast-2,g5g.metal,Linux,ap-northeast-2a,1.5189,2026-10-08 09:00:00+00:00,64.0,128.0,NVIDIA T4g,2.0,32.0,25 Gigabit,1.0,0.0,arm64,2026-10-08,2026-10-08 20:27:06,0.75945
ap-northeast-2,g6e.4xlarge,Linux,ap-northeast-2b,1.7874,2026-10-08 09:00:00+00:00,16.0,128.0,NVIDIA L40S,1.0,44.703125,20 Gigabit,1.0,600.0,x86_64,2026-10-08,2026-10-08 20:27:06,1.7874
ap-northeast-2,g6.12xlarge,Linux,ap-northeast-2a,2.9652,2026-10-08 09:00:00+00:00,48.0,192.0,NVIDIA L4,4.0,89.40625,40 Gigabit,1.0,3760.0,x86_64,2026-10-08,2026-10-08 20:27:06,0.7413
ap-northeast-2,g6.16xlarge,Windows,ap-northeast-2a,4.824,2026-10-08 09:00:00+00:00,64.0,256.0,NVIDIA L4,1.0,22.3515625,25 Gigabit,1.0,1880.0,x86_64,2026-10-08,2026-10-08 20:27:06,4.824
ap-northeast-2,g6.24xlarge,Linux,ap-northeast-2c,4.2701,2026-10-08 09:00:00+00:00,96.0,384.0,NVIDIA L4,4.0,89.40625,50 Gigabit,1.0,3760.0,x86_64,2026-10-08,2026-10-08 20:27:06,1.067525
ap-northeast-2,g6.2xlarge,Windows,ap-northeast-2d,0.909,2026-10-08 09:00:00+00:00,8.0,32.0,NVIDIA L4,1.0,22.3515625,Up to 10 Gigabit,1.0,450.0,x86_64,2026-10-08,2026-10-08 20:27:06,0.909
ap-northeast-2,g6.48xlarge,Linux,ap-northeast-2c,8.5612,2026-10-08 09:00:00+00:00,192.0,768.0,NVIDIA L4,8.0,178.8125,100 Gigabit,1.0,7520.0,x86_64,2026-10-08,2026-10-08 20:27:06,1.07015
ap-northeast-2,g6.48xlarge,Linux,ap-northeast-2d,7.4087,2026-10-08 09:00:00+00:00,192.0,768.0,NVIDIA L4,8.0,178.8125,100 Gigabit,1.0,7520.0,x86_64,2026-10-08,2026-10-08 20:27:06,0.9260875
ap-northeast-2,g6.48xlarge,Windows,ap-northeast-2c,16.2207,2026-10-08 09:00:00+00:00,192.0,768.0,NVIDIA L4,8.0,178.8125,100 Gigabit,1.0,7520.0,x86_64,2026-10-08,2026-10-08 20:27:06,2.0275875
ap-northeast-2,g6.8xlarge,Linux,ap-northeast-2a,1.1493,2026-10-08 09:00:00+00:00,32.0,128.0,NVIDIA L4,1.0,22.3515625,25 Gigabit,1.0,900.0,x86_64,2026-10-08,2026-10-08 20:27:06,1.1493
ap-northeast-2,g6.8xlarge,Linux,ap-northeast-2d,1.1177,2026-10-08 09:00:00+00:00,32.0,128.0,NVIDIA L4,1.0,22.3515625,25 Gigabit,1.0,900.0,x86_64,2026-10-08,2026-10-08 20:27:06,1.1177
ap-northeast-2,g6.8xlarge,Windows,ap-northeast-2d,2.5888,2026-10-08 09:00:00+00:00,32.0,128.0,NVIDIA L4,1.0,22.3515625,25 Gigabit,1.0,900.0,x86_64,2026-10-08,2026-10-08 20:27:06,2.5888
ap-northeast-2,g6e.24xlarge,Windows,ap-northeast-2b,12.7511,2026-10-08 09:00:00+00:00,96.0,768.0,NVIDIA L40S,4.0,178.8125,200 Gigabit,2.0,3800.0,x86_64,2026-10-08,2026-10-08 20:27:06,3.187775
ap-south-1,g5.16xlarge,Linux,ap-south-1a,1.4897,2026-10-08 09:00:00+00:00,64.0,256.0,NVIDIA A10G,1.0,22.3515625,25 Gigabit,1.0,1900.0,x86_64,2026-10-08,2026-10-08 20:27:06,1.4897
us-east-2,gr6f.4xlarge,Linux,us-east-2b,0.2458,2026-10-08 09:00:00+00:00,16.0,128.0,NVIDIA L4,0.0,11.17578125,Up to 25 Gigabit,1.0,450.0,x86_64,2026-10-08,2026-10-08 20:27:06,
ap-south-1,g4dn.4xlarge,Windows,ap-south-1b,0.8685,2026-10-08 09:00:00+00:00,16.0,64.0,NVIDIA T4,1.0,16.0,Up to 25 Gigabit,1.0,225.0,x86_64,2026-10-08,2026-10-08 20:27:06,0.8685
eu-central-1,g6.8xlarge,Windows,eu-central-1c,1.9169,2026-10-08 09:00:00+00:00,32.0,128.0,NVIDIA L4,1.0,22.3515625,25 Gigabit,1.0,900.0,x86_64,2026-10-08,2026-10-08 20:27:06,1.9169
eu-central-1,g6e.12xlarge,Linux,eu-central-1c,13.12,2026-10-08 09:00:00+00:00,48.0,384.0,NVIDIA L40S,4.0,178.8125,100 Gigabit,1.0,3800.0,x86_64,2026-10-08,2026-10-08 20:27:06,3.28
eu-central-1,g6e.12xlarge,Windows,eu-central-1a,15.328,2026-10-08 09:00:00+00:00,48.0,384.0,NVIDIA L40S,4.0,178.8125,100 Gigabit,1.0,3800.0,x86_64,2026-10-08,2026-10-08 20:27:06,3.832
eu-central-1,g6e.24xlarge,Linux,eu-central-1a,18.8381,2026-10-08 09:00:00+00:00,96.0,768.0,NVIDIA L40S,4.0,178.8125,200 Gigabit,2.0,3800.0,x86_64,2026-10-08,2026-10-08 20:27:06,4.709525
eu-central-1,g6e.24xlarge,Linux,eu-central-1b,18.8381,2026-10-08 09:00:00+00:00,96.0,768.0,NVIDIA L40S,4.0,178.8125,200 Gigabit,2.0,3800.0,x86_64,2026-10-08,2026-10-08 20:27:06,4.709525
eu-central-1,g6e.2xlarge,Linux,eu-central-1c,1.7024,2026-10-08 09:00:00+00:00,8.0,64.0,NVIDIA L40S,1.0,44.703125,Up to 20 Gigabit,1.0,450.0,x86_64,2026-10-08,2026-10-08 20:27:06,1.7024
eu-central-1,g6e.2xlarge,Linux,eu-central-1a,1.8728,2026-10-08 09:00:00+00:00,8.0,64.0,NVIDIA L40S,1.0,44.703125,Up to 20 Gigabit,1.0,450.0,x86_64,2026-10-08,2026-10-08 20:27:06,1.8728
eu-central-1,g6e.48xlarge,Windows,eu-central-1c,46.5081,2026-10-08 09:00:00+00:00,192.0,1536.0,NVIDIA L40S,8.0,357.625,400 Gigabit,4.0,7600.0,x86_64,2026-10-08,2026-10-08 20:27:06,5.8135125
eu-central-1,g6e.xlarge,Linux,eu-central-1a,1.7227,2026-10-08 09:00:00+00:00,4.0,32.0,NVIDIA L40S,1.0,44.703125,Up to 20 Gigabit,1.0,250.0,x86_64,2026-10-08,2026-10-08 20:27:06,1.7227
eu-central-1,g6f.2xlarge,Linux,eu-central-1a,0.2234,2026-10-08 09:00:00+00:00,8.0,32.0,NVIDIA L4,0.0,5.587890625,Up to 10 Gigabit,1.0,200.0,x86_64,2026-10-08,2026-10-08 20:27:06,
eu-central-1,g6f.4xlarge,Windows,eu-central-1a,0.946,2026-10-08 09:00:00+00:00,16.0,64.0,NVIDIA L4,0.0,11.17578125,Up to 25 Gigabit,1.0,450.0,x86_64,2026-10-08,2026-10-08 20:27:06,
eu-central-1,g7e.12xlarge,Linux,eu-central-1b,7.5169,2026-10-08 09:00:00+00:00,48.0,512.0,NVIDIA RTX PRO Server 6000,2.0,192.0,400 Gigabit,1.0,3800.0,x86_64,2026-10-08,2026-10-08 20:27:06,3.75845
eu-central-1,g7e.24xlarge,Windows,eu-central-1b,32.5978,2026-10-08 09:00:00+00:00,96.0,1024.0,NVIDIA RTX PRO Server 6000,4.0,384.0,800 Gigabit,2.0,7600.0,x86_64,2026-10-08,2026-10-08 20:27:06,8.14945
eu-central-1,g7e.2xlarge,Windows,eu-central-1b,1.5497,2026-10-08 09:00:00+00:00,8.0,64.0,NVIDIA RTX PRO Server 6000,1.0,96.0,50 Gigabit,1.0,1900.0,x86_64,2026-10-08,2026-10-08 20:27:06,1.5497
eu-central-1,g7e.48xlarge,Windows,eu-central-1a,18.8694,2026-10-08 09:00:00+00:00,192.0,2048.0,NVIDIA RTX PRO Server 6000,8.0,768.0,1600 Gigabit,4.0,15200.0,x86_64,2026-10-08,2026-10-08 20:27:06,2.358675
eu-central-1,g7e.4xlarge,Windows,eu-central-1a,1.9802,2026-10-08 09:00:00+00:00,16.0,128.0,NVIDIA RTX PRO Server 6000,1.0,96.0,50 Gigabit,1.0,1900.0,x86_64,2026-10-08,2026-10-08 20:27:06,1.9802
eu-central-1,g7e.8xlarge,Linux,eu-central-1a,4.4463,2026-10-08 09:00:00+00:00,32.0,256.0,NVIDIA RTX PRO Server 6000,1.0,96.0,100 Gigabit,1.0,1900.0,x86_64,2026-10-08,2026-10-08 20:27:06,4.4463
eu-central-1,g7e.8xlarge,Linux,eu-central-1b,2.4997,2026-10-08 09:00:00+00:00,32.0,256.0,NVIDIA RTX PRO Server 6000,1.0,96.0,100 Gigabit,1.0,1900.0,x86_64,2026-10-08,2026-10-08 20:27:06,2.4997
eu-central-1,gr6.4xlarge,Linux,eu-central-1b,0.7812,2026-10-08 09:00:00+00:00,16.0,128.0,NVIDIA L4,1.0,22.3515625,Up to 25 Gigabit,1.0,600.0,x86_64,2026-10-08,2026-10-08 20:27:06,0.7812
eu-central-1,gr6.8xlarge,Windows,eu-central-1a,2.0239,2026-10-08 09:00:00+00:00,32.0,256.0,NVIDIA L4,1.0,22.3515625,25 Gigabit,1.0,900.0,x86_64,2026-10-08,2026-10-08 20:27:06,2.0239
eu-central-1,g6.8xlarge,Windows,eu-central-1b,1.9174,2026-10-08 09:00:00+00:00,32.0,128.0,NVIDIA L4,1.0,22.3515625,25 Gigabit,1.0,900.0,x86_64,2026-10-08,2026-10-08 20:27:06,1.9174
eu-central-1,g6.4xlarge,Linux,eu-central-1a,0.7725,2026-10-08 09:00:00+00:00,16.0,64.0,NVIDIA L4,1.0,22.3515625,Up to 25 Gigabit,1.0,600.0,x86_64,2026-10-08,2026-10-08 20:27:06,0.7725
eu-central-1,gr6f.4xlarge,Windows,eu-central-1b,0.8693,2026-10-08 09:00:00+00:00,16.0,128.0,NVIDIA L4,0.0,11.17578125,Up to 25 Gigabit,1.0,450.0,x86_64,2026-10-08,2026-10-08 20:27:06,
eu-central-1,g6.48xlarge,Windows,eu-central-1c,11.7832,2026-10-08 09:00:00+00:00,192.0,768.0,NVIDIA L4,8.0,178.8125,100 Gigabit,1.0,7520.0,x86_64,2026-10-08,2026-10-08 20:27:06,1.4729
eu-north-1,g4dn.2xlarge,Linux,eu-north-1b,0.1306,2026-10-08 09:00:00+00:00,8.0,32.0,NVIDIA T4,1.0,16.0,Up to 25 Gigabit,1.0,225.0,x86_64,2026-10-08,2026-10-08 20:27:06,0.1306
eu-north-1,g4dn.16xlarge,Windows,eu-north-1b,3.4057,2026-10-08 09:00:00+00:00,64.0,256.0,NVIDIA T4,1.0,16.0,50 Gigabit,1.0,900.0,x86_64,2026-10-08,2026-10-08 20:27:06,3.4057
eu-north-1,g4dn.12xlarge,Windows,eu-north-1c,2.623,2026-10-08 09:00:00+00:00,48.0,192.0,NVIDIA T4,4.0,64.0,50 Gigabit,1.0,900.0,x86_64,2026-10-08,2026-10-08 20:27:06,0.65575
eu-central-1,g4dn.12xlarge,Windows,eu-central-1b,2.697,2026-10-08 09:00:00+00:00,48.0,192.0,NVIDIA T4,4.0,64.0,50 Gigabit,1.0,900.0,x86_64,2026-10-08,2026-10-08 20:27:06,0.67425
eu-central-1,g4dn.4xlarge,Linux,eu-central-1b,0.6197,2026-10-08 09:00:00+00:00,16.0,64.0,NVIDIA T4,1.0,16.0,Up to 25 Gigabit,1.0,225.0,x86_64,2026-10-08,2026-10-08 20:27:06,0.6197
eu-central-1,g4dn.8xlarge,Linux,eu-central-1c,0.9916,2026-10-08 09:00:00+00:00,32.0,128.0,NVIDIA T4,1.0,16.0,50 Gigabit,1.0,900.0,x86_64,2026-10-08,2026-10-08 20:27:06,0.9916
eu-central-1,g4dn.8xlarge,Windows,eu-central-1a,1.9523,2026-10-08 09:00:00+00:00,32.0,128.0,NVIDIA T4,1.0,16.0,50 Gigabit,1.0,900.0,x86_64,2026-10-08,2026-10-08 20:27:06,1.9523
eu-central-1,g5.12xlarge,Linux,eu-central-1b,3.5375,2026-10-08 09:00:00+00:00,48.0,192.0,NVIDIA A10G,4.0,89.40625,40 Gigabit,1.0,3800.0,x86_64,2026-10-08,2026-10-08 20:27:06,0.884375
eu-central-1,g5.12xlarge,Windows,eu-central-1b,4.2366,2026-10-08 09:00:00+00:00,48.0,192.0,NVIDIA A10G,4.0,89.40625,40 Gigabit,1.0,3800.0,x86_64,2026-10-08,2026-10-08 20:27:06,1.05915
eu-central-1,g5.24xlarge,Linux,eu-central-1c,10.1841,2026-10-08 09:00:00+00:00,96.0,384.0,NVIDIA A10G,4.0,89.40625,50 Gigabit,1.0,3800.0,x86_64,2026-10-08,2026-10-08 20:27:06,2.546025
eu-central-1,g5.24xlarge,Linux,eu-central-1b,4.7333,2026-10-08 09:00:00+00:00,96.0,384.0,NVIDIA A10G,4.0,89.40625,50 Gigabit,1.0,3800.0,x86_64,2026-10-08,2026-10-08 20:27:06,1.183325
eu-central-1,g5.48xlarge,Linux,eu-central-1b,20.3681,2026-10-08 09:00:00+00:00,192.0,768.0,NVIDIA A10G,8.0,178.8125,100 Gigabit,1.0,7600.0,x86_64,2026-10-08,2026-10-08 20:27:06,2.5460125
eu-central-1,g5.8xlarge,Windows,eu-central-1b,2.244,2026-10-08 09:00:00+00:00,32.0,128.0,NVIDIA A10G,1.0,22.3515625,25 Gigabit,1.0,900.0,x86_64,2026-10-08,2026-10-08 20:27:06,2.244
eu-central-1,g5g.2xlarge,Linux,eu-central-1c,0.2442,2026-10-08 09:00:00+00:00,8.0,16.0,NVIDIA T4g,1.0,16.0,Up to 10 Gigabit,1.0,0.0,arm64,2026-10-08,2026-10-08 20:27:06,0.2442
eu-central-1,g5g.xlarge,Linux,eu-central-1c,0.1164,2026-10-08 09:00:00+00:00,4.0,8.0,NVIDIA T4g,1.0,16.0,Up to 10 Gigabit,1.0,0.0,arm64,2026-10-08,2026-10-08 20:27:06,0.1164
eu-central-1,g6.12xlarge,Windows,eu-central-1a,3.2246,2026-10-08 09:00:00+00:00,48.0,192.0,NVIDIA L4,4.0,89.40625,40 Gigabit,1.0,3760.0,x86_64,2026-10-08,2026-10-08 20:27:06,0.80615
eu-central-1,g6.16xlarge,Windows,eu-central-1b,3.7044,2026-10-08 09:00:00+00:00,64.0,256.0,NVIDIA L4,1.0,22.3515625,25 Gigabit,1.0,1880.0,x86_64,2026-10-08,2026-10-08 20:27:06,3.7044
eu-central-1,g6.24xlarge,Windows,eu-central-1b,5.4796,2026-10-08 09:00:00+00:00,96.0,384.0,NVIDIA L4,4.0,89.40625,50 Gigabit,1.0,3760.0,x86_64,2026-10-08,2026-10-08 20:27:06,1.3699
eu-central-1,g6.2xlarge,Windows,eu-central-1b,0.5844,2026-10-08 09:00:00+00:00,8.0,32.0,NVIDIA L4,1.0,22.3515625,Up to 10 Gigabit,1.0,450.0,x86_64,2026-10-08,2026-10-08 20:27:06,0.5844
eu-central-1,gr6f.4xlarge,Windows,eu-central-1a,0.8989,2026-10-08 09:00:00+00:00,16.0,128.0,NVIDIA L4,0.0,11.17578125,Up to 25 Gigabit,1.0,450.0,x86_64,2026-10-08,2026-10-08 20:27:06,
eu-central-1,inf1.2xlarge,Linux,eu-central-1a,0.1609,2026-10-08 09:00:00+00:00,8.0,16.0,Inferentia,1.0,8.0,Up to 25 Gigabit,1.0,0.0,x86_64,2026-10-08,2026-10-08 20:27:06,0.1609
eu-north-1,g4dn.8xlarge,Linux,eu-north-1c,0.3017,2026-10-08 09:00:00+00:00,32.0,128.0,NVIDIA T4,1.0,16.0,50 Gigabit,1.0,900.0,x86_64,2026-10-08,2026-10-08 20:27:06,0.3017
us-west-2,g7e.48xlarge,Linux,us-west-2c,16.9024,2026-10-08 09:00:00+00:00,192.0,2048.0,NVIDIA RTX PRO Server 6000,8.0,768.0,1600 Gigabit,4.0,15200.0,x86_64,2026-10-08,2026-10-08 20:27:06,2.1128
us-west-2,g7e.4xlarge,Windows,us-west-2c,1.1358,2026-10-08 09:00:00+00:00,16.0,128.0,NVIDIA RTX PRO Server 6000,1.0,96.0,50 Gigabit,1.0,1900.0,x86_64,2026-10-08,2026-10-08 20:27:06,1.1358
us-west-2,g7e.8xlarge,Windows,us-west-2b,5.0473,2026-10-08 09:00:00+00:00,32.0,256.0,NVIDIA RTX PRO Server 6000,1.0,96.0,100 Gigabit,1.0,1900.0,x86_64,2026-10-08,2026-10-08 20:27:06,5.0473
us-west-2,g7e.8xlarge,Windows,us-west-2c,2.238,2026-10-08 09:00:00+00:00,32.0,256.0,NVIDIA RTX PRO Server 6000,1.0,96.0,100 Gigabit,1.0,1900.0,x86_64,2026-10-08,2026-10-08 20:27:06,2.238
us-west-2,gr6.4xlarge,Windows,us-west-2b,0.9941,2026-10-08 09:00:00+00:00,16.0,128.0,NVIDIA L4,1.0,22.3515625,Up to 25 Gigabit,1.0,600.0,x86_64,2026-10-08,2026-10-08 20:27:06,0.9941
us-west-2,gr6f.4xlarge,Linux,us-west-2b,0.4013,2026-10-08 09:00:00+00:00,16.0,128.0,NVIDIA L4,0.0,11.17578125,Up to 25 Gigabit,1.0,450.0,x86_64,2026-10-08,2026-10-08 20:27:06,
us-west-2,gr6f.4xlarge,Windows,us-west-2c,0.9218,2026-10-08 09:00:00+00:00,16.0,128.0,NVIDIA L4,0.0,11.17578125,Up to 25 Gigabit,1.0,450.0,x86_64,2026-10-08,2026-10-08 20:27:06,
us-west-2,inf1.24xlarge,Linux,us-west-2b,1.511,2026-10-08 09:00:00+00:00,96.0,192.0,Inferentia,16.0,128.0,100 Gigabit,1.0,0.0,x86_64,2026-10-08,2026-10-08 20:27:06,0.0944375
us-west-2,inf1.2xlarge,Linux,us-west-2b,0.0773,2026-10-08 09:00:00+00:00,8.0,16.0,Inferentia,1.0,8.0,Up to 25 Gigabit,1.0,0.0,x86_64,2026-10-08,2026-10-08 20:27:06,0.0773
us-west-2,inf1.xlarge,Linux,us-west-2c,0.0475,2026-10-08 09:00:00+00:00,4.0,8.0,Inferentia,1.0,8.0,Up to 25 Gigabit,1.0,0.0,x86_64,2026-10-08,2026-10-08 20:27:06,0.0475
us-west-2,inf1.xlarge,Linux,us-west-2d,0.0438,2026-10-08 09:00:00+00:00,4.0,8.0,Inferentia,1.0,8.0,Up to 25 Gigabit,1.0,0.0,x86_64,2026-10-08,2026-10-08 20:27:06,0.0438
us-west-2,inf2.8xlarge,Linux,us-west-2d,0.5308,2026-10-08 09:00:00+00:00,32.0,128.0,Inferentia2,1.0,32.0,Up to 25 Gigabit,1.0,0.0,x86_64,2026-10-08,2026-10-08 20:27:06,0.5308
us-west-2,inf2.xlarge,Linux,us-west-2a,0.206,2026-10-08 09:00:00+00:00,4.0,16.0,Inferentia2,1.0,32.0,Up to 15 Gigabit,1.0,0.0,x86_64,2026-10-08,2026-10-08 20:27:06,0.206
us-west-2,p3dn.24xlarge,Windows,us-west-2c,7.5372,2026-10-08 09:00:00+00:00,96.0,768.0,NVIDIA V100,8.0,256.0,100 Gigabit,1.0,1800.0,x86_64,2026-10-08,2026-10-08 20:27:06,0.94215
us-west-2,p4d.24xlarge,Linux,us-west-2a,12.799,2026-10-08 09:00:00+00:00,96.0,1152.0,NVIDIA A100,8.0,320.0,4x 100 Gigabit,4.0,8000.0,x86_64,2026-10-08,2026-10-08 20:27:06,1.599875
us-west-2,p5.48xlarge,Linux,us-west-2b,33.574,2026-10-08 09:00:00+00:00,192.0,2048.0,NVIDIA H100,8.0,640.0,3200 Gigabit,32.0,30400.0,x86_64,2026-10-08,2026-10-08 20:27:06,4.19675
us-west-2,p5.4xlarge,Windows,us-west-2a,4.0756,2026-10-08 09:00:00+00:00,16.0,256.0,NVIDIA H100,1.0,80.0,100 Gigabit,1.0,3800.0,x86_64,2026-10-08,2026-10-08 20:27:06,4.0756
us-west-2,p6-b200.48xlarge,Linux,us-west-2a,44.6453,2026-10-08 09:00:00+00:00,192.0,2048.0,NVIDIA B200,8.0,1432.4921875,3200 Gigabit,8.0,30400.0,x86_64,2026-10-08,2026-10-08 20:27:06,5.5806625
us-west-2,trn1n.32xlarge,Linux,us-west-2d,3.6212,2026-10-08 09:00:00+00:00,128.0,512.0,Trainium,16.0,512.0,16x 100 Gigabit,16.0,7600.0,x86_64,2026-10-08,2026-10-08 20:27:06,0.226325
eu-west-1,vt1.3xlarge,Linux,eu-west-1c,0.7341,2026-10-08 09:00:00+00:00,12.0,24.0,,0.0,0.0,3.12 Gigabit,1.0,0.0,x86_64,2026-10-08,2026-10-08 20:27:06,
us-west-2,g7e.4xlarge,Windows,us-west-2b,2.6737,2026-10-08 09:00:00+00:00,16.0,128.0,NVIDIA RTX PRO Server 6000,1.0,96.0,50 Gigabit,1.0,1900.0,x86_64,2026-10-08,2026-10-08 20:27:06,2.6737
us-west-2,g7e.48xlarge,Linux,us-west-2a,33.1443,2026-10-08 09:00:00+00:00,192.0,2048.0,NVIDIA RTX PRO Server 6000,8.0,768.0,1600 Gigabit,4.0,15200.0,x86_64,2026-10-08,2026-10-08 20:27:06,4.1430375
eu-central-1,inf1.6xlarge,Linux,eu-central-1b,0.4085,2026-10-08 09:00:00+00:00,24.0,48.0,Inferentia,4.0,32.0,25 Gigabit,1.0,0.0,x86_64,2026-10-08,2026-10-08 20:27:06,0.102125
us-west-2,g7e.48xlarge,Linux,us-west-2b,33.1443,2026-10-08 09:00:00+00:00,192.0,2048.0,NVIDIA RTX PRO Server 6000,8.0,768.0,1600 Gigabit,4.0,15200.0,x86_64,2026-10-08,2026-10-08 20:27:06,4.1430375
eu-central-1,inf1.xlarge,Linux,eu-central-1c,0.0884,2026-10-08 09:00:00+00:00,4.0,8.0,Inferentia,1.0,8.0,Up to 25 Gigabit,1.0,0.0,x86_64,2026-10-08,2026-10-08 20:27:06,0.0884
eu-central-1,inf1.xlarge,Linux,eu-central-1b,0.0895,2026-10-08 09:00:00+00:00,4.0,8.0,Inferentia,1.0,8.0,Up to 25 Gigabit,1.0,0.0,x86_64,2026-10-08,2026-10-08 20:27:06,0.0895
us-west-2,g6e.8xlarge,Linux,us-west-2d,1.7065,2026-10-08 09:00:00+00:00,32.0,256.0,NVIDIA L40S,1.0,44.703125,25 Gigabit,1.0,900.0,x86_64,2026-10-08,2026-10-08 20:27:06,1.7065
us-west-2,g6e.8xlarge,Windows,us-west-2b,2.1177,2026-10-08 09:00:00+00:00,32.0,256.0,NVIDIA L40S,1.0,44.703125,25 Gigabit,1.0,900.0,x86_64,2026-10-08,2026-10-08 20:27:06,2.1177
us-west-2,g6e.xlarge,Windows,us-west-2b,0.5188,2026-10-08 09:00:00+00:00,4.0,32.0,NVIDIA L40S,1.0,44.703125,Up to 20 Gigabit,1.0,250.0,x86_64,2026-10-08,2026-10-08 20:27:06,0.5188
us-west-2,g6f.2xlarge,Windows,us-west-2a,0.4196,2026-10-08 09:00:00+00:00,8.0,32.0,NVIDIA L4,0.0,5.587890625,Up to 10 Gigabit,1.0,200.0,x86_64,2026-10-08,2026-10-08 20:27:06,
us-west-2,g6e.12xlarge,Windows,us-west-2c,3.4044,2026-10-08 09:00:00+00:00,48.0,384.0,NVIDIA L40S,4.0,178.8125,100 Gigabit,1.0,3800.0,x86_64,2026-10-08,2026-10-08 20:27:06,0.8511
us-west-2,g6f.4xlarge,Linux,us-west-2a,0.493,2026-10-08 09:00:00+00:00,16.0,64.0,NVIDIA L4,0.0,11.17578125,Up to 25 Gigabit,1.0,450.0,x86_64,2026-10-08,2026-10-08 20:27:06,
us-west-2,g7.12xlarge,Windows,us-west-2a,3.1966,2026-10-08 09:00:00+00:00,48.0,192.0,NVIDIA RTX PRO 4500,2.0,64.0,175 Gigabit,1.0,1900.0,x86_64,2026-10-08,2026-10-08 20:27:06,1.5983
us-west-2,g7.12xlarge,Windows,us-west-2d,2.9208,2026-10-08 09:00:00+00:00,48.0,192.0,NVIDIA RTX PRO 4500,2.0,64.0,175 Gigabit,1.0,1900.0,x86_64,2026-10-08,2026-10-08 20:27:06,1.4604
us-west-2,g7.24xlarge,Windows,us-west-2b,6.3933,2026-10-08 09:00:00+00:00,96.0,384.0,NVIDIA RTX PRO 4500,4.0,128.0,350 Gigabit,1.0,3800.0,x86_64,2026-10-08,2026-10-08 20:27:06,1.598325
us-west-2,g7.24xlarge,Windows,us-west-2c,6.3969,2026-10-08 09:00:00+00:00,96.0,384.0,NVIDIA RTX PRO 4500,4.0,128.0,350 Gigabit,1.0,3800.0,x86_64,2026-10-08,2026-10-08 20:27:06,1.599225
us-west-2,g7.48xlarge,Linux,us-west-2a,8.36,2026-10-08 09:00:00+00:00,192.0,768.0,NVIDIA RTX PRO 4500,8.0,256.0,700 Gigabit,2.0,7600.0,x86_64,2026-10-08,2026-10-08 20:27:06,1.045
us-west-2,g7.48xlarge,Linux,us-west-2d,4.6562,2026-10-08 09:00:00+00:00,192.0,768.0,NVIDIA RTX PRO 4500,8.0,256.0,700 Gigabit,2.0,7600.0,x86_64,2026-10-08,2026-10-08 20:27:06,0.582025
us-west-2,g7.4xlarge,Linux,us-west-2b,0.9772,2026-10-08 09:00:00+00:00,16.0,64.0,NVIDIA RTX PRO 4500,1.0,32.0,Up to 100 Gigabit,1.0,875.0,x86_64,2026-10-08,2026-10-08 20:27:06,0.9772
us-west-2,g7.4xlarge,Linux,us-west-2d,0.6974,2026-10-08 09:00:00+00:00,16.0,64.0,NVIDIA RTX PRO 4500,1.0,32.0,Up to 100 Gigabit,1.0,875.0,x86_64,2026-10-08,2026-10-08 20:27:06,0.6974
us-west-2,g7.8xlarge,Linux,us-west-2a,1.2089,2026-10-08 09:00:00+00:00,32.0,128.0,NVIDIA RTX PRO 4500,1.0,32.0,100 Gigabit,1.0,930.0,x86_64,2026-10-08,2026-10-08 20:27:06,1.2089
us-west-2,g7e.12xlarge,Linux,us-west-2b,8.2861,2026-10-08 09:00:00+00:00,48.0,512.0,NVIDIA RTX PRO Server 6000,2.0,192.0,400 Gigabit,1.0,3800.0,x86_64,2026-10-08,2026-10-08 20:27:06,4.14305
us-west-2,g7e.2xlarge,Windows,us-west-2b,1.272,2026-10-08 09:00:00+00:00,8.0,64.0,NVIDIA RTX PRO Server 6000,1.0,96.0,50 Gigabit,1.0,1900.0,x86_64,2026-10-08,2026-10-08 20:27:06,1.272
eu-north-1,g4dn.4xlarge,Linux,eu-north-1b,0.3226,2026-10-08 09:00:00+00:00,16.0,64.0,NVIDIA T4,1.0,16.0,Up to 25 Gigabit,1.0,225.0,x86_64,2026-10-08,2026-10-08 20:27:06,0.3226
eu-north-1,g4dn.8xlarge,Windows,eu-north-1b,1.7028,2026-10-08 09:00:00+00:00,32.0,128.0,NVIDIA T4,1.0,16.0,50 Gigabit,1.0,900.0,x86_64,2026-10-08,2026-10-08 20:27:06,1.7028
eu-west-1,inf2.24xlarge,Linux,eu-west-1b,1.912,2026-10-08 09:00:00+00:00,96.0,384.0,Inferentia2,6.0,192.0,50 Gigabit,1.0,0.0,x86_64,2026-10-08,2026-10-08 20:27:06,0.31866666666666665
ap-southeast-1,g4dn.metal,Windows,ap-southeast-1c,5.5108,2026-10-08 09:00:00+00:00,96.0,384.0,NVIDIA T4,8.0,128.0,100 Gigabit,1.0,1800.0,x86_64,2026-10-08,2026-10-08 20:27:06,0.68885
ap-southeast-1,g5g.16xlarge,Linux,ap-southeast-1a,0.6438,2026-10-08 09:00:00+00:00,64.0,128.0,NVIDIA T4g,2.0,32.0,25 Gigabit,1.0,0.0,arm64,2026-10-08,2026-10-08 20:27:06,0.3219
ap-southeast-1,g5g.2xlarge,Linux,ap-southeast-1b,0.3332,2026-10-08 09:00:00+00:00,8.0,16.0,NVIDIA T4g,1.0,16.0,Up to 10 Gigabit,1.0,0.0,arm64,2026-10-08,2026-10-08 20:27:06,0.3332
ap-southeast-1,g5g.8xlarge,Linux,ap-southeast-1a,0.694,2026-10-08 09:00:00+00:00,32.0,64.0,NVIDIA T4g,1.0,16.0,12 Gigabit,1.0,0.0,arm64,2026-10-08,2026-10-08 20:27:06,0.694
ap-southeast-1,g5g.xlarge,Linux,ap-southeast-1b,0.2159,2026-10-08 09:00:00+00:00,4.0,8.0,NVIDIA T4g,1.0,16.0,Up to 10 Gigabit,1.0,0.0,arm64,2026-10-08,2026-10-08 20:27:06,0.2159
ap-southeast-1,inf1.24xlarge,Linux,ap-southeast-1b,6.376,2026-10-08 09:00:00+00:00,96.0,192.0,Inferentia,16.0,128.0,100 Gigabit,1.0,0.0,x86_64,2026-10-08,2026-10-08 20:27:06,0.3985
ap-southeast-1,inf1.6xlarge,Linux,ap-southeast-1c,0.2671,2026-10-08 09:00:00+00:00,24.0,48.0,Inferentia,4.0,32.0,25 Gigabit,1.0,0.0,x86_64,2026-10-08,2026-10-08 20:27:06,0.066775
ap-southeast-1,inf1.xlarge,Linux,ap-southeast-1b,0.0745,2026-10-08 09:00:00+00:00,4.0,8.0,Inferentia,1.0,8.0,Up to 25 Gigabit,1.0,0.0,x86_64,2026-10-08,2026-10-08 20:27:06,0.0745
ap-southeast-1,inf2.48xlarge,Linux,ap-southeast-1a,6.8213,2026-10-08 09:00:00+00:00,192.0,768.0,Inferentia2,12.0,384.0,100 Gigabit,1.0,0.0,x86_64,2026-10-08,2026-10-08 20:27:06,0.5684416666666666
eu-north-1,p6-b200.48xlarge,Linux,eu-north-1b,16.9336,2026-10-08 09:00:00+00:00,192.0,2048.0,NVIDIA B200,8.0,1432.4921875,3200 Gigabit,8.0,30400.0,x86_64,2026-10-08,2026-10-08 20:27:06,2.1167
eu-north-1,p5en.48xlarge,Linux,eu-north-1c,58.5708,2026-10-08 09:00:00+00:00,192.0,2048.0,NVIDIA H200,8.0,1128.0,3200 Gigabit,16.0,30400.0,x86_64,2026-10-08,2026-10-08 20:27:06,7.32135
eu-north-1,gr6.4xlarge,Linux,eu-north-1a,0.2824,2026-10-08 09:00:00+00:00,16.0,128.0,NVIDIA L4,1.0,22.3515625,Up to 25 Gigabit,1.0,600.0,x86_64,2026-10-08,2026-10-08 20:27:06,0.2824
eu-north-1,g7e.4xlarge,Windows,eu-north-1c,5.7239,2026-10-08 09:00:00+00:00,16.0,128.0,NVIDIA RTX PRO Server 6000,1.0,96.0,50 Gigabit,1.0,1900.0,x86_64,2026-10-08,2026-10-08 20:27:06,5.7239
eu-north-1,g7e.4xlarge,Windows,eu-north-1a,1.3128,2026-10-08 09:00:00+00:00,16.0,128.0,NVIDIA RTX PRO Server 6000,1.0,96.0,50 Gigabit,1.0,1900.0,x86_64,2026-10-08,2026-10-08 20:27:06,1.3128
eu-north-1,g7e.2xlarge,Linux,eu-north-1a,1.9692,2026-10-08 09:00:00+00:00,8.0,64.0,NVIDIA RTX PRO Server 6000,1.0,96.0,50 Gigabit,1.0,1900.0,x86_64,2026-10-08,2026-10-08 20:27:06,1.9692
eu-north-1,g7e.12xlarge,Linux,eu-north-1a,8.6385,2026-10-08 09:00:00+00:00,48.0,512.0,NVIDIA RTX PRO Server 6000,2.0,192.0,400 Gigabit,1.0,3800.0,x86_64,2026-10-08,2026-10-08 20:27:06,4.31925
eu-north-1,g6e.8xlarge,Windows,eu-north-1b,2.1394,2026-10-08 09:00:00+00:00,32.0,256.0,NVIDIA L40S,1.0,44.703125,25 Gigabit,1.0,900.0,x86_64,2026-10-08,2026-10-08 20:27:06,2.1394
eu-north-1,g6e.4xlarge,Linux,eu-north-1b,1.2554,2026-10-08 09:00:00+00:00,16.0,128.0,NVIDIA L40S,1.0,44.703125,20 Gigabit,1.0,600.0,x86_64,2026-10-08,2026-10-08 20:27:06,1.2554
eu-north-1,g6e.24xlarge,Windows,eu-north-1b,18.236,2026-10-08 09:00:00+00:00,96.0,768.0,NVIDIA L40S,4.0,178.8125,200 Gigabit,2.0,3800.0,x86_64,2026-10-08,2026-10-08 20:27:06,4.559
eu-north-1,g6e.24xlarge,Windows,eu-north-1a,18.236,2026-10-08 09:00:00+00:00,96.0,768.0,NVIDIA L40S,4.0,178.8125,200 Gigabit,2.0,3800.0,x86_64,2026-10-08,2026-10-08 20:27:06,4.559
ap-southeast-1,g4dn.xlarge,Windows,ap-southeast-1a,0.3115,2026-10-08 09:00:00+00:00,4.0,16.0,NVIDIA T4,1.0,16.0,Up to 25 Gigabit,1.0,125.0,x86_64,2026-10-08,2026-10-08 20:27:06,0.3115
ap-southeast-1,g4dn.metal,Linux,ap-southeast-1a,3.4544,2026-10-08 09:00:00+00:00,96.0,384.0,NVIDIA T4,8.0,128.0,100 Gigabit,1.0,1800.0,x86_64,2026-10-08,2026-10-08 20:27:06,0.4318
eu-north-1,g6e.12xlarge,Windows,eu-north-1b,6.8708,2026-10-08 09:00:00+00:00,48.0,384.0,NVIDIA L40S,4.0,178.8125,100 Gigabit,1.0,3800.0,x86_64,2026-10-08,2026-10-08 20:27:06,1.7177
ap-southeast-1,g4dn.8xlarge,Windows,ap-southeast-1b,1.9677,2026-10-08 09:00:00+00:00,32.0,128.0,NVIDIA T4,1.0,16.0,50 Gigabit,1.0,900.0,x86_64,2026-10-08,2026-10-08 20:27:06,1.9677
us-west-2,g6e.2xlarge,Windows,us-west-2b,0.9964,2026-10-08 09:00:00+00:00,8.0,64.0,NVIDIA L40S,1.0,44.703125,Up to 20 Gigabit,1.0,450.0,x86_64,2026-10-08,2026-10-08 20:27:06,0.9964
us-west-2,g6e.48xlarge,Windows,us-west-2a,21.8104,2026-10-08 09:00:00+00:00,192.0,1536.0,NVIDIA L40S,8.0,357.625,400 Gigabit,4.0,7600.0,x86_64,2026-10-08,2026-10-08 20:27:06,2.7263
us-west-2,g6e.4xlarge,Linux,us-west-2a,2.4606,2026-10-08 09:00:00+00:00,16.0,128.0,NVIDIA L40S,1.0,44.703125,20 Gigabit,1.0,600.0,x86_64,2026-10-08,2026-10-08 20:27:06,2.4606
us-west-2,g6e.8xlarge,Linux,us-west-2a,2.7317,2026-10-08 09:00:00+00:00,32.0,256.0,NVIDIA L40S,1.0,44.703125,25 Gigabit,1.0,900.0,x86_64,2026-10-08,2026-10-08 20:27:06,2.7317
us-west-2,g6e.12xlarge,Windows,us-west-2a,6.0156,2026-10-08 09:00:00+00:00,48.0,384.0,NVIDIA L40S,4.0,178.8125,100 Gigabit,1.0,3800.0,x86_64,2026-10-08,2026-10-08 20:27:06,1.5039
us-west-2,g6.xlarge,Windows,us-west-2c,0.2693,2026-10-08 09:00:00+00:00,4.0,16.0,NVIDIA L4,1.0,22.3515625,Up to 10 Gigabit,1.0,250.0,x86_64,2026-10-08,2026-10-08 20:27:06,0.2693
us-west-2,g6.xlarge,Windows,us-west-2a,0.3507,2026-10-08 09:00:00+00:00,4.0,16.0,NVIDIA L4,1.0,22.3515625,Up to 10 Gigabit,1.0,250.0,x86_64,2026-10-08,2026-10-08 20:27:06,0.3507
us-west-2,g6.4xlarge,Linux,us-west-2a,0.7259,2026-10-08 09:00:00+00:00,16.0,64.0,NVIDIA L4,1.0,22.3515625,Up to 25 Gigabit,1.0,600.0,x86_64,2026-10-08,2026-10-08 20:27:06,0.7259
us-west-2,g6.48xlarge,Linux,us-west-2d,7.2044,2026-10-08 09:00:00+00:00,192.0,768.0,NVIDIA L4,8.0,178.8125,100 Gigabit,1.0,7520.0,x86_64,2026-10-08,2026-10-08 20:27:06,0.90055
us-west-2,g6.2xlarge,Windows,us-west-2d,0.4816,2026-10-08 09:00:00+00:00,8.0,32.0,NVIDIA L4,1.0,22.3515625,Up to 10 Gigabit,1.0,450.0,x86_64,2026-10-08,2026-10-08 20:27:06,0.4816
ap-southeast-1,g4dn.12xlarge,Linux,ap-southeast-1b,2.0264,2026-10-08 09:00:00+00:00,48.0,192.0,NVIDIA T4,4.0,64.0,50 Gigabit,1.0,900.0,x86_64,2026-10-08,2026-10-08 20:27:06,0.5066
ap-southeast-1,g4dn.12xlarge,Linux,ap-southeast-1c,1.8036,2026-10-08 09:00:00+00:00,48.0,192.0,NVIDIA T4,4.0,64.0,50 Gigabit,1.0,900.0,x86_64,2026-10-08,2026-10-08 20:27:06,0.4509
ap-southeast-1,g4dn.16xlarge,Linux,ap-southeast-1c,1.2914,2026-10-08 09:00:00+00:00,64.0,256.0,NVIDIA T4,1.0,16.0,50 Gigabit,1.0,900.0,x86_64,2026-10-08,2026-10-08 20:27:06,1.2914
ap-southeast-1,g4dn.2xlarge,Windows,ap-southeast-1b,0.5469,2026-10-08 09:00:00+00:00,8.0,32.0,NVIDIA T4,1.0,16.0,Up to 25 Gigabit,1.0,225.0,x86_64,2026-10-08,2026-10-08 20:27:06,0.5469
ap-southeast-1,g4dn.2xlarge,Windows,ap-southeast-1a,0.5458,2026-10-08 09:00:00+00:00,8.0,32.0,NVIDIA T4,1.0,16.0,Up to 25 Gigabit,1.0,225.0,x86_64,2026-10-08,2026-10-08 20:27:06,0.5458
ap-southeast-1,g4dn.4xlarge,Linux,ap-southeast-1a,0.6677,2026-10-08 09:00:00+00:00,16.0,64.0,NVIDIA T4,1.0,16.0,Up to 25 Gigabit,1.0,225.0,x86_64,2026-10-08,2026-10-08 20:27:06,0.6677
ap-southeast-1,g4dn.4xlarge,Windows,ap-southeast-1b,1.0115,2026-10-08 09:00:00+00:00,16.0,64.0,NVIDIA T4,1.0,16.0,Up to 25 Gigabit,1.0,225.0,x86_64,2026-10-08,2026-10-08 20:27:06,1.0115
ap-southeast-1,g4dn.4xlarge,Windows,ap-southeast-1a,0.9045,2026-10-08 09:00:00+00:00,16.0,64.0,NVIDIA T4,1.0,16.0,Up to 25 Gigabit,1.0,225.0,x86_64,2026-10-08,2026-10-08 20:27:06,0.9045
ap-southeast-1,g4dn.8xlarge,Linux,ap-southeast-1b,1.041,2026-10-08 09:00:00+00:00,32.0,128.0,NVIDIA T4,1.0,16.0,50 Gigabit,1.0,900.0,x86_64,2026-10-08,2026-10-08 20:27:06,1.041
eu-north-1,g6e.24xlarge,Linux,eu-north-1b,4.6208,2026-10-08 09:00:00+00:00,96.0,768.0,NVIDIA L40S,4.0,178.8125,200 Gigabit,2.0,3800.0,x86_64,2026-10-08,2026-10-08 20:27:06,1.1552
us-west-2,g6.2xlarge,Windows,us-west-2a,0.505,2026-10-08 09:00:00+00:00,8.0,32.0,NVIDIA L4,1.0,22.3515625,Up to 10 Gigabit,1.0,450.0,x86_64,2026-10-08,2026-10-08 20:27:06,0.505
eu-north-1,g4dn.metal,Linux,eu-north-1a,3.0573,2026-10-08 09:00:00+00:00,96.0,384.0,NVIDIA T4,8.0,128.0,100 Gigabit,1.0,1800.0,x86_64,2026-10-08,2026-10-08 20:27:06,0.3821625
us-west-2,g4dn.8xlarge,Windows,us-west-2c,1.7749,2026-10-08 09:00:00+00:00,32.0,128.0,NVIDIA T4,1.0,16.0,50 Gigabit,1.0,900.0,x86_64,2026-10-08,2026-10-08 20:27:06,1.7749
us-west-2,g4dn.4xlarge,Windows,us-west-2a,0.8564,2026-10-08 09:00:00+00:00,16.0,64.0,NVIDIA T4,1.0,16.0,Up to 25 Gigabit,1.0,225.0,x86_64,2026-10-08,2026-10-08 20:27:06,0.8564
us-west-2,g4dn.2xlarge,Linux,us-west-2c,0.3308,2026-10-08 09:00:00+00:00,8.0,32.0,NVIDIA T4,1.0,16.0,Up to 25 Gigabit,1.0,225.0,x86_64,2026-10-08,2026-10-08 20:27:06,0.3308
us-west-2,g4dn.2xlarge,Linux,us-west-2a,0.3042,2026-10-08 09:00:00+00:00,8.0,32.0,NVIDIA T4,1.0,16.0,Up to 25 Gigabit,1.0,225.0,x86_64,2026-10-08,2026-10-08 20:27:06,0.3042
us-west-2,g4dn.12xlarge,Windows,us-west-2c,2.7507,2026-10-08 09:00:00+00:00,48.0,192.0,NVIDIA T4,4.0,64.0,50 Gigabit,1.0,900.0,x86_64,2026-10-08,2026-10-08 20:27:06,0.687675
us-west-2,g4dn.12xlarge,Linux,us-west-2a,1.5634,2026-10-08 09:00:00+00:00,48.0,192.0,NVIDIA T4,4.0,64.0,50 Gigabit,1.0,900.0,x86_64,2026-10-08,2026-10-08 20:27:06,0.39085
ap-south-1,g4dn.4xlarge,Linux,ap-south-1b,0.4719,2026-10-08 09:00:00+00:00,16.0,64.0,NVIDIA T4,1.0,16.0,Up to 25 Gigabit,1.0,225.0,x86_64,2026-10-08,2026-10-08 20:27:06,0.4719
eu-north-1,g6.xlarge,Linux,eu-north-1a,0.1877,2026-10-08 09:00:00+00:00,4.0,16.0,NVIDIA L4,1.0,22.3515625,Up to 10 Gigabit,1.0,250.0,x86_64,2026-10-08,2026-10-08 20:27:06,0.1877
eu-north-1,g6.8xlarge,Windows,eu-north-1a,1.6857,2026-10-08 09:00:00+00:00,32.0,128.0,NVIDIA L4,1.0,22.3515625,25 Gigabit,1.0,900.0,x86_64,2026-10-08,2026-10-08 20:27:06,1.6857
eu-north-1,g6.4xlarge,Linux,eu-north-1b,0.2718,2026-10-08 09:00:00+00:00,16.0,64.0,NVIDIA L4,1.0,22.3515625,Up to 25 Gigabit,1.0,600.0,x86_64,2026-10-08,2026-10-08 20:27:06,0.2718
eu-north-1,g6.48xlarge,Windows,eu-north-1b,10.7503,2026-10-08 09:00:00+00:00,192.0,768.0,NVIDIA L4,8.0,178.8125,100 Gigabit,1.0,7520.0,x86_64,2026-10-08,2026-10-08 20:27:06,1.3437875
eu-north-1,g6.2xlarge,Windows,eu-north-1a,0.4717,2026-10-08 09:00:00+00:00,8.0,32.0,NVIDIA L4,1.0,22.3515625,Up to 10 Gigabit,1.0,450.0,x86_64,2026-10-08,2026-10-08 20:27:06,0.4717
eu-north-1,g5.24xlarge,Linux,eu-north-1b,2.3093,2026-10-08 09:00:00+00:00,96.0,384.0,NVIDIA A10G,4.0,89.40625,50 Gigabit,1.0,3800.0,x86_64,2026-10-08,2026-10-08 20:27:06,0.577325
eu-north-1,g5.16xlarge,Windows,eu-north-1b,3.3784,2026-10-08 09:00:00+00:00,64.0,256.0,NVIDIA A10G,1.0,22.3515625,25 Gigabit,1.0,1900.0,x86_64,2026-10-08,2026-10-08 20:27:06,3.3784
eu-north-1,g5.16xlarge,Linux,eu-north-1b,0.7357,2026-10-08 09:00:00+00:00,64.0,256.0,NVIDIA A10G,1.0,22.3515625,25 Gigabit,1.0,1900.0,x86_64,2026-10-08,2026-10-08 20:27:06,0.7357
eu-north-1,g5.12xlarge,Linux,eu-north-1c,1.6184,2026-10-08 09:00:00+00:00,48.0,192.0,NVIDIA A10G,4.0,89.40625,40 Gigabit,1.0,3800.0,x86_64,2026-10-08,2026-10-08 20:27:06,0.4046
eu-north-1,g4dn.xlarge,Windows,eu-north-1c,0.2398,2026-10-08 09:00:00+00:00,4.0,16.0,NVIDIA T4,1.0,16.0,Up to 25 Gigabit,1.0,125.0,x86_64,2026-10-08,2026-10-08 20:27:06,0.2398
eu-north-1,g4dn.metal,Windows,eu-north-1c,6.1948,2026-10-08 09:00:00+00:00,96.0,384.0,NVIDIA T4,8.0,128.0,100 Gigabit,1.0,1800.0,x86_64,2026-10-08,2026-10-08 20:27:06,0.77435
eu-north-1,g4dn.metal,Windows,eu-north-1b,5.246,2026-10-08 09:00:00+00:00,96.0,384.0,NVIDIA T4,8.0,128.0,100 Gigabit,1.0,1800.0,x86_64,2026-10-08,2026-10-08 20:27:06,0.65575
eu-north-1,g4dn.metal,Linux,eu-north-1c,1.788,2026-10-08 09:00:00+00:00,96.0,384.0,NVIDIA T4,8.0,128.0,100 Gigabit,1.0,1800.0,x86_64,2026-10-08,2026-10-08 20:27:06,0.2235
us-west-2,g4dn.8xlarge,Windows,us-west-2b,1.7749,2026-10-08 09:00:00+00:00,32.0,128.0,NVIDIA T4,1.0,16.0,50 Gigabit,1.0,900.0,x86_64,2026-10-08,2026-10-08 20:27:06,1.7749
us-west-2,g4dn.metal,Linux,us-west-2c,5.2512,2026-10-08 09:00:00+00:00,96.0,384.0,NVIDIA T4,8.0,128.0,100 Gigabit,1.0,1800.0,x86_64,2026-10-08,2026-10-08 20:27:06,0.6564
us-west-2,g6.2xlarge,Linux,us-west-2a,0.8379,2026-10-08 09:00:00+00:00,8.0,32.0,NVIDIA L4,1.0,22.3515625,Up to 10 Gigabit,1.0,450.0,x86_64,2026-10-08,2026-10-08 20:27:06,0.8379
us-west-2,g4dn.xlarge,Windows,us-west-2b,0.2579,2026-10-08 09:00:00+00:00,4.0,16.0,NVIDIA T4,1.0,16.0,Up to 25 Gigabit,1.0,125.0,x86_64,2026-10-08,2026-10-08 20:27:06,0.2579
us-west-2,g6.2xlarge,Linux,us-west-2b,0.83,2026-10-08 09:00:00+00:00,8.0,32.0,NVIDIA L4,1.0,22.3515625,Up to 10 Gigabit,1.0,450.0,x86_64,2026-10-08,2026-10-08 20:27:06,0.83
us-west-2,g6.24xlarge,Windows,us-west-2d,6.2563,2026-10-08 09:00:00+00:00,96.0,384.0,NVIDIA L4,4.0,89.40625,50 Gigabit,1.0,3760.0,x86_64,2026-10-08,2026-10-08 20:27:06,1.564075
us-west-2,g6.24xlarge,Linux,us-west-2c,2.9952,2026-10-08 09:00:00+00:00,96.0,384.0,NVIDIA L4,4.0,89.40625,50 Gigabit,1.0,3760.0,x86_64,2026-10-08,2026-10-08 20:27:06,0.7488
us-west-2,g6.24xlarge,Linux,us-west-2a,3.6526,2026-10-08 09:00:00+00:00,96.0,384.0,NVIDIA L4,4.0,89.40625,50 Gigabit,1.0,3760.0,x86_64,2026-10-08,2026-10-08 20:27:06,0.91315
us-west-2,g6.16xlarge,Windows,us-west-2c,3.4182,2026-10-08 09:00:00+00:00,64.0,256.0,NVIDIA L4,1.0,22.3515625,25 Gigabit,1.0,1880.0,x86_64,2026-10-08,2026-10-08 20:27:06,3.4182
us-west-2,g6.16xlarge,Linux,us-west-2d,1.3758,2026-10-08 09:00:00+00:00,64.0,256.0,NVIDIA L4,1.0,22.3515625,25 Gigabit,1.0,1880.0,x86_64,2026-10-08,2026-10-08 20:27:06,1.3758
us-west-2,g6.16xlarge,Linux,us-west-2b,1.4476,2026-10-08 09:00:00+00:00,64.0,256.0,NVIDIA L4,1.0,22.3515625,25 Gigabit,1.0,1880.0,x86_64,2026-10-08,2026-10-08 20:27:06,1.4476
us-west-2,g6.12xlarge,Windows,us-west-2b,2.991,2026-10-08 09:00:00+00:00,48.0,192.0,NVIDIA L4,4.0,89.40625,40 Gigabit,1.0,3760.0,x86_64,2026-10-08,2026-10-08 20:27:06,0.74775
us-west-2,g5g.8xlarge,Linux,us-west-2b,0.409,2026-10-08 09:00:00+00:00,32.0,64.0,NVIDIA T4g,1.0,16.0,12 Gigabit,1.0,0.0,arm64,2026-10-08,2026-10-08 20:27:06,0.409
us-west-2,g5g.2xlarge,Linux,us-west-2b,0.2792,2026-10-08 09:00:00+00:00,8.0,16.0,NVIDIA T4g,1.0,16.0,Up to 10 Gigabit,1.0,0.0,arm64,2026-10-08,2026-10-08 20:27:06,0.2792
us-west-2,g5g.16xlarge,Linux,us-west-2b,0.8606,2026-10-08 09:00:00+00:00,64.0,128.0,NVIDIA T4g,2.0,32.0,25 Gigabit,1.0,0.0,arm64,2026-10-08,2026-10-08 20:27:06,0.4303
us-west-2,g5.xlarge,Linux,us-west-2c,0.4947,2026-10-08 09:00:00+00:00,4.0,16.0,NVIDIA A10G,1.0,22.3515625,Up to 10 Gigabit,1.0,250.0,x86_64,2026-10-08,2026-10-08 20:27:06,0.4947
us-west-2,g5.48xlarge,Windows,us-west-2a,13.4494,2026-10-08 09:00:00+00:00,192.0,768.0,NVIDIA A10G,8.0,178.8125,100 Gigabit,1.0,7600.0,x86_64,2026-10-08,2026-10-08 20:27:06,1.681175
us-west-2,g5.2xlarge,Linux,us-west-2a,0.4546,2026-10-08 09:00:00+00:00,8.0,32.0,NVIDIA A10G,1.0,22.3515625,Up to 10 Gigabit,1.0,450.0,x86_64,2026-10-08,2026-10-08 20:27:06,0.4546
us-west-2,g5.16xlarge,Windows,us-west-2a,3.5124,2026-10-08 09:00:00+00:00,64.0,256.0,NVIDIA A10G,1.0,22.3515625,25 Gigabit,1.0,1900.0,x86_64,2026-10-08,2026-10-08 20:27:06,3.5124
us-west-2,g5.16xlarge,Windows,us-west-2b,3.5128,2026-10-08 09:00:00+00:00,64.0,256.0,NVIDIA A10G,1.0,22.3515625,25 Gigabit,1.0,1900.0,x86_64,2026-10-08,2026-10-08 20:27:06,3.5128
us-west-2,g5.16xlarge,Linux,us-west-2b,1.2697,2026-10-08 09:00:00+00:00,64.0,256.0,NVIDIA A10G,1.0,22.3515625,25 Gigabit,1.0,1900.0,x86_64,2026-10-08,2026-10-08 20:27:06,1.2697
us-west-2,g5.12xlarge,Linux,us-west-2a,3.7504,2026-10-08 09:00:00+00:00,48.0,192.0,NVIDIA A10G,4.0,89.40625,40 Gigabit,1.0,3800.0,x86_64,2026-10-08,2026-10-08 20:27:06,0.9376
us-west-2,g5.12xlarge,Linux,us-west-2b,3.9681,2026-10-08 09:00:00+00:00,48.0,192.0,NVIDIA A10G,4.0,89.40625,40 Gigabit,1.0,3800.0,x86_64,2026-10-08,2026-10-08 20:27:06,0.992025
eu-west-1,inf2.8xlarge,Linux,eu-west-1a,0.7609,2026-10-08 09:00:00+00:00,32.0,128.0,Inferentia2,1.0,32.0,Up to 25 Gigabit,1.0,0.0,x86_64,2026-10-08,2026-10-08 20:27:06,0.7609
us-west-2,g6e.2xlarge,Linux,us-west-2d,2.1346,2026-10-08 09:00:00+00:00,8.0,64.0,NVIDIA L40S,1.0,44.703125,Up to 20 Gigabit,1.0,450.0,x86_64,2026-10-08,2026-10-08 20:27:06,2.1346
eu-west-1,g5.8xlarge,Windows,eu-west-1a,1.7453,2026-10-08 09:00:00+00:00,32.0,128.0,NVIDIA A10G,1.0,22.3515625,25 Gigabit,1.0,900.0,x86_64,2026-10-08,2026-10-08 20:27:06,1.7453
eu-west-2,g7e.8xlarge,Linux,eu-west-2c,3.2214,2026-10-08 09:00:00+00:00,32.0,256.0,NVIDIA RTX PRO Server 6000,1.0,96.0,100 Gigabit,1.0,1900.0,x86_64,2026-10-08,2026-10-08 20:27:06,3.2214
ap-southeast-2,g4dn.12xlarge,Windows,ap-southeast-2c,2.7167,2026-10-08 09:00:00+00:00,48.0,192.0,NVIDIA T4,4.0,64.0,50 Gigabit,1.0,900.0,x86_64,2026-10-08,2026-10-08 20:27:06,0.679175
eu-west-2,inf1.6xlarge,Linux,eu-west-2b,0.1691,2026-10-08 09:00:00+00:00,24.0,48.0,Inferentia,4.0,32.0,25 Gigabit,1.0,0.0,x86_64,2026-10-08,2026-10-08 20:27:06,0.042275
eu-west-2,inf1.2xlarge,Linux,eu-west-2a,0.0818,2026-10-08 09:00:00+00:00,8.0,16.0,Inferentia,1.0,8.0,Up to 25 Gigabit,1.0,0.0,x86_64,2026-10-08,2026-10-08 20:27:06,0.0818
eu-west-2,inf1.24xlarge,Linux,eu-west-2b,0.6204,2026-10-08 09:00:00+00:00,96.0,192.0,Inferentia,16.0,128.0,100 Gigabit,1.0,0.0,x86_64,2026-10-08,2026-10-08 20:27:06,0.038775
eu-west-2,gr6.8xlarge,Linux,eu-west-2b,0.7164,2026-10-08 09:00:00+00:00,32.0,256.0,NVIDIA L4,1.0,22.3515625,25 Gigabit,1.0,900.0,x86_64,2026-10-08,2026-10-08 20:27:06,0.7164
eu-west-2,g7e.8xlarge,Windows,eu-west-2c,2.5225,2026-10-08 09:00:00+00:00,32.0,256.0,NVIDIA RTX PRO Server 6000,1.0,96.0,100 Gigabit,1.0,1900.0,x86_64,2026-10-08,2026-10-08 20:27:06,2.5225
eu-west-2,g7e.4xlarge,Windows,eu-west-2a,2.282,2026-10-08 09:00:00+00:00,16.0,128.0,NVIDIA RTX PRO Server 6000,1.0,96.0,50 Gigabit,1.0,1900.0,x86_64,2026-10-08,2026-10-08 20:27:06,2.282
eu-west-2,g5.xlarge,Linux,eu-west-2b,0.6175,2026-10-08 09:00:00+00:00,4.0,16.0,NVIDIA A10G,1.0,22.3515625,Up to 10 Gigabit,1.0,250.0,x86_64,2026-10-08,2026-10-08 20:27:06,0.6175
eu-west-2,g7e.12xlarge,Linux,eu-west-2a,5.3707,2026-10-08 09:00:00+00:00,48.0,512.0,NVIDIA RTX PRO Server 6000,2.0,192.0,400 Gigabit,1.0,3800.0,x86_64,2026-10-08,2026-10-08 20:27:06,2.68535
eu-west-2,g6f.xlarge,Linux,eu-west-2a,0.0948,2026-10-08 09:00:00+00:00,4.0,16.0,NVIDIA L4,0.0,2.7939453125,Up to 10 Gigabit,1.0,100.0,x86_64,2026-10-08,2026-10-08 20:27:06,
eu-west-2,g6f.2xlarge,Windows,eu-west-2b,0.4384,2026-10-08 09:00:00+00:00,8.0,32.0,NVIDIA L4,0.0,5.587890625,Up to 10 Gigabit,1.0,200.0,x86_64,2026-10-08,2026-10-08 20:27:06,
eu-west-2,g6f.2xlarge,Linux,eu-west-2a,0.1974,2026-10-08 09:00:00+00:00,8.0,32.0,NVIDIA L4,0.0,5.587890625,Up to 10 Gigabit,1.0,200.0,x86_64,2026-10-08,2026-10-08 20:27:06,
eu-west-2,g6.4xlarge,Windows,eu-west-2b,0.9244,2026-10-08 09:00:00+00:00,16.0,64.0,NVIDIA L4,1.0,22.3515625,Up to 25 Gigabit,1.0,600.0,x86_64,2026-10-08,2026-10-08 20:27:06,0.9244
eu-west-2,g6.4xlarge,Windows,eu-west-2c,1.3924,2026-10-08 09:00:00+00:00,16.0,64.0,NVIDIA L4,1.0,22.3515625,Up to 25 Gigabit,1.0,600.0,x86_64,2026-10-08,2026-10-08 20:27:06,1.3924
ap-southeast-2,g4dn.16xlarge,Linux,ap-southeast-2b,1.3542,2026-10-08 09:00:00+00:00,64.0,256.0,NVIDIA T4,1.0,16.0,50 Gigabit,1.0,900.0,x86_64,2026-10-08,2026-10-08 20:27:06,1.3542
ap-southeast-2,g4dn.metal,Linux,ap-southeast-2b,4.7551,2026-10-08 09:00:00+00:00,96.0,384.0,NVIDIA T4,8.0,128.0,100 Gigabit,1.0,1800.0,x86_64,2026-10-08,2026-10-08 20:27:06,0.5943875
ap-southeast-2,g4dn.metal,Windows,ap-southeast-2b,5.4334,2026-10-08 09:00:00+00:00,96.0,384.0,NVIDIA T4,8.0,128.0,100 Gigabit,1.0,1800.0,x86_64,2026-10-08,2026-10-08 20:27:06,0.679175
ap-southeast-2,g5.12xlarge,Linux,ap-southeast-2c,7.3747,2026-10-08 09:00:00+00:00,48.0,192.0,NVIDIA A10G,4.0,89.40625,40 Gigabit,1.0,3800.0,x86_64,2026-10-08,2026-10-08 20:27:06,1.843675
ap-southeast-2,g5.12xlarge,Windows,ap-southeast-2a,9.5827,2026-10-08 09:00:00+00:00,48.0,192.0,NVIDIA A10G,4.0,89.40625,40 Gigabit,1.0,3800.0,x86_64,2026-10-08,2026-10-08 20:27:06,2.395675
ap-southeast-2,g5.16xlarge,Linux,ap-southeast-2a,1.3628,2026-10-08 09:00:00+00:00,64.0,256.0,NVIDIA A10G,1.0,22.3515625,25 Gigabit,1.0,1900.0,x86_64,2026-10-08,2026-10-08 20:27:06,1.3628
ap-southeast-2,g5.2xlarge,Linux,ap-southeast-2a,0.7765,2026-10-08 09:00:00+00:00,8.0,32.0,NVIDIA A10G,1.0,22.3515625,Up to 10 Gigabit,1.0,450.0,x86_64,2026-10-08,2026-10-08 20:27:06,0.7765
ap-southeast-2,g5.2xlarge,Windows,ap-southeast-2c,1.1685,2026-10-08 09:00:00+00:00,8.0,32.0,NVIDIA A10G,1.0,22.3515625,Up to 10 Gigabit,1.0,450.0,x86_64,2026-10-08,2026-10-08 20:27:06,1.1685
ap-southeast-2,g5.8xlarge,Linux,ap-southeast-2a,1.0388,2026-10-08 09:00:00+00:00,32.0,128.0,NVIDIA A10G,1.0,22.3515625,25 Gigabit,1.0,900.0,x86_64,2026-10-08,2026-10-08 20:27:06,1.0388
ap-southeast-2,g5.8xlarge,Windows,ap-southeast-2c,2.3525,2026-10-08 09:00:00+00:00,32.0,128.0,NVIDIA A10G,1.0,22.3515625,25 Gigabit,1.0,900.0,x86_64,2026-10-08,2026-10-08 20:27:06,2.3525
ap-southeast-2,g6.2xlarge,Linux,ap-southeast-2a,0.6596,2026-10-08 09:00:00+00:00,8.0,32.0,NVIDIA L4,1.0,22.3515625,Up to 10 Gigabit,1.0,450.0,x86_64,2026-10-08,2026-10-08 20:27:06,0.6596
ap-southeast-2,g6.2xlarge,Windows,ap-southeast-2a,0.5665,2026-10-08 09:00:00+00:00,8.0,32.0,NVIDIA L4,1.0,22.3515625,Up to 10 Gigabit,1.0,450.0,x86_64,2026-10-08,2026-10-08 20:27:06,0.5665
ap-southeast-2,g6.4xlarge,Windows,ap-southeast-2b,1.3239,2026-10-08 09:00:00+00:00,16.0,64.0,NVIDIA L4,1.0,22.3515625,Up to 25 Gigabit,1.0,600.0,x86_64,2026-10-08,2026-10-08 20:27:06,1.3239
ap-southeast-2,g6.8xlarge,Windows,ap-southeast-2c,1.7339,2026-10-08 09:00:00+00:00,32.0,128.0,NVIDIA L4,1.0,22.3515625,25 Gigabit,1.0,900.0,x86_64,2026-10-08,2026-10-08 20:27:06,1.7339
ap-southeast-2,g6.xlarge,Windows,ap-southeast-2a,0.3891,2026-10-08 09:00:00+00:00,4.0,16.0,NVIDIA L4,1.0,22.3515625,Up to 10 Gigabit,1.0,250.0,x86_64,2026-10-08,2026-10-08 20:27:06,0.3891
ap-southeast-2,g6f.large,Windows,ap-southeast-2a,0.3546,2026-10-08 09:00:00+00:00,2.0,8.0,NVIDIA L4,0.0,2.7939453125,Up to 10 Gigabit,1.0,100.0,x86_64,2026-10-08,2026-10-08 20:27:06,
ap-southeast-2,gr6.4xlarge,Linux,ap-southeast-2c,0.2045,2026-10-08 09:00:00+00:00,16.0,128.0,NVIDIA L4,1.0,22.3515625,Up to 25 Gigabit,1.0,600.0,x86_64,2026-10-08,2026-10-08 20:27:06,0.2045
eu-west-2,g5.xlarge,Windows,eu-west-2a,0.3117,2026-10-08 09:00:00+00:00,4.0,16.0,NVIDIA A10G,1.0,22.3515625,Up to 10 Gigabit,1.0,250.0,x86_64,2026-10-08,2026-10-08 20:27:06,0.3117
eu-west-2,g5.48xlarge,Windows,eu-west-2b,29.5077,2026-10-08 09:00:00+00:00,192.0,768.0,NVIDIA A10G,8.0,178.8125,100 Gigabit,1.0,7600.0,x86_64,2026-10-08,2026-10-08 20:27:06,3.6884625
ap-southeast-2,inf2.8xlarge,Linux,ap-southeast-2a,2.5582,2026-10-08 09:00:00+00:00,32.0,128.0,Inferentia2,1.0,32.0,Up to 25 Gigabit,1.0,0.0,x86_64,2026-10-08,2026-10-08 20:27:06,2.5582
ca-central-1,g6f.4xlarge,Linux,ca-central-1b,0.6675,2026-10-08 09:00:00+00:00,16.0,64.0,NVIDIA L4,0.0,11.17578125,Up to 25 Gigabit,1.0,450.0,x86_64,2026-10-08,2026-10-08 20:27:06,
ca-central-1,g6.24xlarge,Windows,ca-central-1a,11.8277,2026-10-08 09:00:00+00:00,96.0,384.0,NVIDIA L4,4.0,89.40625,50 Gigabit,1.0,3760.0,x86_64,2026-10-08,2026-10-08 20:27:06,2.956925
ca-central-1,g6.2xlarge,Linux,ca-central-1b,1.0855,2026-10-08 09:00:00+00:00,8.0,32.0,NVIDIA L4,1.0,22.3515625,Up to 10 Gigabit,1.0,450.0,x86_64,2026-10-08,2026-10-08 20:27:06,1.0855
ca-central-1,g6.48xlarge,Linux,ca-central-1a,14.8235,2026-10-08 09:00:00+00:00,192.0,768.0,NVIDIA L4,8.0,178.8125,100 Gigabit,1.0,7520.0,x86_64,2026-10-08,2026-10-08 20:27:06,1.8529375
ca-central-1,g6.48xlarge,Windows,ca-central-1d,23.6555,2026-10-08 09:00:00+00:00,192.0,768.0,NVIDIA L4,8.0,178.8125,100 Gigabit,1.0,7520.0,x86_64,2026-10-08,2026-10-08 20:27:06,2.9569375
ca-central-1,g6.xlarge,Linux,ca-central-1d,0.8936,2026-10-08 09:00:00+00:00,4.0,16.0,NVIDIA L4,1.0,22.3515625,Up to 10 Gigabit,1.0,250.0,x86_64,2026-10-08,2026-10-08 20:27:06,0.8936
ca-central-1,g6.xlarge,Windows,ca-central-1b,0.3431,2026-10-08 09:00:00+00:00,4.0,16.0,NVIDIA L4,1.0,22.3515625,Up to 10 Gigabit,1.0,250.0,x86_64,2026-10-08,2026-10-08 20:27:06,0.3431
ca-central-1,g6f.xlarge,Linux,ca-central-1a,0.0506,2026-10-08 09:00:00+00:00,4.0,16.0,NVIDIA L4,0.0,2.7939453125,Up to 10 Gigabit,1.0,100.0,x86_64,2026-10-08,2026-10-08 20:27:06,
eu-west-2,g5.12xlarge,Windows,eu-west-2a,7.7197,2026-10-08 09:00:00+00:00,48.0,192.0,NVIDIA A10G,4.0,89.40625,40 Gigabit,1.0,3800.0,x86_64,2026-10-08,2026-10-08 20:27:06,1.929925
ca-central-1,gr6.4xlarge,Windows,ca-central-1a,0.9069,2026-10-08 09:00:00+00:00,16.0,128.0,NVIDIA L4,1.0,22.3515625,Up to 25 Gigabit,1.0,600.0,x86_64,2026-10-08,2026-10-08 20:27:06,0.9069
ca-central-1,inf1.24xlarge,Linux,ca-central-1a,0.9056,2026-10-08 09:00:00+00:00,96.0,192.0,Inferentia,16.0,128.0,100 Gigabit,1.0,0.0,x86_64,2026-10-08,2026-10-08 20:27:06,0.0566
ap-south-1,g4dn.12xlarge,Linux,ap-south-1b,1.7578,2026-10-08 09:00:00+00:00,48.0,192.0,NVIDIA T4,4.0,64.0,50 Gigabit,1.0,900.0,x86_64,2026-10-08,2026-10-08 20:27:06,0.43945
ap-south-1,g4dn.16xlarge,Linux,ap-south-1a,1.3921,2026-10-08 09:00:00+00:00,64.0,256.0,NVIDIA T4,1.0,16.0,50 Gigabit,1.0,900.0,x86_64,2026-10-08,2026-10-08 20:27:06,1.3921
ap-south-1,g4dn.16xlarge,Linux,ap-south-1b,1.3218,2026-10-08 09:00:00+00:00,64.0,256.0,NVIDIA T4,1.0,16.0,50 Gigabit,1.0,900.0,x86_64,2026-10-08,2026-10-08 20:27:06,1.3218
ap-south-1,g4dn.2xlarge,Windows,ap-south-1a,0.4849,2026-10-08 09:00:00+00:00,8.0,32.0,NVIDIA T4,1.0,16.0,Up to 25 Gigabit,1.0,225.0,x86_64,2026-10-08,2026-10-08 20:27:06,0.4849
ca-central-1,g6.16xlarge,Windows,ca-central-1d,6.7156,2026-10-08 09:00:00+00:00,64.0,256.0,NVIDIA L4,1.0,22.3515625,25 Gigabit,1.0,1880.0,x86_64,2026-10-08,2026-10-08 20:27:06,6.7156
ca-central-1,g6.12xlarge,Linux,ca-central-1d,5.1093,2026-10-08 09:00:00+00:00,48.0,192.0,NVIDIA L4,4.0,89.40625,40 Gigabit,1.0,3760.0,x86_64,2026-10-08,2026-10-08 20:27:06,1.277325
ca-central-1,g5.48xlarge,Windows,ca-central-1a,26.9172,2026-10-08 09:00:00+00:00,192.0,768.0,NVIDIA A10G,8.0,178.8125,100 Gigabit,1.0,7600.0,x86_64,2026-10-08,2026-10-08 20:27:06,3.36465
ca-central-1,g5.16xlarge,Linux,ca-central-1b,3.0094,2026-10-08 09:00:00+00:00,64.0,256.0,NVIDIA A10G,1.0,22.3515625,25 Gigabit,1.0,1900.0,x86_64,2026-10-08,2026-10-08 20:27:06,3.0094
ca-central-1,g5.12xlarge,Windows,ca-central-1b,8.5058,2026-10-08 09:00:00+00:00,48.0,192.0,NVIDIA A10G,4.0,89.40625,40 Gigabit,1.0,3800.0,x86_64,2026-10-08,2026-10-08 20:27:06,2.12645
ca-central-1,g4dn.metal,Windows,ca-central-1a,13.103,2026-10-08 09:00:00+00:00,96.0,384.0,NVIDIA T4,8.0,128.0,100 Gigabit,1.0,1800.0,x86_64,2026-10-08,2026-10-08 20:27:06,1.637875
ca-central-1,g4dn.8xlarge,Windows,ca-central-1a,1.7136,2026-10-08 09:00:00+00:00,32.0,128.0,NVIDIA T4,1.0,16.0,50 Gigabit,1.0,900.0,x86_64,2026-10-08,2026-10-08 20:27:06,1.7136
ca-central-1,g4dn.8xlarge,Linux,ca-central-1a,0.4726,2026-10-08 09:00:00+00:00,32.0,128.0,NVIDIA T4,1.0,16.0,50 Gigabit,1.0,900.0,x86_64,2026-10-08,2026-10-08 20:27:06,0.4726
ca-central-1,g4dn.2xlarge,Windows,ca-central-1b,0.4827,2026-10-08 09:00:00+00:00,8.0,32.0,NVIDIA T4,1.0,16.0,Up to 25 Gigabit,1.0,225.0,x86_64,2026-10-08,2026-10-08 20:27:06,0.4827
ca-central-1,g4dn.2xlarge,Linux,ca-central-1a,0.3105,2026-10-08 09:00:00+00:00,8.0,32.0,NVIDIA T4,1.0,16.0,Up to 25 Gigabit,1.0,225.0,x86_64,2026-10-08,2026-10-08 20:27:06,0.3105
ca-central-1,g4dn.16xlarge,Linux,ca-central-1a,1.6966,2026-10-08 09:00:00+00:00,64.0,256.0,NVIDIA T4,1.0,16.0,50 Gigabit,1.0,900.0,x86_64,2026-10-08,2026-10-08 20:27:06,1.6966
eu-west-2,g4dn.16xlarge,Linux,eu-west-2a,1.5416,2026-10-08 09:00:00+00:00,64.0,256.0,NVIDIA T4,1.0,16.0,50 Gigabit,1.0,900.0,x86_64,2026-10-08,2026-10-08 20:27:06,1.5416
eu-west-2,g4dn.16xlarge,Windows,eu-west-2c,3.4532,2026-10-08 09:00:00+00:00,64.0,256.0,NVIDIA T4,1.0,16.0,50 Gigabit,1.0,900.0,x86_64,2026-10-08,2026-10-08 20:27:06,3.4532
eu-west-2,g4dn.2xlarge,Linux,eu-west-2a,0.2786,2026-10-08 09:00:00+00:00,8.0,32.0,NVIDIA T4,1.0,16.0,Up to 25 Gigabit,1.0,225.0,x86_64,2026-10-08,2026-10-08 20:27:06,0.2786
eu-west-2,g4dn.4xlarge,Windows,eu-west-2c,0.8769,2026-10-08 09:00:00+00:00,16.0,64.0,NVIDIA T4,1.0,16.0,Up to 25 Gigabit,1.0,225.0,x86_64,2026-10-08,2026-10-08 20:27:06,0.8769
eu-west-2,g4dn.8xlarge,Linux,eu-west-2a,0.7169,2026-10-08 09:00:00+00:00,32.0,128.0,NVIDIA T4,1.0,16.0,50 Gigabit,1.0,900.0,x86_64,2026-10-08,2026-10-08 20:27:06,0.7169
eu-west-2,g4dn.xlarge,Windows,eu-west-2a,0.253,2026-10-08 09:00:00+00:00,4.0,16.0,NVIDIA T4,1.0,16.0,Up to 25 Gigabit,1.0,125.0,x86_64,2026-10-08,2026-10-08 20:27:06,0.253
ap-southeast-2,inf1.xlarge,Linux,ap-southeast-2b,0.0933,2026-10-08 09:00:00+00:00,4.0,8.0,Inferentia,1.0,8.0,Up to 25 Gigabit,1.0,0.0,x86_64,2026-10-08,2026-10-08 20:27:06,0.0933
eu-west-2,inf1.24xlarge,Linux,eu-west-2a,0.6386,2026-10-08 09:00:00+00:00,96.0,192.0,Inferentia,16.0,128.0,100 Gigabit,1.0,0.0,x86_64,2026-10-08,2026-10-08 20:27:06,0.0399125
eu-west-1,g4dn.8xlarge,Windows,eu-west-1a,1.8713,2026-10-08 09:00:00+00:00,32.0,128.0,NVIDIA T4,1.0,16.0,50 Gigabit,1.0,900.0,x86_64,2026-10-08,2026-10-08 20:27:06,1.8713
eu-west-1,g5.24xlarge,Windows,eu-west-1a,7.1434,2026-10-08 09:00:00+00:00,96.0,384.0,NVIDIA A10G,4.0,89.40625,50 Gigabit,1.0,3800.0,x86_64,2026-10-08,2026-10-08 20:27:06,1.78585
ap-southeast-2,p5.48xlarge,Linux,ap-southeast-2c,26.0844,2026-10-08 09:00:00+00:00,192.0,2048.0,NVIDIA H100,8.0,640.0,3200 Gigabit,32.0,30400.0,x86_64,2026-10-08,2026-10-08 20:27:06,3.26055
eu-central-1,p4d.24xlarge,Linux,eu-central-1a,27.433,2026-10-08 09:00:00+00:00,96.0,1152.0,NVIDIA A100,8.0,320.0,4x 100 Gigabit,4.0,8000.0,x86_64,2026-10-08,2026-10-08 20:27:06,3.429125
eu-west-1,g4dn.16xlarge,Linux,eu-west-1c,1.2233,2026-10-08 09:00:00+00:00,64.0,256.0,NVIDIA T4,1.0,16.0,50 Gigabit,1.0,900.0,x86_64,2026-10-08,2026-10-08 20:27:06,1.2233
eu-west-1,g4dn.16xlarge,Windows,eu-west-1b,3.4293,2026-10-08 09:00:00+00:00,64.0,256.0,NVIDIA T4,1.0,16.0,50 Gigabit,1.0,900.0,x86_64,2026-10-08,2026-10-08 20:27:06,3.4293
eu-west-1,g4dn.4xlarge,Linux,eu-west-1c,0.5913,2026-10-08 09:00:00+00:00,16.0,64.0,NVIDIA T4,1.0,16.0,Up to 25 Gigabit,1.0,225.0,x86_64,2026-10-08,2026-10-08 20:27:06,0.5913
eu-west-1,g4dn.4xlarge,Linux,eu-west-1b,0.5734,2026-10-08 09:00:00+00:00,16.0,64.0,NVIDIA T4,1.0,16.0,Up to 25 Gigabit,1.0,225.0,x86_64,2026-10-08,2026-10-08 20:27:06,0.5734
eu-west-1,g4dn.4xlarge,Windows,eu-west-1a,1.0794,2026-10-08 09:00:00+00:00,16.0,64.0,NVIDIA T4,1.0,16.0,Up to 25 Gigabit,1.0,225.0,x86_64,2026-10-08,2026-10-08 20:27:06,1.0794
ap-southeast-2,p5.48xlarge,Linux,ap-southeast-2a,71.552,2026-10-08 09:00:00+00:00,192.0,2048.0,NVIDIA H100,8.0,640.0,3200 Gigabit,32.0,30400.0,x86_64,2026-10-08,2026-10-08 20:27:06,8.944
eu-west-1,g4dn.metal,Linux,eu-west-1c,4.9202,2026-10-08 09:00:00+00:00,96.0,384.0,NVIDIA T4,8.0,128.0,100 Gigabit,1.0,1800.0,x86_64,2026-10-08,2026-10-08 20:27:06,0.615025
eu-west-1,g5.12xlarge,Linux,eu-west-1a,2.6573,2026-10-08 09:00:00+00:00,48.0,192.0,NVIDIA A10G,4.0,89.40625,40 Gigabit,1.0,3800.0,x86_64,2026-10-08,2026-10-08 20:27:06,0.664325
eu-west-1,g5.24xlarge,Windows,eu-west-1c,6.3247,2026-10-08 09:00:00+00:00,96.0,384.0,NVIDIA A10G,4.0,89.40625,50 Gigabit,1.0,3800.0,x86_64,2026-10-08,2026-10-08 20:27:06,1.581175
eu-west-1,g5.2xlarge,Windows,eu-west-1b,0.7474,2026-10-08 09:00:00+00:00,8.0,32.0,NVIDIA A10G,1.0,22.3515625,Up to 10 Gigabit,1.0,450.0,x86_64,2026-10-08,2026-10-08 20:27:06,0.7474
eu-west-1,g5.48xlarge,Linux,eu-west-1a,5.4035,2026-10-08 09:00:00+00:00,192.0,768.0,NVIDIA A10G,8.0,178.8125,100 Gigabit,1.0,7600.0,x86_64,2026-10-08,2026-10-08 20:27:06,0.6754375
eu-west-1,g5.48xlarge,Windows,eu-west-1a,14.2227,2026-10-08 09:00:00+00:00,192.0,768.0,NVIDIA A10G,8.0,178.8125,100 Gigabit,1.0,7600.0,x86_64,2026-10-08,2026-10-08 20:27:06,1.7778375
eu-west-1,g5.8xlarge,Linux,eu-west-1b,1.3871,2026-10-08 09:00:00+00:00,32.0,128.0,NVIDIA A10G,1.0,22.3515625,25 Gigabit,1.0,900.0,x86_64,2026-10-08,2026-10-08 20:27:06,1.3871
eu-central-1,inf2.8xlarge,Linux,eu-central-1b,1.9076,2026-10-08 09:00:00+00:00,32.0,128.0,Inferentia2,1.0,32.0,Up to 25 Gigabit,1.0,0.0,x86_64,2026-10-08,2026-10-08 20:27:06,1.9076
ap-southeast-2,inf2.8xlarge,Linux,ap-southeast-2b,0.8006,2026-10-08 09:00:00+00:00,32.0,128.0,Inferentia2,1.0,32.0,Up to 25 Gigabit,1.0,0.0,x86_64,2026-10-08,2026-10-08 20:27:06,0.8006
us-west-2,p6-b200.48xlarge,Linux,us-west-2d,57.4192,2026-10-08 08:00:00+00:00,192.0,2048.0,NVIDIA B200,8.0,1432.4921875,3200 Gigabit,8.0,30400.0,x86_64,2026-10-08,2026-10-08 20:27:06,7.1774
us-west-2,inf2.48xlarge,Linux,us-west-2b,1.962,2026-10-08 08:00:00+00:00,192.0,768.0,Inferentia2,12.0,384.0,100 Gigabit,1.0,0.0,x86_64,2026-10-08,2026-10-08 20:27:06,0.1635
us-west-2,gr6.8xlarge,Linux,us-west-2b,0.8266,2026-10-08 08:00:00+00:00,32.0,256.0,NVIDIA L4,1.0,22.3515625,25 Gigabit,1.0,900.0,x86_64,2026-10-08,2026-10-08 20:27:06,0.8266
us-west-2,gr6.4xlarge,Linux,us-west-2c,0.7013,2026-10-08 08:00:00+00:00,16.0,128.0,NVIDIA L4,1.0,22.3515625,Up to 25 Gigabit,1.0,600.0,x86_64,2026-10-08,2026-10-08 20:27:06,0.7013
us-west-2,g7e.4xlarge,Linux,us-west-2a,3.5703,2026-10-08 08:00:00+00:00,16.0,128.0,NVIDIA RTX PRO Server 6000,1.0,96.0,50 Gigabit,1.0,1900.0,x86_64,2026-10-08,2026-10-08 20:27:06,3.5703
us-west-2,g7e.2xlarge,Windows,us-west-2c,0.9002,2026-10-08 08:00:00+00:00,8.0,64.0,NVIDIA RTX PRO Server 6000,1.0,96.0,50 Gigabit,1.0,1900.0,x86_64,2026-10-08,2026-10-08 20:27:06,0.9002
us-west-2,g7.8xlarge,Windows,us-west-2a,2.0384,2026-10-08 08:00:00+00:00,32.0,128.0,NVIDIA RTX PRO 4500,1.0,32.0,100 Gigabit,1.0,930.0,x86_64,2026-10-08,2026-10-08 20:27:06,2.0384
us-west-2,g7.8xlarge,Linux,us-west-2d,1.2613,2026-10-08 08:00:00+00:00,32.0,128.0,NVIDIA RTX PRO 4500,1.0,32.0,100 Gigabit,1.0,930.0,x86_64,2026-10-08,2026-10-08 20:27:06,1.2613
us-west-2,p5.48xlarge,Linux,us-west-2d,29.9624,2026-10-08 08:00:00+00:00,192.0,2048.0,NVIDIA H100,8.0,640.0,3200 Gigabit,32.0,30400.0,x86_64,2026-10-08,2026-10-08 20:27:06,3.7453
us-east-1,gr6.8xlarge,Linux,us-east-1a,1.3742,2026-10-08 08:00:00+00:00,32.0,256.0,NVIDIA L4,1.0,22.3515625,25 Gigabit,1.0,900.0,x86_64,2026-10-08,2026-10-08 20:27:06,1.3742
us-west-2,trn1.2xlarge,Linux,us-west-2d,0.1867,2026-10-08 08:00:00+00:00,8.0,32.0,Trainium,1.0,32.0,Up to 12.5 Gigabit,1.0,474.0,x86_64,2026-10-08,2026-10-08 20:27:06,0.1867
us-west-1,inf1.24xlarge,Linux,us-west-1c,0.5671,2026-10-08 08:00:00+00:00,96.0,192.0,Inferentia,16.0,128.0,100 Gigabit,1.0,0.0,x86_64,2026-10-08,2026-10-08 20:27:06,0.03544375
us-west-1,g4dn.xlarge,Linux,us-west-1c,0.3572,2026-10-08 08:00:00+00:00,4.0,16.0,NVIDIA T4,1.0,16.0,Up to 25 Gigabit,1.0,125.0,x86_64,2026-10-08,2026-10-08 20:27:06,0.3572
us-west-1,g4dn.4xlarge,Windows,us-west-1c,0.9985,2026-10-08 08:00:00+00:00,16.0,64.0,NVIDIA T4,1.0,16.0,Up to 25 Gigabit,1.0,225.0,x86_64,2026-10-08,2026-10-08 20:27:06,0.9985
us-east-1,g4dn.12xlarge,Windows,us-east-1f,2.6419,2026-10-08 08:00:00+00:00,48.0,192.0,NVIDIA T4,4.0,64.0,50 Gigabit,1.0,900.0,x86_64,2026-10-08,2026-10-08 20:27:06,0.660475
us-east-1,g4dn.12xlarge,Windows,us-east-1d,2.6101,2026-10-08 08:00:00+00:00,48.0,192.0,NVIDIA T4,4.0,64.0,50 Gigabit,1.0,900.0,x86_64,2026-10-08,2026-10-08 20:27:06,0.652525
us-east-1,g4dn.16xlarge,Linux,us-east-1b,1.463,2026-10-08 08:00:00+00:00,64.0,256.0,NVIDIA T4,1.0,16.0,50 Gigabit,1.0,900.0,x86_64,2026-10-08,2026-10-08 20:27:06,1.463
us-east-1,g4dn.16xlarge,Linux,us-east-1c,1.36,2026-10-08 08:00:00+00:00,64.0,256.0,NVIDIA T4,1.0,16.0,50 Gigabit,1.0,900.0,x86_64,2026-10-08,2026-10-08 20:27:06,1.36
us-east-1,g4dn.2xlarge,Linux,us-east-1b,0.2886,2026-10-08 08:00:00+00:00,8.0,32.0,NVIDIA T4,1.0,16.0,Up to 25 Gigabit,1.0,225.0,x86_64,2026-10-08,2026-10-08 20:27:06,0.2886
us-west-2,g7.4xlarge,Linux,us-west-2a,0.8944,2026-10-08 08:00:00+00:00,16.0,64.0,NVIDIA RTX PRO 4500,1.0,32.0,Up to 100 Gigabit,1.0,875.0,x86_64,2026-10-08,2026-10-08 20:27:06,0.8944
us-west-2,g6e.xlarge,Linux,us-west-2b,1.861,2026-10-08 08:00:00+00:00,4.0,32.0,NVIDIA L40S,1.0,44.703125,Up to 20 Gigabit,1.0,250.0,x86_64,2026-10-08,2026-10-08 20:27:06,1.861
us-west-2,g7.2xlarge,Windows,us-west-2c,0.7192,2026-10-08 08:00:00+00:00,8.0,32.0,NVIDIA RTX PRO 4500,1.0,32.0,Up to 60 Gigabit,1.0,440.0,x86_64,2026-10-08,2026-10-08 20:27:06,0.7192
us-west-2,g6e.12xlarge,Windows,us-west-2b,3.2573,2026-10-08 08:00:00+00:00,48.0,384.0,NVIDIA L40S,4.0,178.8125,100 Gigabit,1.0,3800.0,x86_64,2026-10-08,2026-10-08 20:27:06,0.814325
us-west-2,g5.8xlarge,Windows,us-west-2c,1.7168,2026-10-08 08:00:00+00:00,32.0,128.0,NVIDIA A10G,1.0,22.3515625,25 Gigabit,1.0,900.0,x86_64,2026-10-08,2026-10-08 20:27:06,1.7168
us-west-2,g5g.xlarge,Linux,us-west-2c,0.088,2026-10-08 08:00:00+00:00,4.0,8.0,NVIDIA T4g,1.0,16.0,Up to 10 Gigabit,1.0,0.0,arm64,2026-10-08,2026-10-08 20:27:06,0.088
us-west-2,g6.12xlarge,Linux,us-west-2d,3.175,2026-10-08 08:00:00+00:00,48.0,192.0,NVIDIA L4,4.0,89.40625,40 Gigabit,1.0,3760.0,x86_64,2026-10-08,2026-10-08 20:27:06,0.79375
us-west-2,g6.16xlarge,Linux,us-west-2a,1.4741,2026-10-08 08:00:00+00:00,64.0,256.0,NVIDIA L4,1.0,22.3515625,25 Gigabit,1.0,1880.0,x86_64,2026-10-08,2026-10-08 20:27:06,1.4741
us-west-2,g6.16xlarge,Linux,us-west-2c,1.4025,2026-10-08 08:00:00+00:00,64.0,256.0,NVIDIA L4,1.0,22.3515625,25 Gigabit,1.0,1880.0,x86_64,2026-10-08,2026-10-08 20:27:06,1.4025
us-west-2,g6.48xlarge,Linux,us-west-2c,7.1873,2026-10-08 08:00:00+00:00,192.0,768.0,NVIDIA L4,8.0,178.8125,100 Gigabit,1.0,7520.0,x86_64,2026-10-08,2026-10-08 20:27:06,0.8984125
us-west-2,g6.48xlarge,Windows,us-west-2a,10.167,2026-10-08 08:00:00+00:00,192.0,768.0,NVIDIA L4,8.0,178.8125,100 Gigabit,1.0,7520.0,x86_64,2026-10-08,2026-10-08 20:27:06,1.270875
us-west-2,g6.48xlarge,Windows,us-west-2c,10.167,2026-10-08 08:00:00+00:00,192.0,768.0,NVIDIA L4,8.0,178.8125,100 Gigabit,1.0,7520.0,x86_64,2026-10-08,2026-10-08 20:27:06,1.270875
us-west-2,g6.4xlarge,Windows,us-west-2a,0.993,2026-10-08 08:00:00+00:00,16.0,64.0,NVIDIA L4,1.0,22.3515625,Up to 25 Gigabit,1.0,600.0,x86_64,2026-10-08,2026-10-08 20:27:06,0.993
us-west-2,g6e.16xlarge,Windows,us-west-2d,3.9795,2026-10-08 08:00:00+00:00,64.0,512.0,NVIDIA L40S,1.0,44.703125,35 Gigabit,1.0,1900.0,x86_64,2026-10-08,2026-10-08 20:27:06,3.9795
us-west-2,g7.2xlarge,Linux,us-west-2d,0.8272,2026-10-08 08:00:00+00:00,8.0,32.0,NVIDIA RTX PRO 4500,1.0,32.0,Up to 60 Gigabit,1.0,440.0,x86_64,2026-10-08,2026-10-08 20:27:06,0.8272
us-west-2,g6e.24xlarge,Linux,us-west-2c,11.1014,2026-10-08 08:00:00+00:00,96.0,768.0,NVIDIA L40S,4.0,178.8125,200 Gigabit,2.0,3800.0,x86_64,2026-10-08,2026-10-08 20:27:06,2.77535
us-west-2,g6e.24xlarge,Windows,us-west-2b,14.4842,2026-10-08 08:00:00+00:00,96.0,768.0,NVIDIA L40S,4.0,178.8125,200 Gigabit,2.0,3800.0,x86_64,2026-10-08,2026-10-08 20:27:06,3.62105
us-west-2,g6e.24xlarge,Windows,us-west-2d,19.4816,2026-10-08 08:00:00+00:00,96.0,768.0,NVIDIA L40S,4.0,178.8125,200 Gigabit,2.0,3800.0,x86_64,2026-10-08,2026-10-08 20:27:06,4.8704
us-west-2,g6e.8xlarge,Linux,us-west-2b,2.8309,2026-10-08 08:00:00+00:00,32.0,256.0,NVIDIA L40S,1.0,44.703125,25 Gigabit,1.0,900.0,x86_64,2026-10-08,2026-10-08 20:27:06,2.8309
us-east-1,g4dn.4xlarge,Linux,us-east-1b,0.5258,2026-10-08 08:00:00+00:00,16.0,64.0,NVIDIA T4,1.0,16.0,Up to 25 Gigabit,1.0,225.0,x86_64,2026-10-08,2026-10-08 20:27:06,0.5258
us-west-2,g6f.2xlarge,Linux,us-west-2a,0.1785,2026-10-08 08:00:00+00:00,8.0,32.0,NVIDIA L4,0.0,5.587890625,Up to 10 Gigabit,1.0,200.0,x86_64,2026-10-08,2026-10-08 20:27:06,
us-west-2,g6f.2xlarge,Linux,us-west-2c,0.1843,2026-10-08 08:00:00+00:00,8.0,32.0,NVIDIA L4,0.0,5.587890625,Up to 10 Gigabit,1.0,200.0,x86_64,2026-10-08,2026-10-08 20:27:06,
us-west-2,g6f.large,Windows,us-west-2b,0.1483,2026-10-08 08:00:00+00:00,2.0,8.0,NVIDIA L4,0.0,2.7939453125,Up to 10 Gigabit,1.0,100.0,x86_64,2026-10-08,2026-10-08 20:27:06,
us-west-2,g6f.xlarge,Linux,us-west-2d,0.0708,2026-10-08 08:00:00+00:00,4.0,16.0,NVIDIA L4,0.0,2.7939453125,Up to 10 Gigabit,1.0,100.0,x86_64,2026-10-08,2026-10-08 20:27:06,
us-east-1,g4dn.2xlarge,Linux,us-east-1f,0.2412,2026-10-08 08:00:00+00:00,8.0,32.0,NVIDIA T4,1.0,16.0,Up to 25 Gigabit,1.0,225.0,x86_64,2026-10-08,2026-10-08 20:27:06,0.2412
us-west-2,g4dn.16xlarge,Linux,us-west-2b,1.4067,2026-10-08 08:00:00+00:00,64.0,256.0,NVIDIA T4,1.0,16.0,50 Gigabit,1.0,900.0,x86_64,2026-10-08,2026-10-08 20:27:06,1.4067
us-east-1,g4dn.4xlarge,Linux,us-east-1c,0.5175,2026-10-08 08:00:00+00:00,16.0,64.0,NVIDIA T4,1.0,16.0,Up to 25 Gigabit,1.0,225.0,x86_64,2026-10-08,2026-10-08 20:27:06,0.5175
us-east-1,g4dn.4xlarge,Windows,us-east-1f,0.882,2026-10-08 08:00:00+00:00,16.0,64.0,NVIDIA T4,1.0,16.0,Up to 25 Gigabit,1.0,225.0,x86_64,2026-10-08,2026-10-08 20:27:06,0.882
ca-central-1,g4dn.xlarge,Windows,ca-central-1a,0.2424,2026-10-08 08:00:00+00:00,4.0,16.0,NVIDIA T4,1.0,16.0,Up to 25 Gigabit,1.0,125.0,x86_64,2026-10-08,2026-10-08 20:27:06,0.2424
ca-central-1,g5.4xlarge,Linux,ca-central-1a,1.8032,2026-10-08 08:00:00+00:00,16.0,64.0,NVIDIA A10G,1.0,22.3515625,Up to 25 Gigabit,1.0,600.0,x86_64,2026-10-08,2026-10-08 20:27:06,1.8032
ca-central-1,g5.8xlarge,Windows,ca-central-1a,4.1901,2026-10-08 08:00:00+00:00,32.0,128.0,NVIDIA A10G,1.0,22.3515625,25 Gigabit,1.0,900.0,x86_64,2026-10-08,2026-10-08 20:27:06,4.1901
ca-central-1,g5.xlarge,Linux,ca-central-1a,0.5097,2026-10-08 08:00:00+00:00,4.0,16.0,NVIDIA A10G,1.0,22.3515625,Up to 10 Gigabit,1.0,250.0,x86_64,2026-10-08,2026-10-08 20:27:06,0.5097
ca-central-1,g6.12xlarge,Windows,ca-central-1b,7.3173,2026-10-08 08:00:00+00:00,48.0,192.0,NVIDIA L4,4.0,89.40625,40 Gigabit,1.0,3760.0,x86_64,2026-10-08,2026-10-08 20:27:06,1.829325
ca-central-1,g6.12xlarge,Windows,ca-central-1d,7.3173,2026-10-08 08:00:00+00:00,48.0,192.0,NVIDIA L4,4.0,89.40625,40 Gigabit,1.0,3760.0,x86_64,2026-10-08,2026-10-08 20:27:06,1.829325
ca-central-1,g6.48xlarge,Linux,ca-central-1d,14.8235,2026-10-08 08:00:00+00:00,192.0,768.0,NVIDIA L4,8.0,178.8125,100 Gigabit,1.0,7520.0,x86_64,2026-10-08,2026-10-08 20:27:06,1.8529375
ca-central-1,g6.8xlarge,Linux,ca-central-1a,0.7256,2026-10-08 08:00:00+00:00,32.0,128.0,NVIDIA L4,1.0,22.3515625,25 Gigabit,1.0,900.0,x86_64,2026-10-08,2026-10-08 20:27:06,0.7256
ca-central-1,gr6.4xlarge,Linux,ca-central-1a,0.2571,2026-10-08 08:00:00+00:00,16.0,128.0,NVIDIA L4,1.0,22.3515625,Up to 25 Gigabit,1.0,600.0,x86_64,2026-10-08,2026-10-08 20:27:06,0.2571
ca-central-1,gr6f.4xlarge,Linux,ca-central-1a,0.2456,2026-10-08 08:00:00+00:00,16.0,128.0,NVIDIA L4,0.0,11.17578125,Up to 25 Gigabit,1.0,450.0,x86_64,2026-10-08,2026-10-08 20:27:06,
us-east-1,g5.16xlarge,Windows,us-east-1b,3.3998,2026-10-08 08:00:00+00:00,64.0,256.0,NVIDIA A10G,1.0,22.3515625,25 Gigabit,1.0,1900.0,x86_64,2026-10-08,2026-10-08 20:27:06,3.3998
us-east-1,g5.24xlarge,Windows,us-east-1d,5.8257,2026-10-08 08:00:00+00:00,96.0,384.0,NVIDIA A10G,4.0,89.40625,50 Gigabit,1.0,3800.0,x86_64,2026-10-08,2026-10-08 20:27:06,1.456425
us-east-1,g6.4xlarge,Linux,us-east-1b,1.0241,2026-10-08 08:00:00+00:00,16.0,64.0,NVIDIA L4,1.0,22.3515625,Up to 25 Gigabit,1.0,600.0,x86_64,2026-10-08,2026-10-08 20:27:06,1.0241
us-east-1,g6.4xlarge,Linux,us-east-1a,1.1802,2026-10-08 08:00:00+00:00,16.0,64.0,NVIDIA L4,1.0,22.3515625,Up to 25 Gigabit,1.0,600.0,x86_64,2026-10-08,2026-10-08 20:27:06,1.1802
us-east-1,g6.24xlarge,Linux,us-east-1f,6.5785,2026-10-08 08:00:00+00:00,96.0,384.0,NVIDIA L4,4.0,89.40625,50 Gigabit,1.0,3760.0,x86_64,2026-10-08,2026-10-08 20:27:06,1.644625
us-east-1,g6.16xlarge,Linux,us-east-1f,1.084,2026-10-08 08:00:00+00:00,64.0,256.0,NVIDIA L4,1.0,22.3515625,25 Gigabit,1.0,1880.0,x86_64,2026-10-08,2026-10-08 20:27:06,1.084
us-east-1,g6.12xlarge,Windows,us-east-1f,3.4349,2026-10-08 08:00:00+00:00,48.0,192.0,NVIDIA L4,4.0,89.40625,40 Gigabit,1.0,3760.0,x86_64,2026-10-08,2026-10-08 20:27:06,0.858725
us-east-1,g6.12xlarge,Linux,us-east-1a,3.037,2026-10-08 08:00:00+00:00,48.0,192.0,NVIDIA L4,4.0,89.40625,40 Gigabit,1.0,3760.0,x86_64,2026-10-08,2026-10-08 20:27:06,0.75925
us-east-1,g5g.4xlarge,Linux,us-east-1d,0.3052,2026-10-08 08:00:00+00:00,16.0,32.0,NVIDIA T4g,1.0,16.0,Up to 10 Gigabit,1.0,0.0,arm64,2026-10-08,2026-10-08 20:27:06,0.3052
us-east-1,g5.48xlarge,Windows,us-east-1b,10.4608,2026-10-08 08:00:00+00:00,192.0,768.0,NVIDIA A10G,8.0,178.8125,100 Gigabit,1.0,7600.0,x86_64,2026-10-08,2026-10-08 20:27:06,1.3076
us-east-1,g5.48xlarge,Linux,us-east-1f,4.3962,2026-10-08 08:00:00+00:00,192.0,768.0,NVIDIA A10G,8.0,178.8125,100 Gigabit,1.0,7600.0,x86_64,2026-10-08,2026-10-08 20:27:06,0.549525
ca-central-1,g4dn.metal,Linux,ca-central-1b,4.4353,2026-10-08 08:00:00+00:00,96.0,384.0,NVIDIA T4,8.0,128.0,100 Gigabit,1.0,1800.0,x86_64,2026-10-08,2026-10-08 20:27:06,0.5544125
us-east-2,trn1.32xlarge,Linux,us-east-2c,2.15,2026-10-08 08:00:00+00:00,128.0,512.0,Trainium,16.0,512.0,8x 100 Gigabit,8.0,7600.0,x86_64,2026-10-08,2026-10-08 20:27:06,0.134375
us-east-2,inf2.8xlarge,Linux,us-east-2b,0.2502,2026-10-08 08:00:00+00:00,32.0,128.0,Inferentia2,1.0,32.0,Up to 25 Gigabit,1.0,0.0,x86_64,2026-10-08,2026-10-08 20:27:06,0.2502
us-east-2,g6.xlarge,Linux,us-east-2a,0.4046,2026-10-08 08:00:00+00:00,4.0,16.0,NVIDIA L4,1.0,22.3515625,Up to 10 Gigabit,1.0,250.0,x86_64,2026-10-08,2026-10-08 20:27:06,0.4046
us-east-1,g4dn.8xlarge,Windows,us-east-1c,1.6896,2026-10-08 08:00:00+00:00,32.0,128.0,NVIDIA T4,1.0,16.0,50 Gigabit,1.0,900.0,x86_64,2026-10-08,2026-10-08 20:27:06,1.6896
us-east-1,g4dn.8xlarge,Windows,us-east-1d,1.6896,2026-10-08 08:00:00+00:00,32.0,128.0,NVIDIA T4,1.0,16.0,50 Gigabit,1.0,900.0,x86_64,2026-10-08,2026-10-08 20:27:06,1.6896
us-east-1,g4dn.metal,Linux,us-east-1f,4.558,2026-10-08 08:00:00+00:00,96.0,384.0,NVIDIA T4,8.0,128.0,100 Gigabit,1.0,1800.0,x86_64,2026-10-08,2026-10-08 20:27:06,0.56975
us-east-1,g5.12xlarge,Windows,us-east-1c,3.5933,2026-10-08 08:00:00+00:00,48.0,192.0,NVIDIA A10G,4.0,89.40625,40 Gigabit,1.0,3800.0,x86_64,2026-10-08,2026-10-08 20:27:06,0.898325
us-west-2,g4dn.16xlarge,Linux,us-west-2a,1.321,2026-10-08 08:00:00+00:00,64.0,256.0,NVIDIA T4,1.0,16.0,50 Gigabit,1.0,900.0,x86_64,2026-10-08,2026-10-08 20:27:06,1.321
us-west-2,g5.4xlarge,Windows,us-west-2a,1.0025,2026-10-08 08:00:00+00:00,16.0,64.0,NVIDIA A10G,1.0,22.3515625,Up to 25 Gigabit,1.0,600.0,x86_64,2026-10-08,2026-10-08 20:27:06,1.0025
us-east-2,g6.4xlarge,Linux,us-east-2a,0.6812,2026-10-08 08:00:00+00:00,16.0,64.0,NVIDIA L4,1.0,22.3515625,Up to 25 Gigabit,1.0,600.0,x86_64,2026-10-08,2026-10-08 20:27:06,0.6812
us-east-2,g6.8xlarge,Linux,us-east-2a,0.9728,2026-10-08 08:00:00+00:00,32.0,128.0,NVIDIA L4,1.0,22.3515625,25 Gigabit,1.0,900.0,x86_64,2026-10-08,2026-10-08 20:27:06,0.9728
us-east-2,g6.8xlarge,Linux,us-east-2b,0.9804,2026-10-08 08:00:00+00:00,32.0,128.0,NVIDIA L4,1.0,22.3515625,25 Gigabit,1.0,900.0,x86_64,2026-10-08,2026-10-08 20:27:06,0.9804
us-east-2,g6e.16xlarge,Linux,us-east-2b,3.7026,2026-10-08 08:00:00+00:00,64.0,512.0,NVIDIA L40S,1.0,44.703125,35 Gigabit,1.0,1900.0,x86_64,2026-10-08,2026-10-08 20:27:06,3.7026
us-east-2,inf1.2xlarge,Linux,us-east-2c,0.0532,2026-10-08 08:00:00+00:00,8.0,16.0,Inferentia,1.0,8.0,Up to 25 Gigabit,1.0,0.0,x86_64,2026-10-08,2026-10-08 20:27:06,0.0532
us-east-2,g6e.2xlarge,Linux,us-east-2b,1.4725,2026-10-08 08:00:00+00:00,8.0,64.0,NVIDIA L40S,1.0,44.703125,Up to 20 Gigabit,1.0,450.0,x86_64,2026-10-08,2026-10-08 20:27:06,1.4725
us-east-2,g6e.48xlarge,Linux,us-east-2b,18.9382,2026-10-08 08:00:00+00:00,192.0,1536.0,NVIDIA L40S,8.0,357.625,400 Gigabit,4.0,7600.0,x86_64,2026-10-08,2026-10-08 20:27:06,2.367275
us-east-2,g6e.xlarge,Windows,us-east-2b,1.0215,2026-10-08 08:00:00+00:00,4.0,32.0,NVIDIA L40S,1.0,44.703125,Up to 20 Gigabit,1.0,250.0,x86_64,2026-10-08,2026-10-08 20:27:06,1.0215
us-east-2,g6f.2xlarge,Linux,us-east-2c,0.2138,2026-10-08 08:00:00+00:00,8.0,32.0,NVIDIA L4,0.0,5.587890625,Up to 10 Gigabit,1.0,200.0,x86_64,2026-10-08,2026-10-08 20:27:06,
us-east-2,g7e.12xlarge,Windows,us-east-2b,5.9378,2026-10-08 08:00:00+00:00,48.0,512.0,NVIDIA RTX PRO Server 6000,2.0,192.0,400 Gigabit,1.0,3800.0,x86_64,2026-10-08,2026-10-08 20:27:06,2.9689
us-east-2,g7e.2xlarge,Linux,us-east-2b,2.6041,2026-10-08 08:00:00+00:00,8.0,64.0,NVIDIA RTX PRO Server 6000,1.0,96.0,50 Gigabit,1.0,1900.0,x86_64,2026-10-08,2026-10-08 20:27:06,2.6041
us-east-2,gr6.4xlarge,Linux,us-east-2a,0.4312,2026-10-08 08:00:00+00:00,16.0,128.0,NVIDIA L4,1.0,22.3515625,Up to 25 Gigabit,1.0,600.0,x86_64,2026-10-08,2026-10-08 20:27:06,0.4312
us-east-2,gr6.4xlarge,Linux,us-east-2b,0.4122,2026-10-08 08:00:00+00:00,16.0,128.0,NVIDIA L4,1.0,22.3515625,Up to 25 Gigabit,1.0,600.0,x86_64,2026-10-08,2026-10-08 20:27:06,0.4122
us-east-2,gr6.8xlarge,Windows,us-east-2c,1.7166,2026-10-08 08:00:00+00:00,32.0,256.0,NVIDIA L4,1.0,22.3515625,25 Gigabit,1.0,900.0,x86_64,2026-10-08,2026-10-08 20:27:06,1.7166
us-west-2,g5.8xlarge,Linux,us-west-2a,0.8917,2026-10-08 08:00:00+00:00,32.0,128.0,NVIDIA A10G,1.0,22.3515625,25 Gigabit,1.0,900.0,x86_64,2026-10-08,2026-10-08 20:27:06,0.8917
us-west-2,g5.48xlarge,Linux,us-west-2c,4.9793,2026-10-08 08:00:00+00:00,192.0,768.0,NVIDIA A10G,8.0,178.8125,100 Gigabit,1.0,7600.0,x86_64,2026-10-08,2026-10-08 20:27:06,0.6224125
us-east-1,inf1.2xlarge,Linux,us-east-1d,0.1024,2026-10-08 08:00:00+00:00,8.0,16.0,Inferentia,1.0,8.0,Up to 25 Gigabit,1.0,0.0,x86_64,2026-10-08,2026-10-08 20:27:06,0.1024
ap-southeast-2,inf1.6xlarge,Linux,ap-southeast-2a,0.2874,2026-10-08 08:00:00+00:00,24.0,48.0,Inferentia,4.0,32.0,25 Gigabit,1.0,0.0,x86_64,2026-10-08,2026-10-08 20:27:06,0.07185
us-east-1,g7.2xlarge,Linux,us-east-1c,0.6002,2026-10-08 08:00:00+00:00,8.0,32.0,NVIDIA RTX PRO 4500,1.0,32.0,Up to 60 Gigabit,1.0,440.0,x86_64,2026-10-08,2026-10-08 20:27:06,0.6002
us-east-1,g6f.xlarge,Linux,us-east-1c,0.0938,2026-10-08 08:00:00+00:00,4.0,16.0,NVIDIA L4,0.0,2.7939453125,Up to 10 Gigabit,1.0,100.0,x86_64,2026-10-08,2026-10-08 20:27:06,
us-east-1,g6f.large,Windows,us-east-1a,0.1282,2026-10-08 08:00:00+00:00,2.0,8.0,NVIDIA L4,0.0,2.7939453125,Up to 10 Gigabit,1.0,100.0,x86_64,2026-10-08,2026-10-08 20:27:06,
us-east-1,g6e.8xlarge,Windows,us-east-1a,1.9999,2026-10-08 08:00:00+00:00,32.0,256.0,NVIDIA L40S,1.0,44.703125,25 Gigabit,1.0,900.0,x86_64,2026-10-08,2026-10-08 20:27:06,1.9999
us-east-1,g6e.4xlarge,Windows,us-east-1a,1.4769,2026-10-08 08:00:00+00:00,16.0,128.0,NVIDIA L40S,1.0,44.703125,20 Gigabit,1.0,600.0,x86_64,2026-10-08,2026-10-08 20:27:06,1.4769
us-east-1,g6e.24xlarge,Windows,us-east-1b,19.2634,2026-10-08 08:00:00+00:00,96.0,768.0,NVIDIA L40S,4.0,178.8125,200 Gigabit,2.0,3800.0,x86_64,2026-10-08,2026-10-08 20:27:06,4.81585
us-east-1,g6e.24xlarge,Linux,us-east-1c,9.4813,2026-10-08 08:00:00+00:00,96.0,768.0,NVIDIA L40S,4.0,178.8125,200 Gigabit,2.0,3800.0,x86_64,2026-10-08,2026-10-08 20:27:06,2.370325
us-east-1,g6e.12xlarge,Windows,us-east-1d,4.5826,2026-10-08 08:00:00+00:00,48.0,384.0,NVIDIA L40S,4.0,178.8125,100 Gigabit,1.0,3800.0,x86_64,2026-10-08,2026-10-08 20:27:06,1.14565
us-east-1,g6.xlarge,Linux,us-east-1d,0.6272,2026-10-08 08:00:00+00:00,4.0,16.0,NVIDIA L4,1.0,22.3515625,Up to 10 Gigabit,1.0,250.0,x86_64,2026-10-08,2026-10-08 20:27:06,0.6272
us-east-1,g6.xlarge,Linux,us-east-1f,0.6896,2026-10-08 08:00:00+00:00,4.0,16.0,NVIDIA L4,1.0,22.3515625,Up to 10 Gigabit,1.0,250.0,x86_64,2026-10-08,2026-10-08 20:27:06,0.6896
ap-southeast-2,inf2.24xlarge,Linux,ap-southeast-2b,2.5684,2026-10-08 08:00:00+00:00,96.0,384.0,Inferentia2,6.0,192.0,50 Gigabit,1.0,0.0,x86_64,2026-10-08,2026-10-08 20:27:06,0.42806666666666665
ap-southeast-2,gr6.8xlarge,Windows,ap-southeast-2c,2.2788,2026-10-08 08:00:00+00:00,32.0,256.0,NVIDIA L4,1.0,22.3515625,25 Gigabit,1.0,900.0,x86_64,2026-10-08,2026-10-08 20:27:06,2.2788
us-east-2,g6.2xlarge,Windows,us-east-2c,0.8079,2026-10-08 08:00:00+00:00,8.0,32.0,NVIDIA L4,1.0,22.3515625,Up to 10 Gigabit,1.0,450.0,x86_64,2026-10-08,2026-10-08 20:27:06,0.8079
ap-southeast-2,gr6.4xlarge,Windows,ap-southeast-2c,0.9361,2026-10-08 08:00:00+00:00,16.0,128.0,NVIDIA L4,1.0,22.3515625,Up to 25 Gigabit,1.0,600.0,x86_64,2026-10-08,2026-10-08 20:27:06,0.9361
ap-southeast-2,g6.xlarge,Linux,ap-southeast-2b,0.6886,2026-10-08 08:00:00+00:00,4.0,16.0,NVIDIA L4,1.0,22.3515625,Up to 10 Gigabit,1.0,250.0,x86_64,2026-10-08,2026-10-08 20:27:06,0.6886
ap-southeast-2,g6.xlarge,Linux,ap-southeast-2a,0.6062,2026-10-08 08:00:00+00:00,4.0,16.0,NVIDIA L4,1.0,22.3515625,Up to 10 Gigabit,1.0,250.0,x86_64,2026-10-08,2026-10-08 20:27:06,0.6062
ap-southeast-2,g6.8xlarge,Windows,ap-southeast-2b,1.917,2026-10-08 08:00:00+00:00,32.0,128.0,NVIDIA L4,1.0,22.3515625,25 Gigabit,1.0,900.0,x86_64,2026-10-08,2026-10-08 20:27:06,1.917
ap-southeast-2,g6.8xlarge,Windows,ap-southeast-2a,2.1374,2026-10-08 08:00:00+00:00,32.0,128.0,NVIDIA L4,1.0,22.3515625,25 Gigabit,1.0,900.0,x86_64,2026-10-08,2026-10-08 20:27:06,2.1374
ap-southeast-2,g6.4xlarge,Linux,ap-southeast-2c,0.389,2026-10-08 08:00:00+00:00,16.0,64.0,NVIDIA L4,1.0,22.3515625,Up to 25 Gigabit,1.0,600.0,x86_64,2026-10-08,2026-10-08 20:27:06,0.389
ap-southeast-2,g6.48xlarge,Linux,ap-southeast-2b,17.3582,2026-10-08 08:00:00+00:00,192.0,768.0,NVIDIA L4,8.0,178.8125,100 Gigabit,1.0,7520.0,x86_64,2026-10-08,2026-10-08 20:27:06,2.169775
ap-southeast-2,g6.24xlarge,Windows,ap-southeast-2a,13.0951,2026-10-08 08:00:00+00:00,96.0,384.0,NVIDIA L4,4.0,89.40625,50 Gigabit,1.0,3760.0,x86_64,2026-10-08,2026-10-08 20:27:06,3.273775
ap-southeast-2,g6.24xlarge,Linux,ap-southeast-2b,8.6791,2026-10-08 08:00:00+00:00,96.0,384.0,NVIDIA L4,4.0,89.40625,50 Gigabit,1.0,3760.0,x86_64,2026-10-08,2026-10-08 20:27:06,2.169775
ap-southeast-2,g6.12xlarge,Linux,ap-southeast-2b,4.9864,2026-10-08 08:00:00+00:00,48.0,192.0,NVIDIA L4,4.0,89.40625,40 Gigabit,1.0,3760.0,x86_64,2026-10-08,2026-10-08 20:27:06,1.2466
ap-southeast-2,g5.xlarge,Linux,ap-southeast-2a,0.7186,2026-10-08 08:00:00+00:00,4.0,16.0,NVIDIA A10G,1.0,22.3515625,Up to 10 Gigabit,1.0,250.0,x86_64,2026-10-08,2026-10-08 20:27:06,0.7186
us-east-2,g6.48xlarge,Linux,us-east-2b,6.5022,2026-10-08 08:00:00+00:00,192.0,768.0,NVIDIA L4,8.0,178.8125,100 Gigabit,1.0,7520.0,x86_64,2026-10-08,2026-10-08 20:27:06,0.812775
us-east-2,g6.24xlarge,Windows,us-east-2c,7.4198,2026-10-08 08:00:00+00:00,96.0,384.0,NVIDIA L4,4.0,89.40625,50 Gigabit,1.0,3760.0,x86_64,2026-10-08,2026-10-08 20:27:06,1.85495
ap-southeast-2,g5.4xlarge,Linux,ap-southeast-2a,0.9176,2026-10-08 08:00:00+00:00,16.0,64.0,NVIDIA A10G,1.0,22.3515625,Up to 25 Gigabit,1.0,600.0,x86_64,2026-10-08,2026-10-08 20:27:06,0.9176
us-east-1,g7.4xlarge,Windows,us-east-1c,1.0402,2026-10-08 08:00:00+00:00,16.0,64.0,NVIDIA RTX PRO 4500,1.0,32.0,Up to 100 Gigabit,1.0,875.0,x86_64,2026-10-08,2026-10-08 20:27:06,1.0402
us-east-1,inf1.xlarge,Linux,us-east-1a,0.0552,2026-10-08 08:00:00+00:00,4.0,8.0,Inferentia,1.0,8.0,Up to 25 Gigabit,1.0,0.0,x86_64,2026-10-08,2026-10-08 20:27:06,0.0552
us-east-1,inf1.xlarge,Linux,us-east-1c,0.0532,2026-10-08 08:00:00+00:00,4.0,8.0,Inferentia,1.0,8.0,Up to 25 Gigabit,1.0,0.0,x86_64,2026-10-08,2026-10-08 20:27:06,0.0532
us-east-1,inf2.8xlarge,Linux,us-east-1b,0.4731,2026-10-08 08:00:00+00:00,32.0,128.0,Inferentia2,1.0,32.0,Up to 25 Gigabit,1.0,0.0,x86_64,2026-10-08,2026-10-08 20:27:06,0.4731
us-east-1,p4de.24xlarge,Linux,us-east-1c,21.7837,2026-10-08 08:00:00+00:00,96.0,1152.0,NVIDIA A100,8.0,640.0,4x 100 Gigabit,4.0,8000.0,x86_64,2026-10-08,2026-10-08 20:27:06,2.7229625
us-east-1,p5.48xlarge,Linux,us-east-1d,36.7115,2026-10-08 08:00:00+00:00,192.0,2048.0,NVIDIA H100,8.0,640.0,3200 Gigabit,32.0,30400.0,x86_64,2026-10-08,2026-10-08 20:27:06,4.5889375
us-east-1,trn1.32xlarge,Linux,us-east-1d,6.6008,2026-10-08 08:00:00+00:00,128.0,512.0,Trainium,16.0,512.0,8x 100 Gigabit,8.0,7600.0,x86_64,2026-10-08,2026-10-08 20:27:06,0.41255
us-east-1,g7e.2xlarge,Windows,us-east-1b,0.7066,2026-10-08 08:00:00+00:00,8.0,64.0,NVIDIA RTX PRO Server 6000,1.0,96.0,50 Gigabit,1.0,1900.0,x86_64,2026-10-08,2026-10-08 20:27:06,0.7066
us-east-1,g7e.2xlarge,Linux,us-east-1d,1.7601,2026-10-08 08:00:00+00:00,8.0,64.0,NVIDIA RTX PRO Server 6000,1.0,96.0,50 Gigabit,1.0,1900.0,x86_64,2026-10-08,2026-10-08 20:27:06,1.7601
us-east-1,g7e.12xlarge,Linux,us-east-1d,5.3172,2026-10-08 08:00:00+00:00,48.0,512.0,NVIDIA RTX PRO Server 6000,2.0,192.0,400 Gigabit,1.0,3800.0,x86_64,2026-10-08,2026-10-08 20:27:06,2.6586
us-east-1,g7e.12xlarge,Linux,us-east-1b,6.4563,2026-10-08 08:00:00+00:00,48.0,512.0,NVIDIA RTX PRO Server 6000,2.0,192.0,400 Gigabit,1.0,3800.0,x86_64,2026-10-08,2026-10-08 20:27:06,3.22815
us-east-1,g7.4xlarge,Windows,us-east-1d,1.0402,2026-10-08 08:00:00+00:00,16.0,64.0,NVIDIA RTX PRO 4500,1.0,32.0,Up to 100 Gigabit,1.0,875.0,x86_64,2026-10-08,2026-10-08 20:27:06,1.0402
us-east-1,g7.4xlarge,Windows,us-east-1a,1.0402,2026-10-08 08:00:00+00:00,16.0,64.0,NVIDIA RTX PRO 4500,1.0,32.0,Up to 100 Gigabit,1.0,875.0,x86_64,2026-10-08,2026-10-08 20:27:06,1.0402
us-east-2,g6.24xlarge,Windows,us-east-2b,7.4198,2026-10-08 08:00:00+00:00,96.0,384.0,NVIDIA L4,4.0,89.40625,50 Gigabit,1.0,3760.0,x86_64,2026-10-08,2026-10-08 20:27:06,1.85495
us-east-1,g7.4xlarge,Linux,us-east-1c,0.7294,2026-10-08 08:00:00+00:00,16.0,64.0,NVIDIA RTX PRO 4500,1.0,32.0,Up to 100 Gigabit,1.0,875.0,x86_64,2026-10-08,2026-10-08 20:27:06,0.7294
us-east-1,g7.2xlarge,Windows,us-east-1a,0.62,2026-10-08 08:00:00+00:00,8.0,32.0,NVIDIA RTX PRO 4500,1.0,32.0,Up to 60 Gigabit,1.0,440.0,x86_64,2026-10-08,2026-10-08 20:27:06,0.62
us-east-2,g4dn.16xlarge,Linux,us-east-2a,2.0581,2026-10-08 08:00:00+00:00,64.0,256.0,NVIDIA T4,1.0,16.0,50 Gigabit,1.0,900.0,x86_64,2026-10-08,2026-10-08 20:27:06,2.0581
us-east-2,g4dn.2xlarge,Linux,us-east-2c,0.3816,2026-10-08 08:00:00+00:00,8.0,32.0,NVIDIA T4,1.0,16.0,Up to 25 Gigabit,1.0,225.0,x86_64,2026-10-08,2026-10-08 20:27:06,0.3816
us-east-2,g4dn.2xlarge,Windows,us-east-2a,0.7115,2026-10-08 08:00:00+00:00,8.0,32.0,NVIDIA T4,1.0,16.0,Up to 25 Gigabit,1.0,225.0,x86_64,2026-10-08,2026-10-08 20:27:06,0.7115
us-east-2,g4dn.2xlarge,Windows,us-east-2b,0.7116,2026-10-08 08:00:00+00:00,8.0,32.0,NVIDIA T4,1.0,16.0,Up to 25 Gigabit,1.0,225.0,x86_64,2026-10-08,2026-10-08 20:27:06,0.7116
us-east-2,g5.4xlarge,Linux,us-east-2c,0.8421,2026-10-08 08:00:00+00:00,16.0,64.0,NVIDIA A10G,1.0,22.3515625,Up to 25 Gigabit,1.0,600.0,x86_64,2026-10-08,2026-10-08 20:27:06,0.8421
us-east-2,g6.12xlarge,Linux,us-east-2a,2.5228,2026-10-08 08:00:00+00:00,48.0,192.0,NVIDIA L4,4.0,89.40625,40 Gigabit,1.0,3760.0,x86_64,2026-10-08,2026-10-08 20:27:06,0.6307
us-east-2,g6.16xlarge,Linux,us-east-2b,1.5729,2026-10-08 08:00:00+00:00,64.0,256.0,NVIDIA L4,1.0,22.3515625,25 Gigabit,1.0,1880.0,x86_64,2026-10-08,2026-10-08 20:27:06,1.5729
us-east-2,g6.16xlarge,Windows,us-east-2b,4.4726,2026-10-08 08:00:00+00:00,64.0,256.0,NVIDIA L4,1.0,22.3515625,25 Gigabit,1.0,1880.0,x86_64,2026-10-08,2026-10-08 20:27:06,4.4726
us-east-2,g6.24xlarge,Linux,us-east-2a,3.1767,2026-10-08 08:00:00+00:00,96.0,384.0,NVIDIA L4,4.0,89.40625,50 Gigabit,1.0,3760.0,x86_64,2026-10-08,2026-10-08 20:27:06,0.794175
ap-southeast-2,g5.4xlarge,Linux,ap-southeast-2c,2.1115,2026-10-08 08:00:00+00:00,16.0,64.0,NVIDIA A10G,1.0,22.3515625,Up to 25 Gigabit,1.0,600.0,x86_64,2026-10-08,2026-10-08 20:27:06,2.1115
eu-central-1,p4d.24xlarge,Linux,eu-central-1c,16.971,2026-10-08 08:00:00+00:00,96.0,1152.0,NVIDIA A100,8.0,320.0,4x 100 Gigabit,4.0,8000.0,x86_64,2026-10-08,2026-10-08 20:27:06,2.121375
us-west-2,g5.2xlarge,Windows,us-west-2c,0.536,2026-10-08 08:00:00+00:00,8.0,32.0,NVIDIA A10G,1.0,22.3515625,Up to 10 Gigabit,1.0,450.0,x86_64,2026-10-08,2026-10-08 20:27:06,0.536
eu-central-1,g5.48xlarge,Windows,eu-central-1c,29.2001,2026-10-08 08:00:00+00:00,192.0,768.0,NVIDIA A10G,8.0,178.8125,100 Gigabit,1.0,7600.0,x86_64,2026-10-08,2026-10-08 20:27:06,3.6500125
eu-central-1,g6e.8xlarge,Linux,eu-central-1b,5.6625,2026-10-08 08:00:00+00:00,32.0,256.0,NVIDIA L40S,1.0,44.703125,25 Gigabit,1.0,900.0,x86_64,2026-10-08,2026-10-08 20:27:06,5.6625
eu-central-1,g6e.4xlarge,Linux,eu-central-1c,1.7479,2026-10-08 08:00:00+00:00,16.0,128.0,NVIDIA L40S,1.0,44.703125,20 Gigabit,1.0,600.0,x86_64,2026-10-08,2026-10-08 20:27:06,1.7479
eu-central-1,g6e.2xlarge,Windows,eu-central-1a,0.9046,2026-10-08 08:00:00+00:00,8.0,64.0,NVIDIA L40S,1.0,44.703125,Up to 20 Gigabit,1.0,450.0,x86_64,2026-10-08,2026-10-08 20:27:06,0.9046
eu-central-1,g6e.12xlarge,Windows,eu-central-1c,15.328,2026-10-08 08:00:00+00:00,48.0,384.0,NVIDIA L40S,4.0,178.8125,100 Gigabit,1.0,3800.0,x86_64,2026-10-08,2026-10-08 20:27:06,3.832
eu-central-1,g6.8xlarge,Linux,eu-central-1b,0.8269,2026-10-08 08:00:00+00:00,32.0,128.0,NVIDIA L4,1.0,22.3515625,25 Gigabit,1.0,900.0,x86_64,2026-10-08,2026-10-08 20:27:06,0.8269
eu-central-1,g6.4xlarge,Windows,eu-central-1b,1.0343,2026-10-08 08:00:00+00:00,16.0,64.0,NVIDIA L4,1.0,22.3515625,Up to 25 Gigabit,1.0,600.0,x86_64,2026-10-08,2026-10-08 20:27:06,1.0343
eu-central-1,g6.4xlarge,Windows,eu-central-1c,1.0292,2026-10-08 08:00:00+00:00,16.0,64.0,NVIDIA L4,1.0,22.3515625,Up to 25 Gigabit,1.0,600.0,x86_64,2026-10-08,2026-10-08 20:27:06,1.0292
eu-central-1,g6.24xlarge,Windows,eu-central-1c,5.4202,2026-10-08 08:00:00+00:00,96.0,384.0,NVIDIA L4,4.0,89.40625,50 Gigabit,1.0,3760.0,x86_64,2026-10-08,2026-10-08 20:27:06,1.35505
eu-central-1,g6.24xlarge,Linux,eu-central-1a,2.9903,2026-10-08 08:00:00+00:00,96.0,384.0,NVIDIA L4,4.0,89.40625,50 Gigabit,1.0,3760.0,x86_64,2026-10-08,2026-10-08 20:27:06,0.747575
eu-central-1,g5.xlarge,Windows,eu-central-1a,0.4624,2026-10-08 08:00:00+00:00,4.0,16.0,NVIDIA A10G,1.0,22.3515625,Up to 10 Gigabit,1.0,250.0,x86_64,2026-10-08,2026-10-08 20:27:06,0.4624
eu-central-1,g5.4xlarge,Linux,eu-central-1a,1.3188,2026-10-08 08:00:00+00:00,16.0,64.0,NVIDIA A10G,1.0,22.3515625,Up to 25 Gigabit,1.0,600.0,x86_64,2026-10-08,2026-10-08 20:27:06,1.3188
eu-central-1,g5.2xlarge,Windows,eu-central-1b,0.6416,2026-10-08 08:00:00+00:00,8.0,32.0,NVIDIA A10G,1.0,22.3515625,Up to 10 Gigabit,1.0,450.0,x86_64,2026-10-08,2026-10-08 20:27:06,0.6416
eu-central-1,g6f.xlarge,Windows,eu-central-1a,0.2366,2026-10-08 08:00:00+00:00,4.0,16.0,NVIDIA L4,0.0,2.7939453125,Up to 10 Gigabit,1.0,100.0,x86_64,2026-10-08,2026-10-08 20:27:06,
eu-central-1,g5.2xlarge,Linux,eu-central-1b,0.7538,2026-10-08 08:00:00+00:00,8.0,32.0,NVIDIA A10G,1.0,22.3515625,Up to 10 Gigabit,1.0,450.0,x86_64,2026-10-08,2026-10-08 20:27:06,0.7538
eu-central-1,g5.16xlarge,Windows,eu-central-1b,4.044,2026-10-08 08:00:00+00:00,64.0,256.0,NVIDIA A10G,1.0,22.3515625,25 Gigabit,1.0,1900.0,x86_64,2026-10-08,2026-10-08 20:27:06,4.044
eu-central-1,g5.16xlarge,Windows,eu-central-1a,5.9726,2026-10-08 08:00:00+00:00,64.0,256.0,NVIDIA A10G,1.0,22.3515625,25 Gigabit,1.0,1900.0,x86_64,2026-10-08,2026-10-08 20:27:06,5.9726
eu-central-1,g5.16xlarge,Linux,eu-central-1a,2.8201,2026-10-08 08:00:00+00:00,64.0,256.0,NVIDIA A10G,1.0,22.3515625,25 Gigabit,1.0,1900.0,x86_64,2026-10-08,2026-10-08 20:27:06,2.8201
eu-central-1,g5.16xlarge,Linux,eu-central-1c,2.2083,2026-10-08 08:00:00+00:00,64.0,256.0,NVIDIA A10G,1.0,22.3515625,25 Gigabit,1.0,1900.0,x86_64,2026-10-08,2026-10-08 20:27:06,2.2083
eu-central-1,g5.12xlarge,Linux,eu-central-1a,2.0733,2026-10-08 08:00:00+00:00,48.0,192.0,NVIDIA A10G,4.0,89.40625,40 Gigabit,1.0,3800.0,x86_64,2026-10-08,2026-10-08 20:27:06,0.518325
eu-central-1,g4dn.xlarge,Linux,eu-central-1c,0.3269,2026-10-08 08:00:00+00:00,4.0,16.0,NVIDIA T4,1.0,16.0,Up to 25 Gigabit,1.0,125.0,x86_64,2026-10-08,2026-10-08 20:27:06,0.3269
eu-central-1,g4dn.metal,Windows,eu-central-1b,5.394,2026-10-08 08:00:00+00:00,96.0,384.0,NVIDIA T4,8.0,128.0,100 Gigabit,1.0,1800.0,x86_64,2026-10-08,2026-10-08 20:27:06,0.67425
eu-central-1,g4dn.2xlarge,Linux,eu-central-1b,0.468,2026-10-08 08:00:00+00:00,8.0,32.0,NVIDIA T4,1.0,16.0,Up to 25 Gigabit,1.0,225.0,x86_64,2026-10-08,2026-10-08 20:27:06,0.468
eu-central-1,g4dn.16xlarge,Windows,eu-central-1b,3.488,2026-10-08 08:00:00+00:00,64.0,256.0,NVIDIA T4,1.0,16.0,50 Gigabit,1.0,900.0,x86_64,2026-10-08,2026-10-08 20:27:06,3.488
us-west-2,g5.2xlarge,Windows,us-west-2b,0.5276,2026-10-08 08:00:00+00:00,8.0,32.0,NVIDIA A10G,1.0,22.3515625,Up to 10 Gigabit,1.0,450.0,x86_64,2026-10-08,2026-10-08 20:27:06,0.5276
eu-central-1,g6f.4xlarge,Windows,eu-central-1b,0.9459,2026-10-08 08:00:00+00:00,16.0,64.0,NVIDIA L4,0.0,11.17578125,Up to 25 Gigabit,1.0,450.0,x86_64,2026-10-08,2026-10-08 20:27:06,
eu-central-1,g7e.2xlarge,Linux,eu-central-1b,3.4725,2026-10-08 08:00:00+00:00,8.0,64.0,NVIDIA RTX PRO Server 6000,1.0,96.0,50 Gigabit,1.0,1900.0,x86_64,2026-10-08,2026-10-08 20:27:06,3.4725
ap-southeast-2,g5.48xlarge,Windows,ap-southeast-2a,30.0096,2026-10-08 08:00:00+00:00,192.0,768.0,NVIDIA A10G,8.0,178.8125,100 Gigabit,1.0,7600.0,x86_64,2026-10-08,2026-10-08 20:27:06,3.7512
us-west-2,g4dn.metal,Windows,us-west-2c,5.1984,2026-10-08 08:00:00+00:00,96.0,384.0,NVIDIA T4,8.0,128.0,100 Gigabit,1.0,1800.0,x86_64,2026-10-08,2026-10-08 20:27:06,0.6498
ap-southeast-2,g5.48xlarge,Linux,ap-southeast-2a,21.1776,2026-10-08 08:00:00+00:00,192.0,768.0,NVIDIA A10G,8.0,178.8125,100 Gigabit,1.0,7600.0,x86_64,2026-10-08,2026-10-08 20:27:06,2.6472
ap-southeast-2,g5.16xlarge,Windows,ap-southeast-2a,4.3021,2026-10-08 08:00:00+00:00,64.0,256.0,NVIDIA A10G,1.0,22.3515625,25 Gigabit,1.0,1900.0,x86_64,2026-10-08,2026-10-08 20:27:06,4.3021
ap-southeast-2,g5.16xlarge,Linux,ap-southeast-2c,3.3252,2026-10-08 08:00:00+00:00,64.0,256.0,NVIDIA A10G,1.0,22.3515625,25 Gigabit,1.0,1900.0,x86_64,2026-10-08,2026-10-08 20:27:06,3.3252
ap-southeast-2,g4dn.xlarge,Windows,ap-southeast-2c,0.3349,2026-10-08 08:00:00+00:00,4.0,16.0,NVIDIA T4,1.0,16.0,Up to 25 Gigabit,1.0,125.0,x86_64,2026-10-08,2026-10-08 20:27:06,0.3349
ap-southeast-2,g4dn.8xlarge,Linux,ap-southeast-2c,0.8361,2026-10-08 08:00:00+00:00,32.0,128.0,NVIDIA T4,1.0,16.0,50 Gigabit,1.0,900.0,x86_64,2026-10-08,2026-10-08 20:27:06,0.8361
ap-southeast-2,g4dn.4xlarge,Windows,ap-southeast-2a,0.8926,2026-10-08 08:00:00+00:00,16.0,64.0,NVIDIA T4,1.0,16.0,Up to 25 Gigabit,1.0,225.0,x86_64,2026-10-08,2026-10-08 20:27:06,0.8926
ap-southeast-2,g4dn.4xlarge,Linux,ap-southeast-2c,0.4657,2026-10-08 08:00:00+00:00,16.0,64.0,NVIDIA T4,1.0,16.0,Up to 25 Gigabit,1.0,225.0,x86_64,2026-10-08,2026-10-08 20:27:06,0.4657
ap-southeast-2,g4dn.4xlarge,Linux,ap-southeast-2a,0.6052,2026-10-08 08:00:00+00:00,16.0,64.0,NVIDIA T4,1.0,16.0,Up to 25 Gigabit,1.0,225.0,x86_64,2026-10-08,2026-10-08 20:27:06,0.6052
ap-southeast-2,g4dn.2xlarge,Linux,ap-southeast-2b,0.4295,2026-10-08 08:00:00+00:00,8.0,32.0,NVIDIA T4,1.0,16.0,Up to 25 Gigabit,1.0,225.0,x86_64,2026-10-08,2026-10-08 20:27:06,0.4295
ap-southeast-2,g4dn.2xlarge,Linux,ap-southeast-2a,0.3965,2026-10-08 08:00:00+00:00,8.0,32.0,NVIDIA T4,1.0,16.0,Up to 25 Gigabit,1.0,225.0,x86_64,2026-10-08,2026-10-08 20:27:06,0.3965
ap-southeast-2,g4dn.12xlarge,Linux,ap-southeast-2c,2.1438,2026-10-08 08:00:00+00:00,48.0,192.0,NVIDIA T4,4.0,64.0,50 Gigabit,1.0,900.0,x86_64,2026-10-08,2026-10-08 20:27:06,0.53595
us-west-2,g4dn.4xlarge,Windows,us-west-2b,0.9031,2026-10-08 08:00:00+00:00,16.0,64.0,NVIDIA T4,1.0,16.0,Up to 25 Gigabit,1.0,225.0,x86_64,2026-10-08,2026-10-08 20:27:06,0.9031
eu-central-1,gr6.8xlarge,Linux,eu-central-1b,0.8828,2026-10-08 08:00:00+00:00,32.0,256.0,NVIDIA L4,1.0,22.3515625,25 Gigabit,1.0,900.0,x86_64,2026-10-08,2026-10-08 20:27:06,0.8828
us-west-2,g4dn.2xlarge,Windows,us-west-2b,0.495,2026-10-08 08:00:00+00:00,8.0,32.0,NVIDIA T4,1.0,16.0,Up to 25 Gigabit,1.0,225.0,x86_64,2026-10-08,2026-10-08 20:27:06,0.495
us-west-2,g4dn.16xlarge,Linux,us-west-2c,1.3582,2026-10-08 08:00:00+00:00,64.0,256.0,NVIDIA T4,1.0,16.0,50 Gigabit,1.0,900.0,x86_64,2026-10-08,2026-10-08 20:27:06,1.3582
us-east-1,g6.xlarge,Linux,us-east-1c,0.5361,2026-10-08 08:00:00+00:00,4.0,16.0,NVIDIA L4,1.0,22.3515625,Up to 10 Gigabit,1.0,250.0,x86_64,2026-10-08,2026-10-08 20:27:06,0.5361
us-east-1,g6.xlarge,Linux,us-east-1a,0.5681,2026-10-08 08:00:00+00:00,4.0,16.0,NVIDIA L4,1.0,22.3515625,Up to 10 Gigabit,1.0,250.0,x86_64,2026-10-08,2026-10-08 20:27:06,0.5681
us-east-1,g6.8xlarge,Linux,us-east-1f,1.2598,2026-10-08 08:00:00+00:00,32.0,128.0,NVIDIA L4,1.0,22.3515625,25 Gigabit,1.0,900.0,x86_64,2026-10-08,2026-10-08 20:27:06,1.2598
us-east-1,g5.2xlarge,Linux,us-east-1b,0.7861,2026-10-08 08:00:00+00:00,8.0,32.0,NVIDIA A10G,1.0,22.3515625,Up to 10 Gigabit,1.0,450.0,x86_64,2026-10-08,2026-10-08 20:27:06,0.7861
eu-central-1,inf2.48xlarge,Linux,eu-central-1b,19.4719,2026-10-08 08:00:00+00:00,192.0,768.0,Inferentia2,12.0,384.0,100 Gigabit,1.0,0.0,x86_64,2026-10-08,2026-10-08 20:27:06,1.6226583333333335
eu-central-1,inf2.24xlarge,Linux,eu-central-1b,9.736,2026-10-08 08:00:00+00:00,96.0,384.0,Inferentia2,6.0,192.0,50 Gigabit,1.0,0.0,x86_64,2026-10-08,2026-10-08 20:27:06,1.6226666666666667
eu-central-1,inf1.2xlarge,Linux,eu-central-1b,0.1665,2026-10-08 08:00:00+00:00,8.0,16.0,Inferentia,1.0,8.0,Up to 25 Gigabit,1.0,0.0,x86_64,2026-10-08,2026-10-08 20:27:06,0.1665
eu-central-1,inf1.2xlarge,Linux,eu-central-1c,0.1516,2026-10-08 08:00:00+00:00,8.0,16.0,Inferentia,1.0,8.0,Up to 25 Gigabit,1.0,0.0,x86_64,2026-10-08,2026-10-08 20:27:06,0.1516
eu-central-1,inf1.24xlarge,Linux,eu-central-1c,1.0445,2026-10-08 08:00:00+00:00,96.0,192.0,Inferentia,16.0,128.0,100 Gigabit,1.0,0.0,x86_64,2026-10-08,2026-10-08 20:27:06,0.06528125
us-east-1,g6e.4xlarge,Linux,us-east-1b,2.4319,2026-10-08 08:00:00+00:00,16.0,128.0,NVIDIA L40S,1.0,44.703125,20 Gigabit,1.0,600.0,x86_64,2026-10-08,2026-10-08 20:27:06,2.4319
us-west-2,g7.48xlarge,Windows,us-west-2c,12.7931,2026-10-08 08:00:00+00:00,192.0,768.0,NVIDIA RTX PRO 4500,8.0,256.0,700 Gigabit,2.0,7600.0,x86_64,2026-10-08,2026-10-08 20:27:06,1.5991375
ap-northeast-1,g6f.4xlarge,Windows,ap-northeast-1c,1.356,2026-10-08 08:00:00+00:00,16.0,64.0,NVIDIA L4,0.0,11.17578125,Up to 25 Gigabit,1.0,450.0,x86_64,2026-10-08,2026-10-08 20:27:06,
eu-north-1,g7e.4xlarge,Linux,eu-north-1c,4.9879,2026-10-08 08:00:00+00:00,16.0,128.0,NVIDIA RTX PRO Server 6000,1.0,96.0,50 Gigabit,1.0,1900.0,x86_64,2026-10-08,2026-10-08 20:27:06,4.9879
ap-northeast-1,g7e.2xlarge,Windows,ap-northeast-1a,3.4187,2026-10-08 08:00:00+00:00,8.0,64.0,NVIDIA RTX PRO Server 6000,1.0,96.0,50 Gigabit,1.0,1900.0,x86_64,2026-10-08,2026-10-08 20:27:06,3.4187
ap-northeast-1,inf1.xlarge,Linux,ap-northeast-1d,0.0664,2026-10-08 08:00:00+00:00,4.0,8.0,Inferentia,1.0,8.0,Up to 25 Gigabit,1.0,0.0,x86_64,2026-10-08,2026-10-08 20:27:06,0.0664
eu-north-1,p5e.48xlarge,Linux,eu-north-1a,14.0914,2026-10-08 08:00:00+00:00,,,,,,,,,,2026-10-08,2026-10-08 20:27:06,
eu-north-1,inf2.xlarge,Linux,eu-north-1a,0.1384,2026-10-08 08:00:00+00:00,4.0,16.0,Inferentia2,1.0,32.0,Up to 15 Gigabit,1.0,0.0,x86_64,2026-10-08,2026-10-08 20:27:06,0.1384
eu-north-1,inf2.24xlarge,Linux,eu-north-1a,0.714,2026-10-08 08:00:00+00:00,96.0,384.0,Inferentia2,6.0,192.0,50 Gigabit,1.0,0.0,x86_64,2026-10-08,2026-10-08 20:27:06,0.119
eu-north-1,inf1.xlarge,Linux,eu-north-1a,0.0242,2026-10-08 08:00:00+00:00,4.0,8.0,Inferentia,1.0,8.0,Up to 25 Gigabit,1.0,0.0,x86_64,2026-10-08,2026-10-08 20:27:06,0.0242
eu-north-1,inf1.6xlarge,Linux,eu-north-1a,0.1254,2026-10-08 08:00:00+00:00,24.0,48.0,Inferentia,4.0,32.0,25 Gigabit,1.0,0.0,x86_64,2026-10-08,2026-10-08 20:27:06,0.03135
eu-north-1,inf1.2xlarge,Linux,eu-north-1c,0.0385,2026-10-08 08:00:00+00:00,8.0,16.0,Inferentia,1.0,8.0,Up to 25 Gigabit,1.0,0.0,x86_64,2026-10-08,2026-10-08 20:27:06,0.0385
eu-north-1,gr6.4xlarge,Linux,eu-north-1b,0.29,2026-10-08 08:00:00+00:00,16.0,128.0,NVIDIA L4,1.0,22.3515625,Up to 25 Gigabit,1.0,600.0,x86_64,2026-10-08,2026-10-08 20:27:06,0.29
eu-north-1,g6f.4xlarge,Windows,eu-north-1b,0.8368,2026-10-08 08:00:00+00:00,16.0,64.0,NVIDIA L4,0.0,11.17578125,Up to 25 Gigabit,1.0,450.0,x86_64,2026-10-08,2026-10-08 20:27:06,
sa-east-1,gr6.8xlarge,Windows,sa-east-1b,1.8879,2026-10-08 08:00:00+00:00,32.0,256.0,NVIDIA L4,1.0,22.3515625,25 Gigabit,1.0,900.0,x86_64,2026-10-08,2026-10-08 20:27:06,1.8879
eu-north-1,g6f.4xlarge,Linux,eu-north-1b,0.1266,2026-10-08 08:00:00+00:00,16.0,64.0,NVIDIA L4,0.0,11.17578125,Up to 25 Gigabit,1.0,450.0,x86_64,2026-10-08,2026-10-08 20:27:06,
eu-north-1,g6f.2xlarge,Windows,eu-north-1a,0.4184,2026-10-08 08:00:00+00:00,8.0,32.0,NVIDIA L4,0.0,5.587890625,Up to 10 Gigabit,1.0,200.0,x86_64,2026-10-08,2026-10-08 20:27:06,
eu-north-1,g6e.xlarge,Linux,eu-north-1b,1.7071,2026-10-08 08:00:00+00:00,4.0,32.0,NVIDIA L40S,1.0,44.703125,Up to 20 Gigabit,1.0,250.0,x86_64,2026-10-08,2026-10-08 20:27:06,1.7071
eu-north-1,g6e.12xlarge,Windows,eu-north-1a,11.8331,2026-10-08 08:00:00+00:00,48.0,384.0,NVIDIA L40S,4.0,178.8125,100 Gigabit,1.0,3800.0,x86_64,2026-10-08,2026-10-08 20:27:06,2.958275
eu-north-1,g6.8xlarge,Linux,eu-north-1b,0.4763,2026-10-08 08:00:00+00:00,32.0,128.0,NVIDIA L4,1.0,22.3515625,25 Gigabit,1.0,900.0,x86_64,2026-10-08,2026-10-08 20:27:06,0.4763
eu-north-1,g6.4xlarge,Windows,eu-north-1a,0.8763,2026-10-08 08:00:00+00:00,16.0,64.0,NVIDIA L4,1.0,22.3515625,Up to 25 Gigabit,1.0,600.0,x86_64,2026-10-08,2026-10-08 20:27:06,0.8763
ap-northeast-3,g6e.8xlarge,Linux,ap-northeast-3b,2.7299,2026-10-08 08:00:00+00:00,32.0,256.0,NVIDIA L40S,1.0,44.703125,25 Gigabit,1.0,900.0,x86_64,2026-10-08,2026-10-08 20:27:06,2.7299
ap-northeast-3,g6e.4xlarge,Windows,ap-northeast-3b,1.3961,2026-10-08 08:00:00+00:00,16.0,128.0,NVIDIA L40S,1.0,44.703125,20 Gigabit,1.0,600.0,x86_64,2026-10-08,2026-10-08 20:27:06,1.3961
ap-northeast-3,g6e.16xlarge,Windows,ap-northeast-3b,4.0429,2026-10-08 08:00:00+00:00,64.0,512.0,NVIDIA L40S,1.0,44.703125,35 Gigabit,1.0,1900.0,x86_64,2026-10-08,2026-10-08 20:27:06,4.0429
ap-northeast-1,g6f.xlarge,Windows,ap-northeast-1a,0.339,2026-10-08 08:00:00+00:00,4.0,16.0,NVIDIA L4,0.0,2.7939453125,Up to 10 Gigabit,1.0,100.0,x86_64,2026-10-08,2026-10-08 20:27:06,
ap-northeast-1,g6e.48xlarge,Linux,ap-northeast-1a,21.346,2026-10-08 08:00:00+00:00,192.0,1536.0,NVIDIA L40S,8.0,357.625,400 Gigabit,4.0,7600.0,x86_64,2026-10-08,2026-10-08 20:27:06,2.66825
eu-north-1,g6.24xlarge,Windows,eu-north-1b,5.124,2026-10-08 08:00:00+00:00,96.0,384.0,NVIDIA L4,4.0,89.40625,50 Gigabit,1.0,3760.0,x86_64,2026-10-08,2026-10-08 20:27:06,1.281
ap-northeast-1,g5.48xlarge,Windows,ap-northeast-1a,30.0922,2026-10-08 08:00:00+00:00,192.0,768.0,NVIDIA A10G,8.0,178.8125,100 Gigabit,1.0,7600.0,x86_64,2026-10-08,2026-10-08 20:27:06,3.761525
ap-northeast-1,g4dn.12xlarge,Windows,ap-northeast-1d,4.5845,2026-10-08 08:00:00+00:00,48.0,192.0,NVIDIA T4,4.0,64.0,50 Gigabit,1.0,900.0,x86_64,2026-10-08,2026-10-08 20:27:06,1.146125
ap-northeast-1,g4dn.2xlarge,Linux,ap-northeast-1a,0.491,2026-10-08 08:00:00+00:00,8.0,32.0,NVIDIA T4,1.0,16.0,Up to 25 Gigabit,1.0,225.0,x86_64,2026-10-08,2026-10-08 20:27:06,0.491
ap-northeast-1,g5.12xlarge,Linux,ap-northeast-1c,4.7762,2026-10-08 08:00:00+00:00,48.0,192.0,NVIDIA A10G,4.0,89.40625,40 Gigabit,1.0,3800.0,x86_64,2026-10-08,2026-10-08 20:27:06,1.19405
ap-northeast-1,g5.12xlarge,Linux,ap-northeast-1a,7.4035,2026-10-08 08:00:00+00:00,48.0,192.0,NVIDIA A10G,4.0,89.40625,40 Gigabit,1.0,3800.0,x86_64,2026-10-08,2026-10-08 20:27:06,1.850875
ap-northeast-1,g5.16xlarge,Linux,ap-northeast-1a,3.3575,2026-10-08 08:00:00+00:00,64.0,256.0,NVIDIA A10G,1.0,22.3515625,25 Gigabit,1.0,1900.0,x86_64,2026-10-08,2026-10-08 20:27:06,3.3575
ap-northeast-1,g5.16xlarge,Windows,ap-northeast-1c,5.9434,2026-10-08 08:00:00+00:00,64.0,256.0,NVIDIA A10G,1.0,22.3515625,25 Gigabit,1.0,1900.0,x86_64,2026-10-08,2026-10-08 20:27:06,5.9434
ap-northeast-1,g5.16xlarge,Windows,ap-northeast-1a,6.3056,2026-10-08 08:00:00+00:00,64.0,256.0,NVIDIA A10G,1.0,22.3515625,25 Gigabit,1.0,1900.0,x86_64,2026-10-08,2026-10-08 20:27:06,6.3056
ap-northeast-1,g5.2xlarge,Windows,ap-northeast-1c,1.1591,2026-10-08 08:00:00+00:00,8.0,32.0,NVIDIA A10G,1.0,22.3515625,Up to 10 Gigabit,1.0,450.0,x86_64,2026-10-08,2026-10-08 20:27:06,1.1591
ap-northeast-1,g5.2xlarge,Windows,ap-northeast-1a,1.159,2026-10-08 08:00:00+00:00,8.0,32.0,NVIDIA A10G,1.0,22.3515625,Up to 10 Gigabit,1.0,450.0,x86_64,2026-10-08,2026-10-08 20:27:06,1.159
ap-northeast-1,g5.4xlarge,Windows,ap-northeast-1a,1.8575,2026-10-08 08:00:00+00:00,16.0,64.0,NVIDIA A10G,1.0,22.3515625,Up to 25 Gigabit,1.0,600.0,x86_64,2026-10-08,2026-10-08 20:27:06,1.8575
ap-northeast-1,g6e.2xlarge,Windows,ap-northeast-1c,1.8313,2026-10-08 08:00:00+00:00,8.0,64.0,NVIDIA L40S,1.0,44.703125,Up to 20 Gigabit,1.0,450.0,x86_64,2026-10-08,2026-10-08 20:27:06,1.8313
ap-northeast-1,g5.8xlarge,Linux,ap-northeast-1a,2.0539,2026-10-08 08:00:00+00:00,32.0,128.0,NVIDIA A10G,1.0,22.3515625,25 Gigabit,1.0,900.0,x86_64,2026-10-08,2026-10-08 20:27:06,2.0539
ap-northeast-1,g5g.8xlarge,Linux,ap-northeast-1d,0.8334,2026-10-08 08:00:00+00:00,32.0,64.0,NVIDIA T4g,1.0,16.0,12 Gigabit,1.0,0.0,arm64,2026-10-08,2026-10-08 20:27:06,0.8334
ap-northeast-1,g5g.metal,Linux,ap-northeast-1c,1.6758,2026-10-08 08:00:00+00:00,64.0,128.0,NVIDIA T4g,2.0,32.0,25 Gigabit,1.0,0.0,arm64,2026-10-08,2026-10-08 20:27:06,0.8379
ap-northeast-1,g6.24xlarge,Linux,ap-northeast-1c,4.419,2026-10-08 08:00:00+00:00,96.0,384.0,NVIDIA L4,4.0,89.40625,50 Gigabit,1.0,3760.0,x86_64,2026-10-08,2026-10-08 20:27:06,1.10475
ap-northeast-1,g6.48xlarge,Linux,ap-northeast-1a,8.7755,2026-10-08 08:00:00+00:00,192.0,768.0,NVIDIA L4,8.0,178.8125,100 Gigabit,1.0,7520.0,x86_64,2026-10-08,2026-10-08 20:27:06,1.0969375
ap-northeast-1,g6.8xlarge,Linux,ap-northeast-1a,1.4535,2026-10-08 08:00:00+00:00,32.0,128.0,NVIDIA L4,1.0,22.3515625,25 Gigabit,1.0,900.0,x86_64,2026-10-08,2026-10-08 20:27:06,1.4535
ap-northeast-1,g6.xlarge,Windows,ap-northeast-1c,0.7093,2026-10-08 08:00:00+00:00,4.0,16.0,NVIDIA L4,1.0,22.3515625,Up to 10 Gigabit,1.0,250.0,x86_64,2026-10-08,2026-10-08 20:27:06,0.7093
ap-northeast-1,g6e.12xlarge,Linux,ap-northeast-1c,7.0721,2026-10-08 08:00:00+00:00,48.0,384.0,NVIDIA L40S,4.0,178.8125,100 Gigabit,1.0,3800.0,x86_64,2026-10-08,2026-10-08 20:27:06,1.768025
ap-northeast-1,g6e.16xlarge,Linux,ap-northeast-1a,4.9792,2026-10-08 08:00:00+00:00,64.0,512.0,NVIDIA L40S,1.0,44.703125,35 Gigabit,1.0,1900.0,x86_64,2026-10-08,2026-10-08 20:27:06,4.9792
ap-northeast-3,g4dn.metal,Windows,ap-northeast-3c,5.4722,2026-10-08 08:00:00+00:00,96.0,384.0,NVIDIA T4,8.0,128.0,100 Gigabit,1.0,1800.0,x86_64,2026-10-08,2026-10-08 20:27:06,0.684025
eu-north-1,g6.16xlarge,Windows,eu-north-1b,3.3043,2026-10-08 08:00:00+00:00,64.0,256.0,NVIDIA L4,1.0,22.3515625,25 Gigabit,1.0,1880.0,x86_64,2026-10-08,2026-10-08 20:27:06,3.3043
ap-south-1,g4dn.metal,Windows,ap-south-1a,5.2772,2026-10-08 08:00:00+00:00,96.0,384.0,NVIDIA T4,8.0,128.0,100 Gigabit,1.0,1800.0,x86_64,2026-10-08,2026-10-08 20:27:06,0.65965
eu-west-3,g5.4xlarge,Windows,eu-west-3b,1.5485,2026-10-08 08:00:00+00:00,16.0,64.0,NVIDIA A10G,1.0,22.3515625,Up to 25 Gigabit,1.0,600.0,x86_64,2026-10-08,2026-10-08 20:27:06,1.5485
sa-east-1,g6.24xlarge,Linux,sa-east-1a,1.7492,2026-10-08 08:00:00+00:00,96.0,384.0,NVIDIA L4,4.0,89.40625,50 Gigabit,1.0,3760.0,x86_64,2026-10-08,2026-10-08 20:27:06,0.4373
sa-east-1,g6.16xlarge,Linux,sa-east-1b,0.5911,2026-10-08 08:00:00+00:00,64.0,256.0,NVIDIA L4,1.0,22.3515625,25 Gigabit,1.0,1880.0,x86_64,2026-10-08,2026-10-08 20:27:06,0.5911
sa-east-1,g6.12xlarge,Linux,sa-east-1a,1.4147,2026-10-08 08:00:00+00:00,48.0,192.0,NVIDIA L4,4.0,89.40625,40 Gigabit,1.0,3760.0,x86_64,2026-10-08,2026-10-08 20:27:06,0.353675
sa-east-1,g5.8xlarge,Windows,sa-east-1a,5.0055,2026-10-08 08:00:00+00:00,32.0,128.0,NVIDIA A10G,1.0,22.3515625,25 Gigabit,1.0,900.0,x86_64,2026-10-08,2026-10-08 20:27:06,5.0055
eu-west-3,g4dn.12xlarge,Windows,eu-west-3a,2.6654,2026-10-08 08:00:00+00:00,48.0,192.0,NVIDIA T4,4.0,64.0,50 Gigabit,1.0,900.0,x86_64,2026-10-08,2026-10-08 20:27:06,0.66635
eu-west-3,g4dn.4xlarge,Linux,eu-west-3b,0.4116,2026-10-08 08:00:00+00:00,16.0,64.0,NVIDIA T4,1.0,16.0,Up to 25 Gigabit,1.0,225.0,x86_64,2026-10-08,2026-10-08 20:27:06,0.4116
eu-west-3,g4dn.4xlarge,Windows,eu-west-3a,0.8768,2026-10-08 08:00:00+00:00,16.0,64.0,NVIDIA T4,1.0,16.0,Up to 25 Gigabit,1.0,225.0,x86_64,2026-10-08,2026-10-08 20:27:06,0.8768
eu-west-3,g5.2xlarge,Windows,eu-west-3a,0.6602,2026-10-08 08:00:00+00:00,8.0,32.0,NVIDIA A10G,1.0,22.3515625,Up to 10 Gigabit,1.0,450.0,x86_64,2026-10-08,2026-10-08 20:27:06,0.6602
eu-west-3,g5.48xlarge,Linux,eu-west-3c,20.6757,2026-10-08 08:00:00+00:00,192.0,768.0,NVIDIA A10G,8.0,178.8125,100 Gigabit,1.0,7600.0,x86_64,2026-10-08,2026-10-08 20:27:06,2.5844625
eu-west-3,g6.16xlarge,Linux,eu-west-3c,1.2692,2026-10-08 08:00:00+00:00,64.0,256.0,NVIDIA L4,1.0,22.3515625,25 Gigabit,1.0,1880.0,x86_64,2026-10-08,2026-10-08 20:27:06,1.2692
sa-east-1,g6.xlarge,Windows,sa-east-1b,0.3208,2026-10-08 08:00:00+00:00,4.0,16.0,NVIDIA L4,1.0,22.3515625,Up to 10 Gigabit,1.0,250.0,x86_64,2026-10-08,2026-10-08 20:27:06,0.3208
eu-west-3,g6.4xlarge,Linux,eu-west-3b,0.4072,2026-10-08 08:00:00+00:00,16.0,64.0,NVIDIA L4,1.0,22.3515625,Up to 25 Gigabit,1.0,600.0,x86_64,2026-10-08,2026-10-08 20:27:06,0.4072
eu-west-3,g6.8xlarge,Windows,eu-west-3b,1.8223,2026-10-08 08:00:00+00:00,32.0,128.0,NVIDIA L4,1.0,22.3515625,25 Gigabit,1.0,900.0,x86_64,2026-10-08,2026-10-08 20:27:06,1.8223
eu-west-3,gr6.8xlarge,Windows,eu-west-3c,1.9475,2026-10-08 08:00:00+00:00,32.0,256.0,NVIDIA L4,1.0,22.3515625,25 Gigabit,1.0,900.0,x86_64,2026-10-08,2026-10-08 20:27:06,1.9475
eu-west-2,g6.12xlarge,Linux,eu-west-2a,2.8977,2026-10-08 08:00:00+00:00,48.0,192.0,NVIDIA L4,4.0,89.40625,40 Gigabit,1.0,3760.0,x86_64,2026-10-08,2026-10-08 20:27:06,0.724425
eu-west-2,g6.24xlarge,Linux,eu-west-2c,8.4734,2026-10-08 08:00:00+00:00,96.0,384.0,NVIDIA L4,4.0,89.40625,50 Gigabit,1.0,3760.0,x86_64,2026-10-08,2026-10-08 20:27:06,2.11835
eu-west-2,g6.24xlarge,Windows,eu-west-2b,5.2633,2026-10-08 08:00:00+00:00,96.0,384.0,NVIDIA L4,4.0,89.40625,50 Gigabit,1.0,3760.0,x86_64,2026-10-08,2026-10-08 20:27:06,1.315825
eu-west-2,g6.48xlarge,Linux,eu-west-2a,1.6947,2026-10-08 08:00:00+00:00,192.0,768.0,NVIDIA L4,8.0,178.8125,100 Gigabit,1.0,7520.0,x86_64,2026-10-08,2026-10-08 20:27:06,0.2118375
eu-west-2,g6.xlarge,Windows,eu-west-2a,0.2996,2026-10-08 08:00:00+00:00,4.0,16.0,NVIDIA L4,1.0,22.3515625,Up to 10 Gigabit,1.0,250.0,x86_64,2026-10-08,2026-10-08 20:27:06,0.2996
sa-east-1,g4dn.2xlarge,Linux,sa-east-1c,0.1569,2026-10-08 08:00:00+00:00,8.0,32.0,NVIDIA T4,1.0,16.0,Up to 25 Gigabit,1.0,225.0,x86_64,2026-10-08,2026-10-08 20:27:06,0.1569
sa-east-1,g6.48xlarge,Windows,sa-east-1a,11.1013,2026-10-08 08:00:00+00:00,192.0,768.0,NVIDIA L4,8.0,178.8125,100 Gigabit,1.0,7520.0,x86_64,2026-10-08,2026-10-08 20:27:06,1.3876625
sa-east-1,g6f.4xlarge,Linux,sa-east-1b,0.2856,2026-10-08 08:00:00+00:00,16.0,64.0,NVIDIA L4,0.0,11.17578125,Up to 25 Gigabit,1.0,450.0,x86_64,2026-10-08,2026-10-08 20:27:06,
eu-north-1,g5.48xlarge,Windows,eu-north-1b,10.5596,2026-10-08 08:00:00+00:00,192.0,768.0,NVIDIA A10G,8.0,178.8125,100 Gigabit,1.0,7600.0,x86_64,2026-10-08,2026-10-08 20:27:06,1.31995
ap-south-1,g6.16xlarge,Linux,ap-south-1a,1.3334,2026-10-08 08:00:00+00:00,64.0,256.0,NVIDIA L4,1.0,22.3515625,25 Gigabit,1.0,1880.0,x86_64,2026-10-08,2026-10-08 20:27:06,1.3334
eu-north-1,g5.2xlarge,Linux,eu-north-1c,0.3427,2026-10-08 08:00:00+00:00,8.0,32.0,NVIDIA A10G,1.0,22.3515625,Up to 10 Gigabit,1.0,450.0,x86_64,2026-10-08,2026-10-08 20:27:06,0.3427
eu-north-1,g4dn.8xlarge,Linux,eu-north-1b,0.3693,2026-10-08 08:00:00+00:00,32.0,128.0,NVIDIA T4,1.0,16.0,50 Gigabit,1.0,900.0,x86_64,2026-10-08,2026-10-08 20:27:06,0.3693
eu-north-1,g4dn.2xlarge,Windows,eu-north-1c,0.4478,2026-10-08 08:00:00+00:00,8.0,32.0,NVIDIA T4,1.0,16.0,Up to 25 Gigabit,1.0,225.0,x86_64,2026-10-08,2026-10-08 20:27:06,0.4478
eu-north-1,g4dn.2xlarge,Windows,eu-north-1b,0.4478,2026-10-08 08:00:00+00:00,8.0,32.0,NVIDIA T4,1.0,16.0,Up to 25 Gigabit,1.0,225.0,x86_64,2026-10-08,2026-10-08 20:27:06,0.4478
ap-south-1,g4dn.xlarge,Linux,ap-south-1c,0.2133,2026-10-08 08:00:00+00:00,4.0,16.0,NVIDIA T4,1.0,16.0,Up to 25 Gigabit,1.0,125.0,x86_64,2026-10-08,2026-10-08 20:27:06,0.2133
ap-south-1,g4dn.xlarge,Windows,ap-south-1a,0.2653,2026-10-08 08:00:00+00:00,4.0,16.0,NVIDIA T4,1.0,16.0,Up to 25 Gigabit,1.0,125.0,x86_64,2026-10-08,2026-10-08 20:27:06,0.2653
ap-south-1,g4dn.xlarge,Windows,ap-south-1b,0.2697,2026-10-08 08:00:00+00:00,4.0,16.0,NVIDIA T4,1.0,16.0,Up to 25 Gigabit,1.0,125.0,x86_64,2026-10-08,2026-10-08 20:27:06,0.2697
ap-south-1,g5.8xlarge,Linux,ap-south-1a,1.0623,2026-10-08 08:00:00+00:00,32.0,128.0,NVIDIA A10G,1.0,22.3515625,25 Gigabit,1.0,900.0,x86_64,2026-10-08,2026-10-08 20:27:06,1.0623
ap-south-1,g6.12xlarge,Linux,ap-south-1a,2.5046,2026-10-08 08:00:00+00:00,48.0,192.0,NVIDIA L4,4.0,89.40625,40 Gigabit,1.0,3760.0,x86_64,2026-10-08,2026-10-08 20:27:06,0.62615
ap-south-1,g6.4xlarge,Linux,ap-south-1b,0.531,2026-10-08 08:00:00+00:00,16.0,64.0,NVIDIA L4,1.0,22.3515625,Up to 25 Gigabit,1.0,600.0,x86_64,2026-10-08,2026-10-08 20:27:06,0.531
ap-south-1,gr6.8xlarge,Linux,ap-south-1a,0.8407,2026-10-08 08:00:00+00:00,32.0,256.0,NVIDIA L4,1.0,22.3515625,25 Gigabit,1.0,900.0,x86_64,2026-10-08,2026-10-08 20:27:06,0.8407
ap-south-1,g6.4xlarge,Windows,ap-south-1a,0.9023,2026-10-08 08:00:00+00:00,16.0,64.0,NVIDIA L4,1.0,22.3515625,Up to 25 Gigabit,1.0,600.0,x86_64,2026-10-08,2026-10-08 20:27:06,0.9023
ap-south-1,g6.xlarge,Linux,ap-south-1a,0.5311,2026-10-08 08:00:00+00:00,4.0,16.0,NVIDIA L4,1.0,22.3515625,Up to 10 Gigabit,1.0,250.0,x86_64,2026-10-08,2026-10-08 20:27:06,0.5311
ap-south-1,g6e.12xlarge,Windows,ap-south-1b,4.862,2026-10-08 08:00:00+00:00,48.0,384.0,NVIDIA L40S,4.0,178.8125,100 Gigabit,1.0,3800.0,x86_64,2026-10-08,2026-10-08 20:27:06,1.2155
ap-south-1,g6e.16xlarge,Linux,ap-south-1a,6.9716,2026-10-08 08:00:00+00:00,64.0,512.0,NVIDIA L40S,1.0,44.703125,35 Gigabit,1.0,1900.0,x86_64,2026-10-08,2026-10-08 20:27:06,6.9716
ap-south-1,g6e.24xlarge,Windows,ap-south-1b,22.5093,2026-10-08 08:00:00+00:00,96.0,768.0,NVIDIA L40S,4.0,178.8125,200 Gigabit,2.0,3800.0,x86_64,2026-10-08,2026-10-08 20:27:06,5.627325
ap-south-1,g6f.4xlarge,Windows,ap-south-1a,1.8768,2026-10-08 08:00:00+00:00,16.0,64.0,NVIDIA L4,0.0,11.17578125,Up to 25 Gigabit,1.0,450.0,x86_64,2026-10-08,2026-10-08 20:27:06,
ap-south-1,g6f.large,Linux,ap-south-1b,0.2426,2026-10-08 08:00:00+00:00,2.0,8.0,NVIDIA L4,0.0,2.7939453125,Up to 10 Gigabit,1.0,100.0,x86_64,2026-10-08,2026-10-08 20:27:06,
ap-south-1,g6f.large,Windows,ap-south-1b,0.3346,2026-10-08 08:00:00+00:00,2.0,8.0,NVIDIA L4,0.0,2.7939453125,Up to 10 Gigabit,1.0,100.0,x86_64,2026-10-08,2026-10-08 20:27:06,
ap-south-1,g7e.2xlarge,Linux,ap-south-1b,2.4855,2026-10-08 08:00:00+00:00,8.0,64.0,NVIDIA RTX PRO Server 6000,1.0,96.0,50 Gigabit,1.0,1900.0,x86_64,2026-10-08,2026-10-08 20:27:06,2.4855
ap-south-1,g4dn.metal,Windows,ap-south-1c,5.2772,2026-10-08 08:00:00+00:00,96.0,384.0,NVIDIA T4,8.0,128.0,100 Gigabit,1.0,1800.0,x86_64,2026-10-08,2026-10-08 20:27:06,0.65965
ap-south-1,g4dn.4xlarge,Windows,ap-south-1c,0.8685,2026-10-08 08:00:00+00:00,16.0,64.0,NVIDIA T4,1.0,16.0,Up to 25 Gigabit,1.0,225.0,x86_64,2026-10-08,2026-10-08 20:27:06,0.8685
sa-east-1,g5.12xlarge,Windows,sa-east-1b,10.3951,2026-10-08 08:00:00+00:00,48.0,192.0,NVIDIA A10G,4.0,89.40625,40 Gigabit,1.0,3800.0,x86_64,2026-10-08,2026-10-08 20:27:06,2.598775
ap-northeast-2,g5.48xlarge,Linux,ap-northeast-2a,9.836,2026-10-08 08:00:00+00:00,192.0,768.0,NVIDIA A10G,8.0,178.8125,100 Gigabit,1.0,7600.0,x86_64,2026-10-08,2026-10-08 20:27:06,1.2295
ap-northeast-2,g6.4xlarge,Linux,ap-northeast-2a,0.7701,2026-10-08 08:00:00+00:00,16.0,64.0,NVIDIA L4,1.0,22.3515625,Up to 25 Gigabit,1.0,600.0,x86_64,2026-10-08,2026-10-08 20:27:06,0.7701
ap-northeast-2,g6.24xlarge,Windows,ap-northeast-2c,8.1098,2026-10-08 08:00:00+00:00,96.0,384.0,NVIDIA L4,4.0,89.40625,50 Gigabit,1.0,3760.0,x86_64,2026-10-08,2026-10-08 20:27:06,2.02745
ap-northeast-2,g6.24xlarge,Linux,ap-northeast-2d,3.7009,2026-10-08 08:00:00+00:00,96.0,384.0,NVIDIA L4,4.0,89.40625,50 Gigabit,1.0,3760.0,x86_64,2026-10-08,2026-10-08 20:27:06,0.925225
ap-northeast-2,g6.12xlarge,Windows,ap-northeast-2c,4.7545,2026-10-08 08:00:00+00:00,48.0,192.0,NVIDIA L4,4.0,89.40625,40 Gigabit,1.0,3760.0,x86_64,2026-10-08,2026-10-08 20:27:06,1.188625
ap-northeast-2,g6.12xlarge,Windows,ap-northeast-2a,4.7543,2026-10-08 08:00:00+00:00,48.0,192.0,NVIDIA L4,4.0,89.40625,40 Gigabit,1.0,3760.0,x86_64,2026-10-08,2026-10-08 20:27:06,1.188575
ap-northeast-2,g5g.8xlarge,Linux,ap-northeast-2c,0.7594,2026-10-08 08:00:00+00:00,32.0,64.0,NVIDIA T4g,1.0,16.0,12 Gigabit,1.0,0.0,arm64,2026-10-08,2026-10-08 20:27:06,0.7594
ap-northeast-2,g5g.4xlarge,Linux,ap-northeast-2a,0.4584,2026-10-08 08:00:00+00:00,16.0,32.0,NVIDIA T4g,1.0,16.0,Up to 10 Gigabit,1.0,0.0,arm64,2026-10-08,2026-10-08 20:27:06,0.4584
ap-northeast-2,g5.8xlarge,Windows,ap-northeast-2a,2.8266,2026-10-08 08:00:00+00:00,32.0,128.0,NVIDIA A10G,1.0,22.3515625,25 Gigabit,1.0,900.0,x86_64,2026-10-08,2026-10-08 20:27:06,2.8266
ap-northeast-2,g5.48xlarge,Windows,ap-northeast-2d,17.8446,2026-10-08 08:00:00+00:00,192.0,768.0,NVIDIA A10G,8.0,178.8125,100 Gigabit,1.0,7600.0,x86_64,2026-10-08,2026-10-08 20:27:06,2.230575
ap-northeast-2,g5.24xlarge,Windows,ap-northeast-2a,8.9223,2026-10-08 08:00:00+00:00,96.0,384.0,NVIDIA A10G,4.0,89.40625,50 Gigabit,1.0,3800.0,x86_64,2026-10-08,2026-10-08 20:27:06,2.230575
ap-northeast-2,g6.8xlarge,Windows,ap-northeast-2a,2.5876,2026-10-08 08:00:00+00:00,32.0,128.0,NVIDIA L4,1.0,22.3515625,25 Gigabit,1.0,900.0,x86_64,2026-10-08,2026-10-08 20:27:06,2.5876
ap-northeast-2,g5.12xlarge,Windows,ap-northeast-2c,5.3465,2026-10-08 08:00:00+00:00,48.0,192.0,NVIDIA A10G,4.0,89.40625,40 Gigabit,1.0,3800.0,x86_64,2026-10-08,2026-10-08 20:27:06,1.336625
ap-northeast-2,g4dn.metal,Linux,ap-northeast-2c,4.6663,2026-10-08 08:00:00+00:00,96.0,384.0,NVIDIA T4,8.0,128.0,100 Gigabit,1.0,1800.0,x86_64,2026-10-08,2026-10-08 20:27:06,0.5832875
ap-northeast-2,g4dn.metal,Linux,ap-northeast-2a,4.3308,2026-10-08 08:00:00+00:00,96.0,384.0,NVIDIA T4,8.0,128.0,100 Gigabit,1.0,1800.0,x86_64,2026-10-08,2026-10-08 20:27:06,0.54135
ap-northeast-2,g4dn.4xlarge,Windows,ap-northeast-2c,1.4025,2026-10-08 08:00:00+00:00,16.0,64.0,NVIDIA T4,1.0,16.0,Up to 25 Gigabit,1.0,225.0,x86_64,2026-10-08,2026-10-08 20:27:06,1.4025
ap-northeast-2,g4dn.4xlarge,Windows,ap-northeast-2b,1.4025,2026-10-08 08:00:00+00:00,16.0,64.0,NVIDIA T4,1.0,16.0,Up to 25 Gigabit,1.0,225.0,x86_64,2026-10-08,2026-10-08 20:27:06,1.4025
ap-northeast-2,g4dn.2xlarge,Windows,ap-northeast-2c,0.7843,2026-10-08 08:00:00+00:00,8.0,32.0,NVIDIA T4,1.0,16.0,Up to 25 Gigabit,1.0,225.0,x86_64,2026-10-08,2026-10-08 20:27:06,0.7843
ap-northeast-2,g4dn.12xlarge,Windows,ap-northeast-2c,4.3734,2026-10-08 08:00:00+00:00,48.0,192.0,NVIDIA T4,4.0,64.0,50 Gigabit,1.0,900.0,x86_64,2026-10-08,2026-10-08 20:27:06,1.09335
ap-northeast-2,g4dn.12xlarge,Windows,ap-northeast-2b,4.3734,2026-10-08 08:00:00+00:00,48.0,192.0,NVIDIA T4,4.0,64.0,50 Gigabit,1.0,900.0,x86_64,2026-10-08,2026-10-08 20:27:06,1.09335
ap-northeast-2,g4dn.12xlarge,Linux,ap-northeast-2c,3.2031,2026-10-08 08:00:00+00:00,48.0,192.0,NVIDIA T4,4.0,64.0,50 Gigabit,1.0,900.0,x86_64,2026-10-08,2026-10-08 20:27:06,0.800775
ap-northeast-2,g6.4xlarge,Linux,ap-northeast-2c,0.7594,2026-10-08 08:00:00+00:00,16.0,64.0,NVIDIA L4,1.0,22.3515625,Up to 25 Gigabit,1.0,600.0,x86_64,2026-10-08,2026-10-08 20:27:06,0.7594
ap-northeast-2,g6.xlarge,Linux,ap-northeast-2d,0.4625,2026-10-08 08:00:00+00:00,4.0,16.0,NVIDIA L4,1.0,22.3515625,Up to 10 Gigabit,1.0,250.0,x86_64,2026-10-08,2026-10-08 20:27:06,0.4625
eu-west-3,inf2.xlarge,Linux,eu-west-3b,0.17,2026-10-08 08:00:00+00:00,4.0,16.0,Inferentia2,1.0,32.0,Up to 15 Gigabit,1.0,0.0,x86_64,2026-10-08,2026-10-08 20:27:06,0.17
ap-northeast-2,gr6f.4xlarge,Linux,ap-northeast-2c,0.1839,2026-10-08 08:00:00+00:00,16.0,128.0,NVIDIA L4,0.0,11.17578125,Up to 25 Gigabit,1.0,450.0,x86_64,2026-10-08,2026-10-08 20:27:06,
ap-southeast-1,g4dn.12xlarge,Windows,ap-southeast-1a,2.7554,2026-10-08 08:00:00+00:00,48.0,192.0,NVIDIA T4,4.0,64.0,50 Gigabit,1.0,900.0,x86_64,2026-10-08,2026-10-08 20:27:06,0.68885
ap-southeast-1,g4dn.16xlarge,Linux,ap-southeast-1b,1.9523,2026-10-08 08:00:00+00:00,64.0,256.0,NVIDIA T4,1.0,16.0,50 Gigabit,1.0,900.0,x86_64,2026-10-08,2026-10-08 20:27:06,1.9523
ap-southeast-1,inf1.2xlarge,Linux,ap-southeast-1b,0.1178,2026-10-08 08:00:00+00:00,8.0,16.0,Inferentia,1.0,8.0,Up to 25 Gigabit,1.0,0.0,x86_64,2026-10-08,2026-10-08 20:27:06,0.1178
ap-southeast-1,inf1.6xlarge,Linux,ap-southeast-1b,0.3074,2026-10-08 08:00:00+00:00,24.0,48.0,Inferentia,4.0,32.0,25 Gigabit,1.0,0.0,x86_64,2026-10-08,2026-10-08 20:27:06,0.07685
ap-northeast-2,p5.48xlarge,Linux,ap-northeast-2a,34.6902,2026-10-08 08:00:00+00:00,192.0,2048.0,NVIDIA H100,8.0,640.0,3200 Gigabit,32.0,30400.0,x86_64,2026-10-08,2026-10-08 20:27:06,4.336275
ap-northeast-2,inf1.2xlarge,Linux,ap-northeast-2a,0.0446,2026-10-08 08:00:00+00:00,8.0,16.0,Inferentia,1.0,8.0,Up to 25 Gigabit,1.0,0.0,x86_64,2026-10-08,2026-10-08 20:27:06,0.0446
ap-northeast-2,inf1.24xlarge,Linux,ap-northeast-2a,0.5812,2026-10-08 08:00:00+00:00,96.0,192.0,Inferentia,16.0,128.0,100 Gigabit,1.0,0.0,x86_64,2026-10-08,2026-10-08 20:27:06,0.036325
ap-northeast-2,gr6f.4xlarge,Windows,ap-northeast-2d,0.8671,2026-10-08 08:00:00+00:00,16.0,128.0,NVIDIA L4,0.0,11.17578125,Up to 25 Gigabit,1.0,450.0,x86_64,2026-10-08,2026-10-08 20:27:06,
ap-northeast-2,gr6f.4xlarge,Linux,ap-northeast-2d,0.2282,2026-10-08 08:00:00+00:00,16.0,128.0,NVIDIA L4,0.0,11.17578125,Up to 25 Gigabit,1.0,450.0,x86_64,2026-10-08,2026-10-08 20:27:06,
ap-northeast-2,gr6.4xlarge,Windows,ap-northeast-2d,0.9253,2026-10-08 08:00:00+00:00,16.0,128.0,NVIDIA L4,1.0,22.3515625,Up to 25 Gigabit,1.0,600.0,x86_64,2026-10-08,2026-10-08 20:27:06,0.9253
ap-northeast-2,g6.xlarge,Windows,ap-northeast-2c,0.6293,2026-10-08 08:00:00+00:00,4.0,16.0,NVIDIA L4,1.0,22.3515625,Up to 10 Gigabit,1.0,250.0,x86_64,2026-10-08,2026-10-08 20:27:06,0.6293
ap-northeast-2,g7e.4xlarge,Linux,ap-northeast-2b,4.424,2026-10-08 08:00:00+00:00,16.0,128.0,NVIDIA RTX PRO Server 6000,1.0,96.0,50 Gigabit,1.0,1900.0,x86_64,2026-10-08,2026-10-08 20:27:06,4.424
ap-northeast-2,g7e.2xlarge,Windows,ap-northeast-2b,2.2289,2026-10-08 08:00:00+00:00,8.0,64.0,NVIDIA RTX PRO Server 6000,1.0,96.0,50 Gigabit,1.0,1900.0,x86_64,2026-10-08,2026-10-08 20:27:06,2.2289
ap-northeast-2,g7e.24xlarge,Windows,ap-northeast-2a,22.7531,2026-10-08 08:00:00+00:00,96.0,1024.0,NVIDIA RTX PRO Server 6000,4.0,384.0,800 Gigabit,2.0,7600.0,x86_64,2026-10-08,2026-10-08 20:27:06,5.688275
ap-northeast-2,g7e.12xlarge,Linux,ap-northeast-2b,9.1686,2026-10-08 08:00:00+00:00,48.0,512.0,NVIDIA RTX PRO Server 6000,2.0,192.0,400 Gigabit,1.0,3800.0,x86_64,2026-10-08,2026-10-08 20:27:06,4.5843
ap-northeast-2,g6f.4xlarge,Linux,ap-northeast-2a,0.5266,2026-10-08 08:00:00+00:00,16.0,64.0,NVIDIA L4,0.0,11.17578125,Up to 25 Gigabit,1.0,450.0,x86_64,2026-10-08,2026-10-08 20:27:06,
ap-northeast-2,g6e.4xlarge,Windows,ap-northeast-2b,2.4016,2026-10-08 08:00:00+00:00,16.0,128.0,NVIDIA L40S,1.0,44.703125,20 Gigabit,1.0,600.0,x86_64,2026-10-08,2026-10-08 20:27:06,2.4016
ap-northeast-2,g6e.4xlarge,Windows,ap-northeast-2a,2.3983,2026-10-08 08:00:00+00:00,16.0,128.0,NVIDIA L40S,1.0,44.703125,20 Gigabit,1.0,600.0,x86_64,2026-10-08,2026-10-08 20:27:06,2.3983
ap-northeast-2,g6e.2xlarge,Linux,ap-northeast-2b,1.3194,2026-10-08 08:00:00+00:00,8.0,64.0,NVIDIA L40S,1.0,44.703125,Up to 20 Gigabit,1.0,450.0,x86_64,2026-10-08,2026-10-08 20:27:06,1.3194
ap-northeast-2,g6e.16xlarge,Windows,ap-northeast-2b,7.1377,2026-10-08 08:00:00+00:00,64.0,512.0,NVIDIA L40S,1.0,44.703125,35 Gigabit,1.0,1900.0,x86_64,2026-10-08,2026-10-08 20:27:06,7.1377
eu-west-3,inf1.6xlarge,Linux,eu-west-3c,0.1885,2026-10-08 08:00:00+00:00,24.0,48.0,Inferentia,4.0,32.0,25 Gigabit,1.0,0.0,x86_64,2026-10-08,2026-10-08 20:27:06,0.047125
ap-south-1,inf1.2xlarge,Linux,ap-south-1c,0.1129,2026-10-08 08:00:00+00:00,8.0,16.0,Inferentia,1.0,8.0,Up to 25 Gigabit,1.0,0.0,x86_64,2026-10-08,2026-10-08 20:27:06,0.1129
sa-east-1,inf2.24xlarge,Linux,sa-east-1c,1.1034,2026-10-08 08:00:00+00:00,96.0,384.0,Inferentia2,6.0,192.0,50 Gigabit,1.0,0.0,x86_64,2026-10-08,2026-10-08 20:27:06,0.18389999999999998
eu-west-2,g5.24xlarge,Windows,eu-west-2b,14.7539,2026-10-08 08:00:00+00:00,96.0,384.0,NVIDIA A10G,4.0,89.40625,50 Gigabit,1.0,3800.0,x86_64,2026-10-08,2026-10-08 20:27:06,3.688475
eu-west-1,inf2.48xlarge,Linux,eu-west-1a,1.8501,2026-10-08 08:00:00+00:00,192.0,768.0,Inferentia2,12.0,384.0,100 Gigabit,1.0,0.0,x86_64,2026-10-08,2026-10-08 20:27:06,0.154175
eu-west-2,g7e.2xlarge,Windows,eu-west-2c,1.0274,2026-10-08 08:00:00+00:00,8.0,64.0,NVIDIA RTX PRO Server 6000,1.0,96.0,50 Gigabit,1.0,1900.0,x86_64,2026-10-08,2026-10-08 20:27:06,1.0274
eu-west-2,g7e.24xlarge,Linux,eu-west-2a,12.7346,2026-10-08 08:00:00+00:00,96.0,1024.0,NVIDIA RTX PRO Server 6000,4.0,384.0,800 Gigabit,2.0,7600.0,x86_64,2026-10-08,2026-10-08 20:27:06,3.18365
eu-west-2,g6f.xlarge,Windows,eu-west-2a,0.2181,2026-10-08 08:00:00+00:00,4.0,16.0,NVIDIA L4,0.0,2.7939453125,Up to 10 Gigabit,1.0,100.0,x86_64,2026-10-08,2026-10-08 20:27:06,
eu-west-2,g4dn.16xlarge,Windows,eu-west-2a,3.4532,2026-10-08 08:00:00+00:00,64.0,256.0,NVIDIA T4,1.0,16.0,50 Gigabit,1.0,900.0,x86_64,2026-10-08,2026-10-08 20:27:06,3.4532
eu-west-2,g4dn.2xlarge,Windows,eu-west-2b,0.456,2026-10-08 08:00:00+00:00,8.0,32.0,NVIDIA T4,1.0,16.0,Up to 25 Gigabit,1.0,225.0,x86_64,2026-10-08,2026-10-08 20:27:06,0.456
eu-west-2,g4dn.4xlarge,Linux,eu-west-2a,0.4557,2026-10-08 08:00:00+00:00,16.0,64.0,NVIDIA T4,1.0,16.0,Up to 25 Gigabit,1.0,225.0,x86_64,2026-10-08,2026-10-08 20:27:06,0.4557
eu-west-2,g4dn.xlarge,Linux,eu-west-2a,0.1866,2026-10-08 08:00:00+00:00,4.0,16.0,NVIDIA T4,1.0,16.0,Up to 25 Gigabit,1.0,125.0,x86_64,2026-10-08,2026-10-08 20:27:06,0.1866
eu-west-2,g5.12xlarge,Linux,eu-west-2a,4.7402,2026-10-08 08:00:00+00:00,48.0,192.0,NVIDIA A10G,4.0,89.40625,40 Gigabit,1.0,3800.0,x86_64,2026-10-08,2026-10-08 20:27:06,1.18505
eu-west-2,g5.2xlarge,Windows,eu-west-2a,0.5218,2026-10-08 08:00:00+00:00,8.0,32.0,NVIDIA A10G,1.0,22.3515625,Up to 10 Gigabit,1.0,450.0,x86_64,2026-10-08,2026-10-08 20:27:06,0.5218
eu-west-1,g5.xlarge,Linux,eu-west-1a,0.6654,2026-10-08 08:00:00+00:00,4.0,16.0,NVIDIA A10G,1.0,22.3515625,Up to 10 Gigabit,1.0,250.0,x86_64,2026-10-08,2026-10-08 20:27:06,0.6654
eu-west-2,g5.2xlarge,Windows,eu-west-2b,0.5405,2026-10-08 08:00:00+00:00,8.0,32.0,NVIDIA A10G,1.0,22.3515625,Up to 10 Gigabit,1.0,450.0,x86_64,2026-10-08,2026-10-08 20:27:06,0.5405
eu-west-2,g5.xlarge,Windows,eu-west-2b,0.3511,2026-10-08 08:00:00+00:00,4.0,16.0,NVIDIA A10G,1.0,22.3515625,Up to 10 Gigabit,1.0,250.0,x86_64,2026-10-08,2026-10-08 20:27:06,0.3511
eu-west-2,g6f.large,Linux,eu-west-2b,0.0719,2026-10-08 08:00:00+00:00,2.0,8.0,NVIDIA L4,0.0,2.7939453125,Up to 10 Gigabit,1.0,100.0,x86_64,2026-10-08,2026-10-08 20:27:06,
eu-west-2,g6f.large,Linux,eu-west-2a,0.0558,2026-10-08 08:00:00+00:00,2.0,8.0,NVIDIA L4,0.0,2.7939453125,Up to 10 Gigabit,1.0,100.0,x86_64,2026-10-08,2026-10-08 20:27:06,
eu-west-2,g6f.4xlarge,Windows,eu-west-2a,0.8566,2026-10-08 08:00:00+00:00,16.0,64.0,NVIDIA L4,0.0,11.17578125,Up to 25 Gigabit,1.0,450.0,x86_64,2026-10-08,2026-10-08 20:27:06,
eu-west-2,g6.xlarge,Windows,eu-west-2b,0.2996,2026-10-08 08:00:00+00:00,4.0,16.0,NVIDIA L4,1.0,22.3515625,Up to 10 Gigabit,1.0,250.0,x86_64,2026-10-08,2026-10-08 20:27:06,0.2996
ap-northeast-3,g4dn.2xlarge,Windows,ap-northeast-3c,0.4695,2026-10-08 08:00:00+00:00,8.0,32.0,NVIDIA T4,1.0,16.0,Up to 25 Gigabit,1.0,225.0,x86_64,2026-10-08,2026-10-08 20:27:06,0.4695
ap-northeast-3,g4dn.8xlarge,Linux,ap-northeast-3c,0.7363,2026-10-08 08:00:00+00:00,32.0,128.0,NVIDIA T4,1.0,16.0,50 Gigabit,1.0,900.0,x86_64,2026-10-08,2026-10-08 20:27:06,0.7363
ap-northeast-3,g4dn.metal,Linux,ap-northeast-3c,4.2419,2026-10-08 08:00:00+00:00,96.0,384.0,NVIDIA T4,8.0,128.0,100 Gigabit,1.0,1800.0,x86_64,2026-10-08,2026-10-08 20:27:06,0.5302375
eu-west-1,inf1.6xlarge,Linux,eu-west-1b,0.3562,2026-10-08 08:00:00+00:00,24.0,48.0,Inferentia,4.0,32.0,25 Gigabit,1.0,0.0,x86_64,2026-10-08,2026-10-08 20:27:06,0.08905
eu-west-1,g5.24xlarge,Windows,eu-west-1b,6.3199,2026-10-08 08:00:00+00:00,96.0,384.0,NVIDIA A10G,4.0,89.40625,50 Gigabit,1.0,3800.0,x86_64,2026-10-08,2026-10-08 20:27:06,1.579975
ap-south-1,p5.48xlarge,Linux,ap-south-1c,24.7532,2026-10-08 08:00:00+00:00,192.0,2048.0,NVIDIA H100,8.0,640.0,3200 Gigabit,32.0,30400.0,x86_64,2026-10-08,2026-10-08 20:27:06,3.09415
eu-west-2,gr6.8xlarge,Linux,eu-west-2a,0.7273,2026-10-08 08:00:00+00:00,32.0,256.0,NVIDIA L4,1.0,22.3515625,25 Gigabit,1.0,900.0,x86_64,2026-10-08,2026-10-08 20:27:06,0.7273
eu-west-2,p5.4xlarge,Windows,eu-west-2b,9.68,2026-10-08 08:00:00+00:00,16.0,256.0,NVIDIA H100,1.0,80.0,100 Gigabit,1.0,3800.0,x86_64,2026-10-08,2026-10-08 20:27:06,9.68
eu-west-2,inf1.xlarge,Linux,eu-west-2a,0.0404,2026-10-08 08:00:00+00:00,4.0,8.0,Inferentia,1.0,8.0,Up to 25 Gigabit,1.0,0.0,x86_64,2026-10-08,2026-10-08 20:27:06,0.0404
eu-west-2,inf1.xlarge,Linux,eu-west-2c,0.0374,2026-10-08 08:00:00+00:00,4.0,8.0,Inferentia,1.0,8.0,Up to 25 Gigabit,1.0,0.0,x86_64,2026-10-08,2026-10-08 20:27:06,0.0374
eu-west-1,g5.24xlarge,Linux,eu-west-1a,3.8849,2026-10-08 08:00:00+00:00,96.0,384.0,NVIDIA A10G,4.0,89.40625,50 Gigabit,1.0,3800.0,x86_64,2026-10-08,2026-10-08 20:27:06,0.971225
eu-west-2,gr6f.4xlarge,Windows,eu-west-2b,0.8895,2026-10-08 08:00:00+00:00,16.0,128.0,NVIDIA L4,0.0,11.17578125,Up to 25 Gigabit,1.0,450.0,x86_64,2026-10-08,2026-10-08 20:27:06,
eu-west-2,gr6f.4xlarge,Linux,eu-west-2a,0.3362,2026-10-08 08:00:00+00:00,16.0,128.0,NVIDIA L4,0.0,11.17578125,Up to 25 Gigabit,1.0,450.0,x86_64,2026-10-08,2026-10-08 20:27:06,
eu-west-2,inf1.2xlarge,Linux,eu-west-2c,0.0757,2026-10-08 08:00:00+00:00,8.0,16.0,Inferentia,1.0,8.0,Up to 25 Gigabit,1.0,0.0,x86_64,2026-10-08,2026-10-08 20:27:06,0.0757
eu-west-1,g4dn.metal,Windows,eu-west-1b,5.2884,2026-10-08 08:00:00+00:00,96.0,384.0,NVIDIA T4,8.0,128.0,100 Gigabit,1.0,1800.0,x86_64,2026-10-08,2026-10-08 20:27:06,0.66105
eu-west-1,g4dn.xlarge,Linux,eu-west-1c,0.3588,2026-10-08 08:00:00+00:00,4.0,16.0,NVIDIA T4,1.0,16.0,Up to 25 Gigabit,1.0,125.0,x86_64,2026-10-08,2026-10-08 20:27:06,0.3588
eu-west-1,g4dn.xlarge,Windows,eu-west-1b,0.4256,2026-10-08 08:00:00+00:00,4.0,16.0,NVIDIA T4,1.0,16.0,Up to 25 Gigabit,1.0,125.0,x86_64,2026-10-08,2026-10-08 20:27:06,0.4256
eu-west-1,g5.12xlarge,Windows,eu-west-1b,3.6578,2026-10-08 08:00:00+00:00,48.0,192.0,NVIDIA A10G,4.0,89.40625,40 Gigabit,1.0,3800.0,x86_64,2026-10-08,2026-10-08 20:27:06,0.91445
eu-west-1,g5.16xlarge,Linux,eu-west-1b,1.2862,2026-10-08 08:00:00+00:00,64.0,256.0,NVIDIA A10G,1.0,22.3515625,25 Gigabit,1.0,1900.0,x86_64,2026-10-08,2026-10-08 20:27:06,1.2862
eu-west-1,g5.24xlarge,Linux,eu-west-1c,4.4675,2026-10-08 08:00:00+00:00,96.0,384.0,NVIDIA A10G,4.0,89.40625,50 Gigabit,1.0,3800.0,x86_64,2026-10-08,2026-10-08 20:27:06,1.116875
sa-east-1,g4dn.metal,Windows,sa-east-1b,5.7458,2026-10-08 08:00:00+00:00,96.0,384.0,NVIDIA T4,8.0,128.0,100 Gigabit,1.0,1800.0,x86_64,2026-10-08,2026-10-08 20:27:06,0.718225
ap-southeast-2,inf1.6xlarge,Linux,ap-southeast-2c,0.3668,2026-10-08 07:00:00+00:00,24.0,48.0,Inferentia,4.0,32.0,25 Gigabit,1.0,0.0,x86_64,2026-10-08,2026-10-08 20:27:06,0.0917
ap-southeast-2,inf1.24xlarge,Linux,ap-southeast-2b,0.8622,2026-10-08 07:00:00+00:00,96.0,192.0,Inferentia,16.0,128.0,100 Gigabit,1.0,0.0,x86_64,2026-10-08,2026-10-08 20:27:06,0.0538875
ap-southeast-2,inf1.24xlarge,Linux,ap-southeast-2a,0.8609,2026-10-08 07:00:00+00:00,96.0,192.0,Inferentia,16.0,128.0,100 Gigabit,1.0,0.0,x86_64,2026-10-08,2026-10-08 20:27:06,0.05380625
ap-southeast-2,gr6f.4xlarge,Linux,ap-southeast-2a,0.2161,2026-10-08 07:00:00+00:00,16.0,128.0,NVIDIA L4,0.0,11.17578125,Up to 25 Gigabit,1.0,450.0,x86_64,2026-10-08,2026-10-08 20:27:06,
ap-southeast-2,gr6.8xlarge,Linux,ap-southeast-2a,1.0541,2026-10-08 07:00:00+00:00,32.0,256.0,NVIDIA L4,1.0,22.3515625,25 Gigabit,1.0,900.0,x86_64,2026-10-08,2026-10-08 20:27:06,1.0541
ap-southeast-2,gr6.4xlarge,Linux,ap-southeast-2a,0.9211,2026-10-08 07:00:00+00:00,16.0,128.0,NVIDIA L4,1.0,22.3515625,Up to 25 Gigabit,1.0,600.0,x86_64,2026-10-08,2026-10-08 20:27:06,0.9211
ap-southeast-2,g6f.large,Windows,ap-southeast-2c,0.3546,2026-10-08 07:00:00+00:00,2.0,8.0,NVIDIA L4,0.0,2.7939453125,Up to 10 Gigabit,1.0,100.0,x86_64,2026-10-08,2026-10-08 20:27:06,
ap-southeast-1,g4dn.12xlarge,Linux,ap-southeast-1a,1.7913,2026-10-08 07:00:00+00:00,48.0,192.0,NVIDIA T4,4.0,64.0,50 Gigabit,1.0,900.0,x86_64,2026-10-08,2026-10-08 20:27:06,0.447825
eu-west-3,inf1.2xlarge,Linux,eu-west-3a,0.0921,2026-10-08 07:00:00+00:00,8.0,16.0,Inferentia,1.0,8.0,Up to 25 Gigabit,1.0,0.0,x86_64,2026-10-08,2026-10-08 20:27:06,0.0921
us-east-2,p5e.48xlarge,Linux,us-east-2c,37.3638,2026-10-08 07:00:00+00:00,,,,,,,,,,2026-10-08,2026-10-08 20:27:06,
us-east-2,gr6.8xlarge,Windows,us-east-2a,1.7166,2026-10-08 07:00:00+00:00,32.0,256.0,NVIDIA L4,1.0,22.3515625,25 Gigabit,1.0,900.0,x86_64,2026-10-08,2026-10-08 20:27:06,1.7166
us-east-2,gr6.8xlarge,Linux,us-east-2b,0.5763,2026-10-08 07:00:00+00:00,32.0,256.0,NVIDIA L4,1.0,22.3515625,25 Gigabit,1.0,900.0,x86_64,2026-10-08,2026-10-08 20:27:06,0.5763
us-east-2,g7.2xlarge,Linux,us-east-2a,1.1769,2026-10-08 07:00:00+00:00,8.0,32.0,NVIDIA RTX PRO 4500,1.0,32.0,Up to 60 Gigabit,1.0,440.0,x86_64,2026-10-08,2026-10-08 20:27:06,1.1769
us-east-2,g7.24xlarge,Linux,us-east-2c,6.4159,2026-10-08 07:00:00+00:00,96.0,384.0,NVIDIA RTX PRO 4500,4.0,128.0,350 Gigabit,1.0,3800.0,x86_64,2026-10-08,2026-10-08 20:27:06,1.603975
us-east-2,g6f.xlarge,Windows,us-east-2a,0.2909,2026-10-08 07:00:00+00:00,4.0,16.0,NVIDIA L4,0.0,2.7939453125,Up to 10 Gigabit,1.0,100.0,x86_64,2026-10-08,2026-10-08 20:27:06,
us-east-2,g6f.large,Linux,us-east-2c,0.091,2026-10-08 07:00:00+00:00,2.0,8.0,NVIDIA L4,0.0,2.7939453125,Up to 10 Gigabit,1.0,100.0,x86_64,2026-10-08,2026-10-08 20:27:06,
us-east-2,g6e.2xlarge,Linux,us-east-2a,1.2302,2026-10-08 07:00:00+00:00,8.0,64.0,NVIDIA L40S,1.0,44.703125,Up to 20 Gigabit,1.0,450.0,x86_64,2026-10-08,2026-10-08 20:27:06,1.2302
us-east-2,g6e.24xlarge,Windows,us-east-2a,17.975,2026-10-08 07:00:00+00:00,96.0,768.0,NVIDIA L40S,4.0,178.8125,200 Gigabit,2.0,3800.0,x86_64,2026-10-08,2026-10-08 20:27:06,4.49375
us-east-2,g6e.16xlarge,Windows,us-east-2b,6.3539,2026-10-08 07:00:00+00:00,64.0,512.0,NVIDIA L40S,1.0,44.703125,35 Gigabit,1.0,1900.0,x86_64,2026-10-08,2026-10-08 20:27:06,6.3539
us-east-2,g6e.16xlarge,Linux,us-east-2a,3.7399,2026-10-08 07:00:00+00:00,64.0,512.0,NVIDIA L40S,1.0,44.703125,35 Gigabit,1.0,1900.0,x86_64,2026-10-08,2026-10-08 20:27:06,3.7399
us-east-2,g6.4xlarge,Linux,us-east-2c,0.6723,2026-10-08 07:00:00+00:00,16.0,64.0,NVIDIA L4,1.0,22.3515625,Up to 25 Gigabit,1.0,600.0,x86_64,2026-10-08,2026-10-08 20:27:06,0.6723
us-east-2,g6.2xlarge,Linux,us-east-2c,0.4721,2026-10-08 07:00:00+00:00,8.0,32.0,NVIDIA L4,1.0,22.3515625,Up to 10 Gigabit,1.0,450.0,x86_64,2026-10-08,2026-10-08 20:27:06,0.4721
us-east-2,g6.24xlarge,Linux,us-east-2b,3.2038,2026-10-08 07:00:00+00:00,96.0,384.0,NVIDIA L4,4.0,89.40625,50 Gigabit,1.0,3760.0,x86_64,2026-10-08,2026-10-08 20:27:06,0.80095
us-east-2,g5.8xlarge,Windows,us-east-2c,2.5736,2026-10-08 07:00:00+00:00,32.0,128.0,NVIDIA A10G,1.0,22.3515625,25 Gigabit,1.0,900.0,x86_64,2026-10-08,2026-10-08 20:27:06,2.5736
us-east-2,g5.48xlarge,Windows,us-east-2a,23.4912,2026-10-08 07:00:00+00:00,192.0,768.0,NVIDIA A10G,8.0,178.8125,100 Gigabit,1.0,7600.0,x86_64,2026-10-08,2026-10-08 20:27:06,2.9364
us-east-2,g5.2xlarge,Windows,us-east-2c,0.9135,2026-10-08 07:00:00+00:00,8.0,32.0,NVIDIA A10G,1.0,22.3515625,Up to 10 Gigabit,1.0,450.0,x86_64,2026-10-08,2026-10-08 20:27:06,0.9135
us-east-2,g5.2xlarge,Linux,us-east-2c,0.6271,2026-10-08 07:00:00+00:00,8.0,32.0,NVIDIA A10G,1.0,22.3515625,Up to 10 Gigabit,1.0,450.0,x86_64,2026-10-08,2026-10-08 20:27:06,0.6271
us-east-2,g5.24xlarge,Windows,us-east-2c,8.0808,2026-10-08 07:00:00+00:00,96.0,384.0,NVIDIA A10G,4.0,89.40625,50 Gigabit,1.0,3800.0,x86_64,2026-10-08,2026-10-08 20:27:06,2.0202
us-east-2,g5.24xlarge,Linux,us-east-2a,3.8555,2026-10-08 07:00:00+00:00,96.0,384.0,NVIDIA A10G,4.0,89.40625,50 Gigabit,1.0,3800.0,x86_64,2026-10-08,2026-10-08 20:27:06,0.963875
us-east-2,g5.16xlarge,Windows,us-east-2a,4.7872,2026-10-08 07:00:00+00:00,64.0,256.0,NVIDIA A10G,1.0,22.3515625,25 Gigabit,1.0,1900.0,x86_64,2026-10-08,2026-10-08 20:27:06,4.7872
us-east-2,g4dn.metal,Linux,us-east-2b,4.1666,2026-10-08 07:00:00+00:00,96.0,384.0,NVIDIA T4,8.0,128.0,100 Gigabit,1.0,1800.0,x86_64,2026-10-08,2026-10-08 20:27:06,0.520825
us-east-2,inf2.xlarge,Linux,us-east-2b,0.0758,2026-10-08 07:00:00+00:00,4.0,16.0,Inferentia2,1.0,32.0,Up to 15 Gigabit,1.0,0.0,x86_64,2026-10-08,2026-10-08 20:27:06,0.0758
us-east-2,p6-b200.48xlarge,Linux,us-east-2c,56.1771,2026-10-08 07:00:00+00:00,192.0,2048.0,NVIDIA B200,8.0,1432.4921875,3200 Gigabit,8.0,30400.0,x86_64,2026-10-08,2026-10-08 20:27:06,7.0221375
eu-west-3,inf1.24xlarge,Linux,eu-west-3c,0.7477,2026-10-08 07:00:00+00:00,96.0,192.0,Inferentia,16.0,128.0,100 Gigabit,1.0,0.0,x86_64,2026-10-08,2026-10-08 20:27:06,0.04673125
us-east-2,trn1.2xlarge,Linux,us-east-2c,0.1344,2026-10-08 07:00:00+00:00,8.0,32.0,Trainium,1.0,32.0,Up to 12.5 Gigabit,1.0,474.0,x86_64,2026-10-08,2026-10-08 20:27:06,0.1344
eu-west-3,g6.48xlarge,Linux,eu-west-3c,5.6144,2026-10-08 07:00:00+00:00,192.0,768.0,NVIDIA L4,8.0,178.8125,100 Gigabit,1.0,7520.0,x86_64,2026-10-08,2026-10-08 20:27:06,0.7018
eu-west-3,g6.2xlarge,Linux,eu-west-3c,0.3629,2026-10-08 07:00:00+00:00,8.0,32.0,NVIDIA L4,1.0,22.3515625,Up to 10 Gigabit,1.0,450.0,x86_64,2026-10-08,2026-10-08 20:27:06,0.3629
eu-west-3,g5.xlarge,Linux,eu-west-3c,0.3355,2026-10-08 07:00:00+00:00,4.0,16.0,NVIDIA A10G,1.0,22.3515625,Up to 10 Gigabit,1.0,250.0,x86_64,2026-10-08,2026-10-08 20:27:06,0.3355
eu-west-3,g5.xlarge,Linux,eu-west-3b,0.369,2026-10-08 07:00:00+00:00,4.0,16.0,NVIDIA A10G,1.0,22.3515625,Up to 10 Gigabit,1.0,250.0,x86_64,2026-10-08,2026-10-08 20:27:06,0.369
eu-west-3,g5.8xlarge,Windows,eu-west-3c,4.5795,2026-10-08 07:00:00+00:00,32.0,128.0,NVIDIA A10G,1.0,22.3515625,25 Gigabit,1.0,900.0,x86_64,2026-10-08,2026-10-08 20:27:06,4.5795
ap-southeast-2,g6f.2xlarge,Linux,ap-southeast-2a,0.2003,2026-10-08 07:00:00+00:00,8.0,32.0,NVIDIA L4,0.0,5.587890625,Up to 10 Gigabit,1.0,200.0,x86_64,2026-10-08,2026-10-08 20:27:06,
ap-south-1,inf2.48xlarge,Linux,ap-south-1b,5.0268,2026-10-08 07:00:00+00:00,192.0,768.0,Inferentia2,12.0,384.0,100 Gigabit,1.0,0.0,x86_64,2026-10-08,2026-10-08 20:27:06,0.4189
ap-south-1,gr6f.4xlarge,Linux,ap-south-1b,1.2801,2026-10-08 07:00:00+00:00,16.0,128.0,NVIDIA L4,0.0,11.17578125,Up to 25 Gigabit,1.0,450.0,x86_64,2026-10-08,2026-10-08 20:27:06,
ap-south-1,g7e.2xlarge,Linux,ap-south-1a,3.1046,2026-10-08 07:00:00+00:00,8.0,64.0,NVIDIA RTX PRO Server 6000,1.0,96.0,50 Gigabit,1.0,1900.0,x86_64,2026-10-08,2026-10-08 20:27:06,3.1046
ap-south-1,g7e.12xlarge,Linux,ap-south-1a,13.5338,2026-10-08 07:00:00+00:00,48.0,512.0,NVIDIA RTX PRO Server 6000,2.0,192.0,400 Gigabit,1.0,3800.0,x86_64,2026-10-08,2026-10-08 20:27:06,6.7669
ap-south-1,g6f.xlarge,Linux,ap-south-1b,0.2852,2026-10-08 07:00:00+00:00,4.0,16.0,NVIDIA L4,0.0,2.7939453125,Up to 10 Gigabit,1.0,100.0,x86_64,2026-10-08,2026-10-08 20:27:06,
ap-south-1,g6e.8xlarge,Windows,ap-south-1b,3.6253,2026-10-08 07:00:00+00:00,32.0,256.0,NVIDIA L40S,1.0,44.703125,25 Gigabit,1.0,900.0,x86_64,2026-10-08,2026-10-08 20:27:06,3.6253
ap-south-1,g6e.48xlarge,Windows,ap-south-1a,45.0186,2026-10-08 07:00:00+00:00,192.0,1536.0,NVIDIA L40S,8.0,357.625,400 Gigabit,4.0,7600.0,x86_64,2026-10-08,2026-10-08 20:27:06,5.627325
ap-south-1,g6e.2xlarge,Linux,ap-south-1a,2.0241,2026-10-08 07:00:00+00:00,8.0,64.0,NVIDIA L40S,1.0,44.703125,Up to 20 Gigabit,1.0,450.0,x86_64,2026-10-08,2026-10-08 20:27:06,2.0241
ap-south-1,g6e.24xlarge,Linux,ap-south-1b,18.0933,2026-10-08 07:00:00+00:00,96.0,768.0,NVIDIA L40S,4.0,178.8125,200 Gigabit,2.0,3800.0,x86_64,2026-10-08,2026-10-08 20:27:06,4.523325
ap-south-1,g6e.16xlarge,Windows,ap-south-1b,3.887,2026-10-08 07:00:00+00:00,64.0,512.0,NVIDIA L40S,1.0,44.703125,35 Gigabit,1.0,1900.0,x86_64,2026-10-08,2026-10-08 20:27:06,3.887
ap-south-1,g6.xlarge,Windows,ap-south-1b,0.4069,2026-10-08 07:00:00+00:00,4.0,16.0,NVIDIA L4,1.0,22.3515625,Up to 10 Gigabit,1.0,250.0,x86_64,2026-10-08,2026-10-08 20:27:06,0.4069
ap-south-1,g6.48xlarge,Linux,ap-south-1b,16.0311,2026-10-08 07:00:00+00:00,192.0,768.0,NVIDIA L4,8.0,178.8125,100 Gigabit,1.0,7520.0,x86_64,2026-10-08,2026-10-08 20:27:06,2.0038875
ap-south-1,g6.24xlarge,Windows,ap-south-1a,12.4316,2026-10-08 07:00:00+00:00,96.0,384.0,NVIDIA L4,4.0,89.40625,50 Gigabit,1.0,3760.0,x86_64,2026-10-08,2026-10-08 20:27:06,3.1079
ap-south-1,g6.24xlarge,Linux,ap-south-1b,2.1878,2026-10-08 07:00:00+00:00,96.0,384.0,NVIDIA L4,4.0,89.40625,50 Gigabit,1.0,3760.0,x86_64,2026-10-08,2026-10-08 20:27:06,0.54695
ap-south-1,g6.16xlarge,Linux,ap-south-1b,1.3743,2026-10-08 07:00:00+00:00,64.0,256.0,NVIDIA L4,1.0,22.3515625,25 Gigabit,1.0,1880.0,x86_64,2026-10-08,2026-10-08 20:27:06,1.3743
ap-southeast-2,g6f.2xlarge,Windows,ap-southeast-2c,0.5552,2026-10-08 07:00:00+00:00,8.0,32.0,NVIDIA L4,0.0,5.587890625,Up to 10 Gigabit,1.0,200.0,x86_64,2026-10-08,2026-10-08 20:27:06,
us-west-2,g6e.16xlarge,Linux,us-west-2b,3.0374,2026-10-08 07:00:00+00:00,64.0,512.0,NVIDIA L40S,1.0,44.703125,35 Gigabit,1.0,1900.0,x86_64,2026-10-08,2026-10-08 20:27:06,3.0374
ap-southeast-2,g6.48xlarge,Linux,ap-southeast-2a,4.1938,2026-10-08 07:00:00+00:00,192.0,768.0,NVIDIA L4,8.0,178.8125,100 Gigabit,1.0,7520.0,x86_64,2026-10-08,2026-10-08 20:27:06,0.524225
eu-west-2,gr6.8xlarge,Windows,eu-west-2a,1.8019,2026-10-08 07:00:00+00:00,32.0,256.0,NVIDIA L4,1.0,22.3515625,25 Gigabit,1.0,900.0,x86_64,2026-10-08,2026-10-08 20:27:06,1.8019
eu-west-2,g6.8xlarge,Windows,eu-west-2c,1.7458,2026-10-08 07:00:00+00:00,32.0,128.0,NVIDIA L4,1.0,22.3515625,25 Gigabit,1.0,900.0,x86_64,2026-10-08,2026-10-08 20:27:06,1.7458
eu-west-2,g6.8xlarge,Windows,eu-west-2a,1.7975,2026-10-08 07:00:00+00:00,32.0,128.0,NVIDIA L4,1.0,22.3515625,25 Gigabit,1.0,900.0,x86_64,2026-10-08,2026-10-08 20:27:06,1.7975
eu-west-2,g6.8xlarge,Windows,eu-west-2b,1.76,2026-10-08 07:00:00+00:00,32.0,128.0,NVIDIA L4,1.0,22.3515625,25 Gigabit,1.0,900.0,x86_64,2026-10-08,2026-10-08 20:27:06,1.76
eu-west-2,g6.xlarge,Linux,eu-west-2a,0.4267,2026-10-08 07:00:00+00:00,4.0,16.0,NVIDIA L4,1.0,22.3515625,Up to 10 Gigabit,1.0,250.0,x86_64,2026-10-08,2026-10-08 20:27:06,0.4267
eu-west-2,g7e.24xlarge,Windows,eu-west-2c,7.6618,2026-10-08 07:00:00+00:00,96.0,1024.0,NVIDIA RTX PRO Server 6000,4.0,384.0,800 Gigabit,2.0,7600.0,x86_64,2026-10-08,2026-10-08 20:27:06,1.91545
eu-west-2,g7e.4xlarge,Linux,eu-west-2c,2.703,2026-10-08 07:00:00+00:00,16.0,128.0,NVIDIA RTX PRO Server 6000,1.0,96.0,50 Gigabit,1.0,1900.0,x86_64,2026-10-08,2026-10-08 20:27:06,2.703
eu-west-2,g7e.4xlarge,Windows,eu-west-2c,2.5708,2026-10-08 07:00:00+00:00,16.0,128.0,NVIDIA RTX PRO Server 6000,1.0,96.0,50 Gigabit,1.0,1900.0,x86_64,2026-10-08,2026-10-08 20:27:06,2.5708
eu-west-2,gr6.4xlarge,Windows,eu-west-2a,0.9887,2026-10-08 07:00:00+00:00,16.0,128.0,NVIDIA L4,1.0,22.3515625,Up to 25 Gigabit,1.0,600.0,x86_64,2026-10-08,2026-10-08 20:27:06,0.9887
eu-west-2,inf2.48xlarge,Linux,eu-west-2a,3.7929,2026-10-08 07:00:00+00:00,192.0,768.0,Inferentia2,12.0,384.0,100 Gigabit,1.0,0.0,x86_64,2026-10-08,2026-10-08 20:27:06,0.316075
eu-west-2,g6.48xlarge,Linux,eu-west-2c,16.9468,2026-10-08 07:00:00+00:00,192.0,768.0,NVIDIA L4,8.0,178.8125,100 Gigabit,1.0,7520.0,x86_64,2026-10-08,2026-10-08 20:27:06,2.11835
ca-central-1,inf1.2xlarge,Linux,ca-central-1a,0.0885,2026-10-08 07:00:00+00:00,8.0,16.0,Inferentia,1.0,8.0,Up to 25 Gigabit,1.0,0.0,x86_64,2026-10-08,2026-10-08 20:27:06,0.0885
ca-central-1,g6f.large,Linux,ca-central-1b,0.0592,2026-10-08 07:00:00+00:00,2.0,8.0,NVIDIA L4,0.0,2.7939453125,Up to 10 Gigabit,1.0,100.0,x86_64,2026-10-08,2026-10-08 20:27:06,
ca-central-1,g6f.4xlarge,Windows,ca-central-1b,1.3598,2026-10-08 07:00:00+00:00,16.0,64.0,NVIDIA L4,0.0,11.17578125,Up to 25 Gigabit,1.0,450.0,x86_64,2026-10-08,2026-10-08 20:27:06,
ca-central-1,g6f.4xlarge,Linux,ca-central-1a,0.1775,2026-10-08 07:00:00+00:00,16.0,64.0,NVIDIA L4,0.0,11.17578125,Up to 25 Gigabit,1.0,450.0,x86_64,2026-10-08,2026-10-08 20:27:06,
ca-central-1,g6.8xlarge,Windows,ca-central-1a,2.2191,2026-10-08 07:00:00+00:00,32.0,128.0,NVIDIA L4,1.0,22.3515625,25 Gigabit,1.0,900.0,x86_64,2026-10-08,2026-10-08 20:27:06,2.2191
ca-central-1,g6.4xlarge,Linux,ca-central-1a,1.4692,2026-10-08 07:00:00+00:00,16.0,64.0,NVIDIA L4,1.0,22.3515625,Up to 25 Gigabit,1.0,600.0,x86_64,2026-10-08,2026-10-08 20:27:06,1.4692
ca-central-1,g6.16xlarge,Windows,ca-central-1b,6.4374,2026-10-08 07:00:00+00:00,64.0,256.0,NVIDIA L4,1.0,22.3515625,25 Gigabit,1.0,1880.0,x86_64,2026-10-08,2026-10-08 20:27:06,6.4374
ca-central-1,g5.4xlarge,Linux,ca-central-1b,1.8032,2026-10-08 07:00:00+00:00,16.0,64.0,NVIDIA A10G,1.0,22.3515625,Up to 25 Gigabit,1.0,600.0,x86_64,2026-10-08,2026-10-08 20:27:06,1.8032
eu-west-2,g6.48xlarge,Linux,eu-west-2b,2.7224,2026-10-08 07:00:00+00:00,192.0,768.0,NVIDIA L4,8.0,178.8125,100 Gigabit,1.0,7520.0,x86_64,2026-10-08,2026-10-08 20:27:06,0.3403
eu-west-2,g6.2xlarge,Windows,eu-west-2b,0.5072,2026-10-08 07:00:00+00:00,8.0,32.0,NVIDIA L4,1.0,22.3515625,Up to 10 Gigabit,1.0,450.0,x86_64,2026-10-08,2026-10-08 20:27:06,0.5072
ca-central-1,g5.2xlarge,Linux,ca-central-1a,1.3457,2026-10-08 07:00:00+00:00,8.0,32.0,NVIDIA A10G,1.0,22.3515625,Up to 10 Gigabit,1.0,450.0,x86_64,2026-10-08,2026-10-08 20:27:06,1.3457
ap-southeast-2,g6.24xlarge,Linux,ap-southeast-2c,8.6791,2026-10-08 07:00:00+00:00,96.0,384.0,NVIDIA L4,4.0,89.40625,50 Gigabit,1.0,3760.0,x86_64,2026-10-08,2026-10-08 20:27:06,2.169775
us-west-2,g4dn.12xlarge,Windows,us-west-2b,2.7507,2026-10-08 07:00:00+00:00,48.0,192.0,NVIDIA T4,4.0,64.0,50 Gigabit,1.0,900.0,x86_64,2026-10-08,2026-10-08 20:27:06,0.687675
us-west-2,g4dn.12xlarge,Windows,us-west-2a,2.5992,2026-10-08 07:00:00+00:00,48.0,192.0,NVIDIA T4,4.0,64.0,50 Gigabit,1.0,900.0,x86_64,2026-10-08,2026-10-08 20:27:06,0.6498
us-west-2,g4dn.4xlarge,Linux,us-west-2c,0.5004,2026-10-08 07:00:00+00:00,16.0,64.0,NVIDIA T4,1.0,16.0,Up to 25 Gigabit,1.0,225.0,x86_64,2026-10-08,2026-10-08 20:27:06,0.5004
us-west-2,g4dn.8xlarge,Linux,us-west-2b,0.7516,2026-10-08 07:00:00+00:00,32.0,128.0,NVIDIA T4,1.0,16.0,50 Gigabit,1.0,900.0,x86_64,2026-10-08,2026-10-08 20:27:06,0.7516
us-west-2,g4dn.metal,Windows,us-west-2a,5.1984,2026-10-08 07:00:00+00:00,96.0,384.0,NVIDIA T4,8.0,128.0,100 Gigabit,1.0,1800.0,x86_64,2026-10-08,2026-10-08 20:27:06,0.6498
ap-southeast-2,g4dn.16xlarge,Windows,ap-southeast-2a,3.5099,2026-10-08 07:00:00+00:00,64.0,256.0,NVIDIA T4,1.0,16.0,50 Gigabit,1.0,900.0,x86_64,2026-10-08,2026-10-08 20:27:06,3.5099
ap-southeast-2,g5.xlarge,Linux,ap-southeast-2c,0.4585,2026-10-08 07:00:00+00:00,4.0,16.0,NVIDIA A10G,1.0,22.3515625,Up to 10 Gigabit,1.0,250.0,x86_64,2026-10-08,2026-10-08 20:27:06,0.4585
ap-southeast-2,g5.xlarge,Windows,ap-southeast-2a,0.5054,2026-10-08 07:00:00+00:00,4.0,16.0,NVIDIA A10G,1.0,22.3515625,Up to 10 Gigabit,1.0,250.0,x86_64,2026-10-08,2026-10-08 20:27:06,0.5054
eu-west-2,g4dn.12xlarge,Windows,eu-west-2b,2.6657,2026-10-08 07:00:00+00:00,48.0,192.0,NVIDIA T4,4.0,64.0,50 Gigabit,1.0,900.0,x86_64,2026-10-08,2026-10-08 20:27:06,0.666425
eu-west-2,g6.16xlarge,Windows,eu-west-2a,3.4329,2026-10-08 07:00:00+00:00,64.0,256.0,NVIDIA L4,1.0,22.3515625,25 Gigabit,1.0,1880.0,x86_64,2026-10-08,2026-10-08 20:27:06,3.4329
eu-west-2,g4dn.16xlarge,Windows,eu-west-2b,3.4532,2026-10-08 07:00:00+00:00,64.0,256.0,NVIDIA T4,1.0,16.0,50 Gigabit,1.0,900.0,x86_64,2026-10-08,2026-10-08 20:27:06,3.4532
eu-west-2,g4dn.2xlarge,Linux,eu-west-2c,0.302,2026-10-08 07:00:00+00:00,8.0,32.0,NVIDIA T4,1.0,16.0,Up to 25 Gigabit,1.0,225.0,x86_64,2026-10-08,2026-10-08 20:27:06,0.302
eu-west-2,g4dn.8xlarge,Windows,eu-west-2a,1.7411,2026-10-08 07:00:00+00:00,32.0,128.0,NVIDIA T4,1.0,16.0,50 Gigabit,1.0,900.0,x86_64,2026-10-08,2026-10-08 20:27:06,1.7411
eu-west-2,g5.16xlarge,Windows,eu-west-2b,8.1434,2026-10-08 07:00:00+00:00,64.0,256.0,NVIDIA A10G,1.0,22.3515625,25 Gigabit,1.0,1900.0,x86_64,2026-10-08,2026-10-08 20:27:06,8.1434
eu-west-2,g5.4xlarge,Linux,eu-west-2a,0.9008,2026-10-08 07:00:00+00:00,16.0,64.0,NVIDIA A10G,1.0,22.3515625,Up to 25 Gigabit,1.0,600.0,x86_64,2026-10-08,2026-10-08 20:27:06,0.9008
eu-west-2,g5.4xlarge,Windows,eu-west-2a,0.9674,2026-10-08 07:00:00+00:00,16.0,64.0,NVIDIA A10G,1.0,22.3515625,Up to 25 Gigabit,1.0,600.0,x86_64,2026-10-08,2026-10-08 20:27:06,0.9674
eu-west-2,g6.12xlarge,Linux,eu-west-2b,2.7117,2026-10-08 07:00:00+00:00,48.0,192.0,NVIDIA L4,4.0,89.40625,40 Gigabit,1.0,3760.0,x86_64,2026-10-08,2026-10-08 20:27:06,0.677925
eu-west-2,g6.16xlarge,Windows,eu-west-2c,3.4541,2026-10-08 07:00:00+00:00,64.0,256.0,NVIDIA L4,1.0,22.3515625,25 Gigabit,1.0,1880.0,x86_64,2026-10-08,2026-10-08 20:27:06,3.4541
ca-central-1,g5.48xlarge,Linux,ca-central-1b,18.0852,2026-10-08 07:00:00+00:00,192.0,768.0,NVIDIA A10G,8.0,178.8125,100 Gigabit,1.0,7600.0,x86_64,2026-10-08,2026-10-08 20:27:06,2.26065
ca-central-1,g4dn.8xlarge,Windows,ca-central-1b,1.7136,2026-10-08 07:00:00+00:00,32.0,128.0,NVIDIA T4,1.0,16.0,50 Gigabit,1.0,900.0,x86_64,2026-10-08,2026-10-08 20:27:06,1.7136
ap-southeast-2,g6.24xlarge,Windows,ap-southeast-2b,13.0951,2026-10-08 07:00:00+00:00,96.0,384.0,NVIDIA L4,4.0,89.40625,50 Gigabit,1.0,3760.0,x86_64,2026-10-08,2026-10-08 20:27:06,3.273775
us-west-2,inf2.24xlarge,Linux,us-west-2b,1.6191,2026-10-08 07:00:00+00:00,96.0,384.0,Inferentia2,6.0,192.0,50 Gigabit,1.0,0.0,x86_64,2026-10-08,2026-10-08 20:27:06,0.26985
us-west-2,g7.2xlarge,Windows,us-west-2b,0.7173,2026-10-08 07:00:00+00:00,8.0,32.0,NVIDIA RTX PRO 4500,1.0,32.0,Up to 60 Gigabit,1.0,440.0,x86_64,2026-10-08,2026-10-08 20:27:06,0.7173
us-west-2,g7.8xlarge,Windows,us-west-2c,2.0384,2026-10-08 07:00:00+00:00,32.0,128.0,NVIDIA RTX PRO 4500,1.0,32.0,100 Gigabit,1.0,930.0,x86_64,2026-10-08,2026-10-08 20:27:06,2.0384
us-west-2,g7e.24xlarge,Linux,us-west-2b,16.5722,2026-10-08 07:00:00+00:00,96.0,1024.0,NVIDIA RTX PRO Server 6000,4.0,384.0,800 Gigabit,2.0,7600.0,x86_64,2026-10-08,2026-10-08 20:27:06,4.14305
us-west-2,g7e.24xlarge,Windows,us-west-2d,14.0735,2026-10-08 07:00:00+00:00,96.0,1024.0,NVIDIA RTX PRO Server 6000,4.0,384.0,800 Gigabit,2.0,7600.0,x86_64,2026-10-08,2026-10-08 20:27:06,3.518375
us-west-2,g7e.4xlarge,Linux,us-west-2d,3.9982,2026-10-08 07:00:00+00:00,16.0,128.0,NVIDIA RTX PRO Server 6000,1.0,96.0,50 Gigabit,1.0,1900.0,x86_64,2026-10-08,2026-10-08 20:27:06,3.9982
us-west-2,g7e.4xlarge,Windows,us-west-2d,4.7342,2026-10-08 07:00:00+00:00,16.0,128.0,NVIDIA RTX PRO Server 6000,1.0,96.0,50 Gigabit,1.0,1900.0,x86_64,2026-10-08,2026-10-08 20:27:06,4.7342
us-west-2,gr6.8xlarge,Linux,us-west-2a,0.8364,2026-10-08 07:00:00+00:00,32.0,256.0,NVIDIA L4,1.0,22.3515625,25 Gigabit,1.0,900.0,x86_64,2026-10-08,2026-10-08 20:27:06,0.8364
us-west-2,gr6.8xlarge,Linux,us-west-2c,0.8487,2026-10-08 07:00:00+00:00,32.0,256.0,NVIDIA L4,1.0,22.3515625,25 Gigabit,1.0,900.0,x86_64,2026-10-08,2026-10-08 20:27:06,0.8487
us-west-2,inf2.48xlarge,Linux,us-west-2c,2.6623,2026-10-08 07:00:00+00:00,192.0,768.0,Inferentia2,12.0,384.0,100 Gigabit,1.0,0.0,x86_64,2026-10-08,2026-10-08 20:27:06,0.22185833333333335
us-west-2,g7.12xlarge,Windows,us-west-2c,3.2115,2026-10-08 07:00:00+00:00,48.0,192.0,NVIDIA RTX PRO 4500,2.0,64.0,175 Gigabit,1.0,1900.0,x86_64,2026-10-08,2026-10-08 20:27:06,1.60575
us-west-2,inf2.8xlarge,Linux,us-west-2b,0.6429,2026-10-08 07:00:00+00:00,32.0,128.0,Inferentia2,1.0,32.0,Up to 25 Gigabit,1.0,0.0,x86_64,2026-10-08,2026-10-08 20:27:06,0.6429
us-west-2,p3dn.24xlarge,Linux,us-west-2b,10.1406,2026-10-08 07:00:00+00:00,96.0,768.0,NVIDIA V100,8.0,256.0,100 Gigabit,1.0,1800.0,x86_64,2026-10-08,2026-10-08 20:27:06,1.267575
us-west-2,p3dn.24xlarge,Linux,us-west-2c,5.5604,2026-10-08 07:00:00+00:00,96.0,768.0,NVIDIA V100,8.0,256.0,100 Gigabit,1.0,1800.0,x86_64,2026-10-08,2026-10-08 20:27:06,0.69505
us-west-2,p4de.24xlarge,Linux,us-west-2b,20.2449,2026-10-08 07:00:00+00:00,96.0,1152.0,NVIDIA A100,8.0,640.0,4x 100 Gigabit,4.0,8000.0,x86_64,2026-10-08,2026-10-08 20:27:06,2.5306125
us-west-2,p4de.24xlarge,Linux,us-west-2c,19.2667,2026-10-08 07:00:00+00:00,96.0,1152.0,NVIDIA A100,8.0,640.0,4x 100 Gigabit,4.0,8000.0,x86_64,2026-10-08,2026-10-08 20:27:06,2.4083375
us-west-2,p5.4xlarge,Linux,us-west-2b,3.8581,2026-10-08 07:00:00+00:00,16.0,256.0,NVIDIA H100,1.0,80.0,100 Gigabit,1.0,3800.0,x86_64,2026-10-08,2026-10-08 20:27:06,3.8581
us-west-2,p5en.48xlarge,Linux,us-west-2c,38.0013,2026-10-08 07:00:00+00:00,192.0,2048.0,NVIDIA H200,8.0,1128.0,3200 Gigabit,16.0,30400.0,x86_64,2026-10-08,2026-10-08 20:27:06,4.7501625
us-west-2,p6-b200.48xlarge,Linux,us-west-2b,70.8724,2026-10-08 07:00:00+00:00,192.0,2048.0,NVIDIA B200,8.0,1432.4921875,3200 Gigabit,8.0,30400.0,x86_64,2026-10-08,2026-10-08 20:27:06,8.85905
us-west-2,g7.2xlarge,Linux,us-west-2c,0.7893,2026-10-08 07:00:00+00:00,8.0,32.0,NVIDIA RTX PRO 4500,1.0,32.0,Up to 60 Gigabit,1.0,440.0,x86_64,2026-10-08,2026-10-08 20:27:06,0.7893
us-west-2,g6e.8xlarge,Windows,us-west-2d,2.6997,2026-10-08 07:00:00+00:00,32.0,256.0,NVIDIA L40S,1.0,44.703125,25 Gigabit,1.0,900.0,x86_64,2026-10-08,2026-10-08 20:27:06,2.6997
ca-central-1,g4dn.4xlarge,Linux,ca-central-1a,0.6041,2026-10-08 07:00:00+00:00,16.0,64.0,NVIDIA T4,1.0,16.0,Up to 25 Gigabit,1.0,225.0,x86_64,2026-10-08,2026-10-08 20:27:06,0.6041
us-west-2,g6.48xlarge,Linux,us-west-2b,7.3597,2026-10-08 07:00:00+00:00,192.0,768.0,NVIDIA L4,8.0,178.8125,100 Gigabit,1.0,7520.0,x86_64,2026-10-08,2026-10-08 20:27:06,0.9199625
ca-central-1,g4dn.16xlarge,Linux,ca-central-1b,1.2122,2026-10-08 07:00:00+00:00,64.0,256.0,NVIDIA T4,1.0,16.0,50 Gigabit,1.0,900.0,x86_64,2026-10-08,2026-10-08 20:27:06,1.2122
ca-central-1,g4dn.12xlarge,Linux,ca-central-1a,1.6633,2026-10-08 07:00:00+00:00,48.0,192.0,NVIDIA T4,4.0,64.0,50 Gigabit,1.0,900.0,x86_64,2026-10-08,2026-10-08 20:27:06,0.415825
us-west-2,g5.12xlarge,Linux,us-west-2c,2.9908,2026-10-08 07:00:00+00:00,48.0,192.0,NVIDIA A10G,4.0,89.40625,40 Gigabit,1.0,3800.0,x86_64,2026-10-08,2026-10-08 20:27:06,0.7477
us-west-2,g5.12xlarge,Windows,us-west-2c,3.8133,2026-10-08 07:00:00+00:00,48.0,192.0,NVIDIA A10G,4.0,89.40625,40 Gigabit,1.0,3800.0,x86_64,2026-10-08,2026-10-08 20:27:06,0.953325
us-west-2,g5.24xlarge,Linux,us-west-2c,3.8125,2026-10-08 07:00:00+00:00,96.0,384.0,NVIDIA A10G,4.0,89.40625,50 Gigabit,1.0,3800.0,x86_64,2026-10-08,2026-10-08 20:27:06,0.953125
us-west-2,g6.12xlarge,Linux,us-west-2b,3.8249,2026-10-08 07:00:00+00:00,48.0,192.0,NVIDIA L4,4.0,89.40625,40 Gigabit,1.0,3760.0,x86_64,2026-10-08,2026-10-08 20:27:06,0.956225
us-west-2,g6.12xlarge,Linux,us-west-2c,3.5837,2026-10-08 07:00:00+00:00,48.0,192.0,NVIDIA L4,4.0,89.40625,40 Gigabit,1.0,3760.0,x86_64,2026-10-08,2026-10-08 20:27:06,0.895925
us-west-2,g6.24xlarge,Windows,us-west-2a,6.3359,2026-10-08 07:00:00+00:00,96.0,384.0,NVIDIA L4,4.0,89.40625,50 Gigabit,1.0,3760.0,x86_64,2026-10-08,2026-10-08 20:27:06,1.583975
us-west-2,g6.48xlarge,Windows,us-west-2b,10.167,2026-10-08 07:00:00+00:00,192.0,768.0,NVIDIA L4,8.0,178.8125,100 Gigabit,1.0,7520.0,x86_64,2026-10-08,2026-10-08 20:27:06,1.270875
us-west-2,g6e.4xlarge,Linux,us-west-2c,3.0042,2026-10-08 07:00:00+00:00,16.0,128.0,NVIDIA L40S,1.0,44.703125,20 Gigabit,1.0,600.0,x86_64,2026-10-08,2026-10-08 20:27:06,3.0042
us-west-2,g6.4xlarge,Linux,us-west-2b,1.0533,2026-10-08 07:00:00+00:00,16.0,64.0,NVIDIA L4,1.0,22.3515625,Up to 25 Gigabit,1.0,600.0,x86_64,2026-10-08,2026-10-08 20:27:06,1.0533
us-west-2,g6.xlarge,Linux,us-west-2b,0.5294,2026-10-08 07:00:00+00:00,4.0,16.0,NVIDIA L4,1.0,22.3515625,Up to 10 Gigabit,1.0,250.0,x86_64,2026-10-08,2026-10-08 20:27:06,0.5294
us-west-2,g6.xlarge,Linux,us-west-2c,0.4542,2026-10-08 07:00:00+00:00,4.0,16.0,NVIDIA L4,1.0,22.3515625,Up to 10 Gigabit,1.0,250.0,x86_64,2026-10-08,2026-10-08 20:27:06,0.4542
us-east-2,g4dn.4xlarge,Linux,us-east-2c,0.6202,2026-10-08 07:00:00+00:00,16.0,64.0,NVIDIA T4,1.0,16.0,Up to 25 Gigabit,1.0,225.0,x86_64,2026-10-08,2026-10-08 20:27:06,0.6202
us-west-2,g6e.16xlarge,Windows,us-west-2a,3.7591,2026-10-08 07:00:00+00:00,64.0,512.0,NVIDIA L40S,1.0,44.703125,35 Gigabit,1.0,1900.0,x86_64,2026-10-08,2026-10-08 20:27:06,3.7591
us-west-2,g6e.24xlarge,Linux,us-west-2b,11.6761,2026-10-08 07:00:00+00:00,96.0,768.0,NVIDIA L40S,4.0,178.8125,200 Gigabit,2.0,3800.0,x86_64,2026-10-08,2026-10-08 20:27:06,2.919025
us-west-2,g6e.24xlarge,Linux,us-west-2a,15.0656,2026-10-08 07:00:00+00:00,96.0,768.0,NVIDIA L40S,4.0,178.8125,200 Gigabit,2.0,3800.0,x86_64,2026-10-08,2026-10-08 20:27:06,3.7664
us-west-2,g6e.48xlarge,Linux,us-west-2d,30.1312,2026-10-08 07:00:00+00:00,192.0,1536.0,NVIDIA L40S,8.0,357.625,400 Gigabit,4.0,7600.0,x86_64,2026-10-08,2026-10-08 20:27:06,3.7664
us-east-2,g4dn.8xlarge,Linux,us-east-2a,1.0315,2026-10-08 07:00:00+00:00,32.0,128.0,NVIDIA T4,1.0,16.0,50 Gigabit,1.0,900.0,x86_64,2026-10-08,2026-10-08 20:27:06,1.0315
eu-west-1,g5.12xlarge,Linux,eu-west-1c,2.8106,2026-10-08 07:00:00+00:00,48.0,192.0,NVIDIA A10G,4.0,89.40625,40 Gigabit,1.0,3800.0,x86_64,2026-10-08,2026-10-08 20:27:06,0.70265
ap-northeast-3,g6e.2xlarge,Windows,ap-northeast-3c,2.0379,2026-10-08 07:00:00+00:00,8.0,64.0,NVIDIA L40S,1.0,44.703125,Up to 20 Gigabit,1.0,450.0,x86_64,2026-10-08,2026-10-08 20:27:06,2.0379
us-east-1,inf2.24xlarge,Linux,us-east-1c,1.7077,2026-10-08 07:00:00+00:00,96.0,384.0,Inferentia2,6.0,192.0,50 Gigabit,1.0,0.0,x86_64,2026-10-08,2026-10-08 20:27:06,0.2846166666666667
sa-east-1,g5.12xlarge,Linux,sa-east-1b,8.1871,2026-10-08 07:00:00+00:00,48.0,192.0,NVIDIA A10G,4.0,89.40625,40 Gigabit,1.0,3800.0,x86_64,2026-10-08,2026-10-08 20:27:06,2.046775
sa-east-1,g4dn.xlarge,Linux,sa-east-1b,0.0968,2026-10-08 07:00:00+00:00,4.0,16.0,NVIDIA T4,1.0,16.0,Up to 25 Gigabit,1.0,125.0,x86_64,2026-10-08,2026-10-08 20:27:06,0.0968
sa-east-1,g4dn.xlarge,Linux,sa-east-1a,0.0894,2026-10-08 07:00:00+00:00,4.0,16.0,NVIDIA T4,1.0,16.0,Up to 25 Gigabit,1.0,125.0,x86_64,2026-10-08,2026-10-08 20:27:06,0.0894
sa-east-1,g4dn.metal,Linux,sa-east-1c,1.8395,2026-10-08 07:00:00+00:00,96.0,384.0,NVIDIA T4,8.0,128.0,100 Gigabit,1.0,1800.0,x86_64,2026-10-08,2026-10-08 20:27:06,0.2299375
sa-east-1,g4dn.4xlarge,Windows,sa-east-1c,0.9406,2026-10-08 07:00:00+00:00,16.0,64.0,NVIDIA T4,1.0,16.0,Up to 25 Gigabit,1.0,225.0,x86_64,2026-10-08,2026-10-08 20:27:06,0.9406
sa-east-1,g4dn.2xlarge,Windows,sa-east-1c,0.4958,2026-10-08 07:00:00+00:00,8.0,32.0,NVIDIA T4,1.0,16.0,Up to 25 Gigabit,1.0,225.0,x86_64,2026-10-08,2026-10-08 20:27:06,0.4958
sa-east-1,g4dn.16xlarge,Windows,sa-east-1c,3.6837,2026-10-08 07:00:00+00:00,64.0,256.0,NVIDIA T4,1.0,16.0,50 Gigabit,1.0,900.0,x86_64,2026-10-08,2026-10-08 20:27:06,3.6837
sa-east-1,g4dn.16xlarge,Windows,sa-east-1a,3.6837,2026-10-08 07:00:00+00:00,64.0,256.0,NVIDIA T4,1.0,16.0,50 Gigabit,1.0,900.0,x86_64,2026-10-08,2026-10-08 20:27:06,3.6837
sa-east-1,g4dn.12xlarge,Linux,sa-east-1c,1.9429,2026-10-08 07:00:00+00:00,48.0,192.0,NVIDIA T4,4.0,64.0,50 Gigabit,1.0,900.0,x86_64,2026-10-08,2026-10-08 20:27:06,0.485725
eu-north-1,g4dn.16xlarge,Linux,eu-north-1b,0.9378,2026-10-08 07:00:00+00:00,64.0,256.0,NVIDIA T4,1.0,16.0,50 Gigabit,1.0,900.0,x86_64,2026-10-08,2026-10-08 20:27:06,0.9378
eu-north-1,g4dn.4xlarge,Linux,eu-north-1a,0.2634,2026-10-08 07:00:00+00:00,16.0,64.0,NVIDIA T4,1.0,16.0,Up to 25 Gigabit,1.0,225.0,x86_64,2026-10-08,2026-10-08 20:27:06,0.2634
eu-north-1,g4dn.8xlarge,Linux,eu-north-1a,0.3171,2026-10-08 07:00:00+00:00,32.0,128.0,NVIDIA T4,1.0,16.0,50 Gigabit,1.0,900.0,x86_64,2026-10-08,2026-10-08 20:27:06,0.3171
eu-north-1,g4dn.8xlarge,Windows,eu-north-1a,1.7028,2026-10-08 07:00:00+00:00,32.0,128.0,NVIDIA T4,1.0,16.0,50 Gigabit,1.0,900.0,x86_64,2026-10-08,2026-10-08 20:27:06,1.7028
eu-north-1,g4dn.xlarge,Linux,eu-north-1b,0.1079,2026-10-08 07:00:00+00:00,4.0,16.0,NVIDIA T4,1.0,16.0,Up to 25 Gigabit,1.0,125.0,x86_64,2026-10-08,2026-10-08 20:27:06,0.1079
eu-north-1,g4dn.xlarge,Windows,eu-north-1a,0.2398,2026-10-08 07:00:00+00:00,4.0,16.0,NVIDIA T4,1.0,16.0,Up to 25 Gigabit,1.0,125.0,x86_64,2026-10-08,2026-10-08 20:27:06,0.2398
eu-north-1,g5.2xlarge,Windows,eu-north-1b,0.4965,2026-10-08 07:00:00+00:00,8.0,32.0,NVIDIA A10G,1.0,22.3515625,Up to 10 Gigabit,1.0,450.0,x86_64,2026-10-08,2026-10-08 20:27:06,0.4965
eu-north-1,g5.8xlarge,Linux,eu-north-1b,0.6662,2026-10-08 07:00:00+00:00,32.0,128.0,NVIDIA A10G,1.0,22.3515625,25 Gigabit,1.0,900.0,x86_64,2026-10-08,2026-10-08 20:27:06,0.6662
eu-north-1,g6.16xlarge,Linux,eu-north-1a,0.8181,2026-10-08 07:00:00+00:00,64.0,256.0,NVIDIA L4,1.0,22.3515625,25 Gigabit,1.0,1880.0,x86_64,2026-10-08,2026-10-08 20:27:06,0.8181
eu-north-1,g6.48xlarge,Windows,eu-north-1a,11.1871,2026-10-08 07:00:00+00:00,192.0,768.0,NVIDIA L4,8.0,178.8125,100 Gigabit,1.0,7520.0,x86_64,2026-10-08,2026-10-08 20:27:06,1.3983875
eu-north-1,g6e.48xlarge,Windows,eu-north-1a,36.472,2026-10-08 07:00:00+00:00,192.0,1536.0,NVIDIA L40S,8.0,357.625,400 Gigabit,4.0,7600.0,x86_64,2026-10-08,2026-10-08 20:27:06,4.559
eu-north-1,g6f.2xlarge,Linux,eu-north-1b,0.103,2026-10-08 07:00:00+00:00,8.0,32.0,NVIDIA L4,0.0,5.587890625,Up to 10 Gigabit,1.0,200.0,x86_64,2026-10-08,2026-10-08 20:27:06,
eu-north-1,g6f.large,Windows,eu-north-1b,0.1134,2026-10-08 07:00:00+00:00,2.0,8.0,NVIDIA L4,0.0,2.7939453125,Up to 10 Gigabit,1.0,100.0,x86_64,2026-10-08,2026-10-08 20:27:06,
eu-north-1,g6f.xlarge,Linux,eu-north-1a,0.0464,2026-10-08 07:00:00+00:00,4.0,16.0,NVIDIA L4,0.0,2.7939453125,Up to 10 Gigabit,1.0,100.0,x86_64,2026-10-08,2026-10-08 20:27:06,
sa-east-1,g5.48xlarge,Windows,sa-east-1a,32.3424,2026-10-08 07:00:00+00:00,192.0,768.0,NVIDIA A10G,8.0,178.8125,100 Gigabit,1.0,7600.0,x86_64,2026-10-08,2026-10-08 20:27:06,4.0428
sa-east-1,g6.16xlarge,Linux,sa-east-1a,0.6035,2026-10-08 07:00:00+00:00,64.0,256.0,NVIDIA L4,1.0,22.3515625,25 Gigabit,1.0,1880.0,x86_64,2026-10-08,2026-10-08 20:27:06,0.6035
sa-east-1,g6.24xlarge,Linux,sa-east-1b,1.291,2026-10-08 07:00:00+00:00,96.0,384.0,NVIDIA L4,4.0,89.40625,50 Gigabit,1.0,3760.0,x86_64,2026-10-08,2026-10-08 20:27:06,0.32275
ap-northeast-3,g4dn.8xlarge,Windows,ap-northeast-3b,1.7658,2026-10-08 07:00:00+00:00,32.0,128.0,NVIDIA T4,1.0,16.0,50 Gigabit,1.0,900.0,x86_64,2026-10-08,2026-10-08 20:27:06,1.7658
us-east-1,p5.4xlarge,Windows,us-east-1d,4.6014,2026-10-08 07:00:00+00:00,16.0,256.0,NVIDIA H100,1.0,80.0,100 Gigabit,1.0,3800.0,x86_64,2026-10-08,2026-10-08 20:27:06,4.6014
us-east-1,p5en.48xlarge,Linux,us-east-1d,41.0394,2026-10-08 07:00:00+00:00,192.0,2048.0,NVIDIA H200,8.0,1128.0,3200 Gigabit,16.0,30400.0,x86_64,2026-10-08,2026-10-08 20:27:06,5.129925
us-east-1,trn1.32xlarge,Linux,us-east-1c,4.7224,2026-10-08 07:00:00+00:00,128.0,512.0,Trainium,16.0,512.0,8x 100 Gigabit,8.0,7600.0,x86_64,2026-10-08,2026-10-08 20:27:06,0.29515
us-east-1,vt1.3xlarge,Linux,us-east-1a,0.6406,2026-10-08 07:00:00+00:00,12.0,24.0,,0.0,0.0,3.12 Gigabit,1.0,0.0,x86_64,2026-10-08,2026-10-08 20:27:06,
us-east-1,vt1.6xlarge,Linux,us-east-1a,1.1719,2026-10-08 07:00:00+00:00,24.0,48.0,,0.0,0.0,6.25 Gigabit,1.0,0.0,x86_64,2026-10-08,2026-10-08 20:27:06,
eu-west-1,g5.2xlarge,Windows,eu-west-1c,0.7066,2026-10-08 07:00:00+00:00,8.0,32.0,NVIDIA A10G,1.0,22.3515625,Up to 10 Gigabit,1.0,450.0,x86_64,2026-10-08,2026-10-08 20:27:06,0.7066
eu-west-1,g5.8xlarge,Windows,eu-west-1b,1.8362,2026-10-08 07:00:00+00:00,32.0,128.0,NVIDIA A10G,1.0,22.3515625,25 Gigabit,1.0,900.0,x86_64,2026-10-08,2026-10-08 20:27:06,1.8362
eu-west-1,inf1.xlarge,Linux,eu-west-1c,0.0715,2026-10-08 07:00:00+00:00,4.0,8.0,Inferentia,1.0,8.0,Up to 25 Gigabit,1.0,0.0,x86_64,2026-10-08,2026-10-08 20:27:06,0.0715
eu-west-1,vt1.6xlarge,Linux,eu-west-1c,1.4682,2026-10-08 07:00:00+00:00,24.0,48.0,,0.0,0.0,6.25 Gigabit,1.0,0.0,x86_64,2026-10-08,2026-10-08 20:27:06,
ap-northeast-3,g4dn.16xlarge,Linux,ap-northeast-3b,1.4609,2026-10-08 07:00:00+00:00,64.0,256.0,NVIDIA T4,1.0,16.0,50 Gigabit,1.0,900.0,x86_64,2026-10-08,2026-10-08 20:27:06,1.4609
ap-northeast-3,g4dn.8xlarge,Windows,ap-northeast-3c,1.7658,2026-10-08 07:00:00+00:00,32.0,128.0,NVIDIA T4,1.0,16.0,50 Gigabit,1.0,900.0,x86_64,2026-10-08,2026-10-08 20:27:06,1.7658
sa-east-1,g6.xlarge,Linux,sa-east-1a,0.3247,2026-10-08 07:00:00+00:00,4.0,16.0,NVIDIA L4,1.0,22.3515625,Up to 10 Gigabit,1.0,250.0,x86_64,2026-10-08,2026-10-08 20:27:06,0.3247
ap-northeast-3,g6e.24xlarge,Windows,ap-northeast-3b,8.776,2026-10-08 07:00:00+00:00,96.0,768.0,NVIDIA L40S,4.0,178.8125,200 Gigabit,2.0,3800.0,x86_64,2026-10-08,2026-10-08 20:27:06,2.194
ap-northeast-3,g6e.2xlarge,Linux,ap-northeast-3b,1.2881,2026-10-08 07:00:00+00:00,8.0,64.0,NVIDIA L40S,1.0,44.703125,Up to 20 Gigabit,1.0,450.0,x86_64,2026-10-08,2026-10-08 20:27:06,1.2881
ap-northeast-2,g7e.12xlarge,Windows,ap-northeast-2a,11.3766,2026-10-08 07:00:00+00:00,48.0,512.0,NVIDIA RTX PRO Server 6000,2.0,192.0,400 Gigabit,1.0,3800.0,x86_64,2026-10-08,2026-10-08 20:27:06,5.6883
ap-northeast-3,g6e.xlarge,Windows,ap-northeast-3c,0.9624,2026-10-08 07:00:00+00:00,4.0,32.0,NVIDIA L40S,1.0,44.703125,Up to 20 Gigabit,1.0,250.0,x86_64,2026-10-08,2026-10-08 20:27:06,0.9624
sa-east-1,p5e.48xlarge,Linux,sa-east-1b,10.6337,2026-10-08 07:00:00+00:00,,,,,,,,,,2026-10-08,2026-10-08 20:27:06,
sa-east-1,inf1.24xlarge,Linux,sa-east-1a,0.78,2026-10-08 07:00:00+00:00,96.0,192.0,Inferentia,16.0,128.0,100 Gigabit,1.0,0.0,x86_64,2026-10-08,2026-10-08 20:27:06,0.04875
sa-east-1,gr6f.4xlarge,Windows,sa-east-1b,0.9409,2026-10-08 07:00:00+00:00,16.0,128.0,NVIDIA L4,0.0,11.17578125,Up to 25 Gigabit,1.0,450.0,x86_64,2026-10-08,2026-10-08 20:27:06,
sa-east-1,gr6.8xlarge,Windows,sa-east-1a,1.8879,2026-10-08 07:00:00+00:00,32.0,256.0,NVIDIA L4,1.0,22.3515625,25 Gigabit,1.0,900.0,x86_64,2026-10-08,2026-10-08 20:27:06,1.8879
sa-east-1,gr6.8xlarge,Linux,sa-east-1a,0.4869,2026-10-08 07:00:00+00:00,32.0,256.0,NVIDIA L4,1.0,22.3515625,25 Gigabit,1.0,900.0,x86_64,2026-10-08,2026-10-08 20:27:06,0.4869
sa-east-1,g6f.xlarge,Windows,sa-east-1a,0.2244,2026-10-08 07:00:00+00:00,4.0,16.0,NVIDIA L4,0.0,2.7939453125,Up to 10 Gigabit,1.0,100.0,x86_64,2026-10-08,2026-10-08 20:27:06,
eu-north-1,g7e.24xlarge,Linux,eu-north-1c,7.76,2026-10-08 07:00:00+00:00,96.0,1024.0,NVIDIA RTX PRO Server 6000,4.0,384.0,800 Gigabit,2.0,7600.0,x86_64,2026-10-08,2026-10-08 20:27:06,1.94
eu-north-1,g7e.24xlarge,Windows,eu-north-1c,12.3088,2026-10-08 07:00:00+00:00,96.0,1024.0,NVIDIA RTX PRO Server 6000,4.0,384.0,800 Gigabit,2.0,7600.0,x86_64,2026-10-08,2026-10-08 20:27:06,3.0772
eu-north-1,g7e.2xlarge,Linux,eu-north-1c,1.9058,2026-10-08 07:00:00+00:00,8.0,64.0,NVIDIA RTX PRO Server 6000,1.0,96.0,50 Gigabit,1.0,1900.0,x86_64,2026-10-08,2026-10-08 20:27:06,1.9058
ap-northeast-2,g5.16xlarge,Linux,ap-northeast-2a,2.2784,2026-10-08 07:00:00+00:00,64.0,256.0,NVIDIA A10G,1.0,22.3515625,25 Gigabit,1.0,1900.0,x86_64,2026-10-08,2026-10-08 20:27:06,2.2784
ap-northeast-1,g7e.12xlarge,Linux,ap-northeast-1c,7.2974,2026-10-08 07:00:00+00:00,48.0,512.0,NVIDIA RTX PRO Server 6000,2.0,192.0,400 Gigabit,1.0,3800.0,x86_64,2026-10-08,2026-10-08 20:27:06,3.6487
ap-northeast-1,g6f.xlarge,Linux,ap-northeast-1a,0.155,2026-10-08 07:00:00+00:00,4.0,16.0,NVIDIA L4,0.0,2.7939453125,Up to 10 Gigabit,1.0,100.0,x86_64,2026-10-08,2026-10-08 20:27:06,
ap-northeast-1,g6f.xlarge,Linux,ap-northeast-1c,0.1555,2026-10-08 07:00:00+00:00,4.0,16.0,NVIDIA L4,0.0,2.7939453125,Up to 10 Gigabit,1.0,100.0,x86_64,2026-10-08,2026-10-08 20:27:06,
ap-northeast-1,g6e.xlarge,Windows,ap-northeast-1a,1.3986,2026-10-08 07:00:00+00:00,4.0,32.0,NVIDIA L40S,1.0,44.703125,Up to 20 Gigabit,1.0,250.0,x86_64,2026-10-08,2026-10-08 20:27:06,1.3986
ap-northeast-2,g4dn.12xlarge,Linux,ap-northeast-2b,2.4917,2026-10-08 07:00:00+00:00,48.0,192.0,NVIDIA T4,4.0,64.0,50 Gigabit,1.0,900.0,x86_64,2026-10-08,2026-10-08 20:27:06,0.622925
ap-northeast-2,g4dn.2xlarge,Linux,ap-northeast-2c,0.4502,2026-10-08 07:00:00+00:00,8.0,32.0,NVIDIA T4,1.0,16.0,Up to 25 Gigabit,1.0,225.0,x86_64,2026-10-08,2026-10-08 20:27:06,0.4502
ap-northeast-2,g4dn.4xlarge,Linux,ap-northeast-2c,0.7569,2026-10-08 07:00:00+00:00,16.0,64.0,NVIDIA T4,1.0,16.0,Up to 25 Gigabit,1.0,225.0,x86_64,2026-10-08,2026-10-08 20:27:06,0.7569
ap-northeast-2,g4dn.8xlarge,Linux,ap-northeast-2b,1.2105,2026-10-08 07:00:00+00:00,32.0,128.0,NVIDIA T4,1.0,16.0,50 Gigabit,1.0,900.0,x86_64,2026-10-08,2026-10-08 20:27:06,1.2105
ap-northeast-2,g5.12xlarge,Linux,ap-northeast-2d,3.6974,2026-10-08 07:00:00+00:00,48.0,192.0,NVIDIA A10G,4.0,89.40625,40 Gigabit,1.0,3800.0,x86_64,2026-10-08,2026-10-08 20:27:06,0.92435
ap-northeast-2,g5.12xlarge,Windows,ap-northeast-2a,5.3465,2026-10-08 07:00:00+00:00,48.0,192.0,NVIDIA A10G,4.0,89.40625,40 Gigabit,1.0,3800.0,x86_64,2026-10-08,2026-10-08 20:27:06,1.336625
ap-northeast-2,g5.16xlarge,Linux,ap-northeast-2c,2.2773,2026-10-08 07:00:00+00:00,64.0,256.0,NVIDIA A10G,1.0,22.3515625,25 Gigabit,1.0,1900.0,x86_64,2026-10-08,2026-10-08 20:27:06,2.2773
eu-central-1,g4dn.12xlarge,Linux,eu-central-1b,1.9721,2026-10-08 07:00:00+00:00,48.0,192.0,NVIDIA T4,4.0,64.0,50 Gigabit,1.0,900.0,x86_64,2026-10-08,2026-10-08 20:27:06,0.493025
ap-northeast-2,g5.24xlarge,Linux,ap-northeast-2c,4.8482,2026-10-08 07:00:00+00:00,96.0,384.0,NVIDIA A10G,4.0,89.40625,50 Gigabit,1.0,3800.0,x86_64,2026-10-08,2026-10-08 20:27:06,1.21205
ap-northeast-2,g5.2xlarge,Linux,ap-northeast-2d,0.6919,2026-10-08 07:00:00+00:00,8.0,32.0,NVIDIA A10G,1.0,22.3515625,Up to 10 Gigabit,1.0,450.0,x86_64,2026-10-08,2026-10-08 20:27:06,0.6919
ap-northeast-2,g5.4xlarge,Linux,ap-northeast-2a,0.9104,2026-10-08 07:00:00+00:00,16.0,64.0,NVIDIA A10G,1.0,22.3515625,Up to 25 Gigabit,1.0,600.0,x86_64,2026-10-08,2026-10-08 20:27:06,0.9104
ap-northeast-2,g5.8xlarge,Windows,ap-northeast-2c,2.8266,2026-10-08 07:00:00+00:00,32.0,128.0,NVIDIA A10G,1.0,22.3515625,25 Gigabit,1.0,900.0,x86_64,2026-10-08,2026-10-08 20:27:06,2.8266
ap-northeast-2,g5.xlarge,Windows,ap-northeast-2a,0.7407,2026-10-08 07:00:00+00:00,4.0,16.0,NVIDIA A10G,1.0,22.3515625,Up to 10 Gigabit,1.0,250.0,x86_64,2026-10-08,2026-10-08 20:27:06,0.7407
ap-northeast-2,g6.16xlarge,Linux,ap-northeast-2c,1.8875,2026-10-08 07:00:00+00:00,64.0,256.0,NVIDIA L4,1.0,22.3515625,25 Gigabit,1.0,1880.0,x86_64,2026-10-08,2026-10-08 20:27:06,1.8875
ap-northeast-2,g6.2xlarge,Windows,ap-northeast-2a,0.909,2026-10-08 07:00:00+00:00,8.0,32.0,NVIDIA L4,1.0,22.3515625,Up to 10 Gigabit,1.0,450.0,x86_64,2026-10-08,2026-10-08 20:27:06,0.909
ap-northeast-2,g6.48xlarge,Linux,ap-northeast-2a,8.2231,2026-10-08 07:00:00+00:00,192.0,768.0,NVIDIA L4,8.0,178.8125,100 Gigabit,1.0,7520.0,x86_64,2026-10-08,2026-10-08 20:27:06,1.0278875
ap-northeast-2,g6.48xlarge,Windows,ap-northeast-2a,16.2209,2026-10-08 07:00:00+00:00,192.0,768.0,NVIDIA L4,8.0,178.8125,100 Gigabit,1.0,7520.0,x86_64,2026-10-08,2026-10-08 20:27:06,2.0276125
ap-northeast-2,g6.8xlarge,Linux,ap-northeast-2c,1.127,2026-10-08 07:00:00+00:00,32.0,128.0,NVIDIA L4,1.0,22.3515625,25 Gigabit,1.0,900.0,x86_64,2026-10-08,2026-10-08 20:27:06,1.127
ap-northeast-1,g7e.12xlarge,Linux,ap-northeast-1a,6.9578,2026-10-08 07:00:00+00:00,48.0,512.0,NVIDIA RTX PRO Server 6000,2.0,192.0,400 Gigabit,1.0,3800.0,x86_64,2026-10-08,2026-10-08 20:27:06,3.4789
eu-central-1,g4dn.16xlarge,Linux,eu-central-1a,1.896,2026-10-08 07:00:00+00:00,64.0,256.0,NVIDIA T4,1.0,16.0,50 Gigabit,1.0,900.0,x86_64,2026-10-08,2026-10-08 20:27:06,1.896
eu-north-1,g7e.48xlarge,Linux,eu-north-1a,41.3495,2026-10-08 07:00:00+00:00,192.0,2048.0,NVIDIA RTX PRO Server 6000,8.0,768.0,1600 Gigabit,4.0,15200.0,x86_64,2026-10-08,2026-10-08 20:27:06,5.1686875
eu-central-1,g7e.48xlarge,Windows,eu-central-1b,14.4684,2026-10-08 07:00:00+00:00,192.0,2048.0,NVIDIA RTX PRO Server 6000,8.0,768.0,1600 Gigabit,4.0,15200.0,x86_64,2026-10-08,2026-10-08 20:27:06,1.80855
eu-north-1,inf2.8xlarge,Linux,eu-north-1a,0.2165,2026-10-08 07:00:00+00:00,32.0,128.0,Inferentia2,1.0,32.0,Up to 25 Gigabit,1.0,0.0,x86_64,2026-10-08,2026-10-08 20:27:06,0.2165
eu-north-1,inf2.8xlarge,Linux,eu-north-1b,0.2165,2026-10-08 07:00:00+00:00,32.0,128.0,Inferentia2,1.0,32.0,Up to 25 Gigabit,1.0,0.0,x86_64,2026-10-08,2026-10-08 20:27:06,0.2165
ap-northeast-1,p3dn.24xlarge,Linux,ap-northeast-1a,4.2783,2026-10-08 07:00:00+00:00,96.0,768.0,NVIDIA V100,8.0,256.0,100 Gigabit,1.0,1800.0,x86_64,2026-10-08,2026-10-08 20:27:06,0.5347875
ap-northeast-1,inf2.xlarge,Linux,ap-northeast-1a,0.5557,2026-10-08 07:00:00+00:00,4.0,16.0,Inferentia2,1.0,32.0,Up to 15 Gigabit,1.0,0.0,x86_64,2026-10-08,2026-10-08 20:27:06,0.5557
ap-northeast-1,inf2.48xlarge,Linux,ap-northeast-1c,19.4719,2026-10-08 07:00:00+00:00,192.0,768.0,Inferentia2,12.0,384.0,100 Gigabit,1.0,0.0,x86_64,2026-10-08,2026-10-08 20:27:06,1.6226583333333335
ap-northeast-1,inf1.xlarge,Linux,ap-northeast-1a,0.085,2026-10-08 07:00:00+00:00,4.0,8.0,Inferentia,1.0,8.0,Up to 25 Gigabit,1.0,0.0,x86_64,2026-10-08,2026-10-08 20:27:06,0.085
ap-northeast-1,inf1.24xlarge,Linux,ap-northeast-1d,1.1262,2026-10-08 07:00:00+00:00,96.0,192.0,Inferentia,16.0,128.0,100 Gigabit,1.0,0.0,x86_64,2026-10-08,2026-10-08 20:27:06,0.0703875
ap-northeast-1,g7e.8xlarge,Windows,ap-northeast-1c,4.9231,2026-10-08 07:00:00+00:00,32.0,256.0,NVIDIA RTX PRO Server 6000,1.0,96.0,100 Gigabit,1.0,1900.0,x86_64,2026-10-08,2026-10-08 20:27:06,4.9231
eu-central-1,inf2.xlarge,Linux,eu-central-1b,0.4235,2026-10-08 07:00:00+00:00,4.0,16.0,Inferentia2,1.0,32.0,Up to 15 Gigabit,1.0,0.0,x86_64,2026-10-08,2026-10-08 20:27:06,0.4235
eu-central-1,g7e.4xlarge,Windows,eu-central-1b,2.0448,2026-10-08 07:00:00+00:00,16.0,128.0,NVIDIA RTX PRO Server 6000,1.0,96.0,50 Gigabit,1.0,1900.0,x86_64,2026-10-08,2026-10-08 20:27:06,2.0448
eu-central-1,g6f.xlarge,Windows,eu-central-1b,0.2376,2026-10-08 07:00:00+00:00,4.0,16.0,NVIDIA L4,0.0,2.7939453125,Up to 10 Gigabit,1.0,100.0,x86_64,2026-10-08,2026-10-08 20:27:06,
eu-central-1,g4dn.2xlarge,Windows,eu-central-1a,0.5354,2026-10-08 07:00:00+00:00,8.0,32.0,NVIDIA T4,1.0,16.0,Up to 25 Gigabit,1.0,225.0,x86_64,2026-10-08,2026-10-08 20:27:06,0.5354
eu-central-1,g6f.2xlarge,Linux,eu-central-1b,0.2028,2026-10-08 07:00:00+00:00,8.0,32.0,NVIDIA L4,0.0,5.587890625,Up to 10 Gigabit,1.0,200.0,x86_64,2026-10-08,2026-10-08 20:27:06,
eu-central-1,g6e.xlarge,Windows,eu-central-1b,2.511,2026-10-08 07:00:00+00:00,4.0,32.0,NVIDIA L40S,1.0,44.703125,Up to 20 Gigabit,1.0,250.0,x86_64,2026-10-08,2026-10-08 20:27:06,2.511
eu-central-1,g6e.48xlarge,Windows,eu-central-1a,46.5081,2026-10-08 07:00:00+00:00,192.0,1536.0,NVIDIA L40S,8.0,357.625,400 Gigabit,4.0,7600.0,x86_64,2026-10-08,2026-10-08 20:27:06,5.8135125
eu-central-1,g6e.48xlarge,Linux,eu-central-1b,37.6761,2026-10-08 07:00:00+00:00,192.0,1536.0,NVIDIA L40S,8.0,357.625,400 Gigabit,4.0,7600.0,x86_64,2026-10-08,2026-10-08 20:27:06,4.7095125
eu-central-1,g6.2xlarge,Windows,eu-central-1a,0.5945,2026-10-08 07:00:00+00:00,8.0,32.0,NVIDIA L4,1.0,22.3515625,Up to 10 Gigabit,1.0,450.0,x86_64,2026-10-08,2026-10-08 20:27:06,0.5945
eu-central-1,g6.12xlarge,Linux,eu-central-1b,2.7706,2026-10-08 07:00:00+00:00,48.0,192.0,NVIDIA L4,4.0,89.40625,40 Gigabit,1.0,3760.0,x86_64,2026-10-08,2026-10-08 20:27:06,0.69265
eu-central-1,g5g.4xlarge,Linux,eu-central-1c,0.3833,2026-10-08 07:00:00+00:00,16.0,32.0,NVIDIA T4g,1.0,16.0,Up to 10 Gigabit,1.0,0.0,arm64,2026-10-08,2026-10-08 20:27:06,0.3833
eu-central-1,g5.48xlarge,Windows,eu-central-1b,29.2001,2026-10-08 07:00:00+00:00,192.0,768.0,NVIDIA A10G,8.0,178.8125,100 Gigabit,1.0,7600.0,x86_64,2026-10-08,2026-10-08 20:27:06,3.6500125
eu-central-1,g5.24xlarge,Windows,eu-central-1b,8.7639,2026-10-08 07:00:00+00:00,96.0,384.0,NVIDIA A10G,4.0,89.40625,50 Gigabit,1.0,3800.0,x86_64,2026-10-08,2026-10-08 20:27:06,2.190975
eu-central-1,g4dn.8xlarge,Windows,eu-central-1c,1.744,2026-10-08 07:00:00+00:00,32.0,128.0,NVIDIA T4,1.0,16.0,50 Gigabit,1.0,900.0,x86_64,2026-10-08,2026-10-08 20:27:06,1.744
us-east-1,inf2.xlarge,Linux,us-east-1f,0.1824,2026-10-08 07:00:00+00:00,4.0,16.0,Inferentia2,1.0,32.0,Up to 15 Gigabit,1.0,0.0,x86_64,2026-10-08,2026-10-08 20:27:06,0.1824
us-east-1,inf1.xlarge,Linux,us-east-1b,0.0569,2026-10-08 07:00:00+00:00,4.0,8.0,Inferentia,1.0,8.0,Up to 25 Gigabit,1.0,0.0,x86_64,2026-10-08,2026-10-08 20:27:06,0.0569
ap-northeast-2,g6f.4xlarge,Linux,ap-northeast-2d,0.5286,2026-10-08 07:00:00+00:00,16.0,64.0,NVIDIA L4,0.0,11.17578125,Up to 25 Gigabit,1.0,450.0,x86_64,2026-10-08,2026-10-08 20:27:06,
us-west-1,g4dn.xlarge,Windows,us-west-1c,0.2618,2026-10-08 07:00:00+00:00,4.0,16.0,NVIDIA T4,1.0,16.0,Up to 25 Gigabit,1.0,125.0,x86_64,2026-10-08,2026-10-08 20:27:06,0.2618
eu-west-1,g4dn.4xlarge,Linux,eu-west-1a,0.58,2026-10-08 07:00:00+00:00,16.0,64.0,NVIDIA T4,1.0,16.0,Up to 25 Gigabit,1.0,225.0,x86_64,2026-10-08,2026-10-08 20:27:06,0.58
eu-west-1,g4dn.xlarge,Linux,eu-west-1b,0.3372,2026-10-08 07:00:00+00:00,4.0,16.0,NVIDIA T4,1.0,16.0,Up to 25 Gigabit,1.0,125.0,x86_64,2026-10-08,2026-10-08 20:27:06,0.3372
ap-southeast-1,inf1.6xlarge,Linux,ap-southeast-1a,0.2997,2026-10-08 07:00:00+00:00,24.0,48.0,Inferentia,4.0,32.0,25 Gigabit,1.0,0.0,x86_64,2026-10-08,2026-10-08 20:27:06,0.074925
us-east-1,inf1.24xlarge,Linux,us-east-1c,1.234,2026-10-08 07:00:00+00:00,96.0,192.0,Inferentia,16.0,128.0,100 Gigabit,1.0,0.0,x86_64,2026-10-08,2026-10-08 20:27:06,0.077125
eu-west-1,g5.16xlarge,Windows,eu-west-1c,3.8397,2026-10-08 07:00:00+00:00,64.0,256.0,NVIDIA A10G,1.0,22.3515625,25 Gigabit,1.0,1900.0,x86_64,2026-10-08,2026-10-08 20:27:06,3.8397
eu-west-1,g5.2xlarge,Linux,eu-west-1c,1.0218,2026-10-08 07:00:00+00:00,8.0,32.0,NVIDIA A10G,1.0,22.3515625,Up to 10 Gigabit,1.0,450.0,x86_64,2026-10-08,2026-10-08 20:27:06,1.0218
us-west-1,inf1.24xlarge,Linux,us-west-1a,1.7013,2026-10-08 07:00:00+00:00,96.0,192.0,Inferentia,16.0,128.0,100 Gigabit,1.0,0.0,x86_64,2026-10-08,2026-10-08 20:27:06,0.10633125
us-west-1,g4dn.metal,Windows,us-west-1a,5.3549,2026-10-08 07:00:00+00:00,96.0,384.0,NVIDIA T4,8.0,128.0,100 Gigabit,1.0,1800.0,x86_64,2026-10-08,2026-10-08 20:27:06,0.6693625
us-east-1,g4dn.12xlarge,Linux,us-east-1d,1.6872,2026-10-08 07:00:00+00:00,48.0,192.0,NVIDIA T4,4.0,64.0,50 Gigabit,1.0,900.0,x86_64,2026-10-08,2026-10-08 20:27:06,0.4218
us-west-1,g4dn.12xlarge,Windows,us-west-1a,2.6774,2026-10-08 07:00:00+00:00,48.0,192.0,NVIDIA T4,4.0,64.0,50 Gigabit,1.0,900.0,x86_64,2026-10-08,2026-10-08 20:27:06,0.66935
ap-northeast-2,gr6.8xlarge,Windows,ap-northeast-2d,1.7728,2026-10-08 07:00:00+00:00,32.0,256.0,NVIDIA L4,1.0,22.3515625,25 Gigabit,1.0,900.0,x86_64,2026-10-08,2026-10-08 20:27:06,1.7728
ap-northeast-1,g6.12xlarge,Linux,ap-northeast-1a,3.0807,2026-10-08 07:00:00+00:00,48.0,192.0,NVIDIA L4,4.0,89.40625,40 Gigabit,1.0,3760.0,x86_64,2026-10-08,2026-10-08 20:27:06,0.770175
ap-northeast-1,g6.12xlarge,Windows,ap-northeast-1c,5.2113,2026-10-08 07:00:00+00:00,48.0,192.0,NVIDIA L4,4.0,89.40625,40 Gigabit,1.0,3760.0,x86_64,2026-10-08,2026-10-08 20:27:06,1.302825
ap-northeast-1,g6.4xlarge,Windows,ap-northeast-1a,1.5997,2026-10-08 07:00:00+00:00,16.0,64.0,NVIDIA L4,1.0,22.3515625,Up to 25 Gigabit,1.0,600.0,x86_64,2026-10-08,2026-10-08 20:27:06,1.5997
ap-northeast-1,g6.xlarge,Linux,ap-northeast-1a,0.571,2026-10-08 07:00:00+00:00,4.0,16.0,NVIDIA L4,1.0,22.3515625,Up to 10 Gigabit,1.0,250.0,x86_64,2026-10-08,2026-10-08 20:27:06,0.571
ap-northeast-1,g6e.4xlarge,Windows,ap-northeast-1c,2.6973,2026-10-08 07:00:00+00:00,16.0,128.0,NVIDIA L40S,1.0,44.703125,20 Gigabit,1.0,600.0,x86_64,2026-10-08,2026-10-08 20:27:06,2.6973
eu-west-1,g4dn.2xlarge,Windows,eu-west-1c,0.5718,2026-10-08 07:00:00+00:00,8.0,32.0,NVIDIA T4,1.0,16.0,Up to 25 Gigabit,1.0,225.0,x86_64,2026-10-08,2026-10-08 20:27:06,0.5718
eu-west-1,g4dn.16xlarge,Windows,eu-west-1c,3.4293,2026-10-08 07:00:00+00:00,64.0,256.0,NVIDIA T4,1.0,16.0,50 Gigabit,1.0,900.0,x86_64,2026-10-08,2026-10-08 20:27:06,3.4293
ap-south-1,g4dn.2xlarge,Windows,ap-south-1c,0.4842,2026-10-08 07:00:00+00:00,8.0,32.0,NVIDIA T4,1.0,16.0,Up to 25 Gigabit,1.0,225.0,x86_64,2026-10-08,2026-10-08 20:27:06,0.4842
ap-south-1,g4dn.2xlarge,Windows,ap-south-1b,0.5078,2026-10-08 07:00:00+00:00,8.0,32.0,NVIDIA T4,1.0,16.0,Up to 25 Gigabit,1.0,225.0,x86_64,2026-10-08,2026-10-08 20:27:06,0.5078
ap-northeast-2,p6-b300.48xlarge,Linux,ap-northeast-2c,51.7093,2026-10-08 07:00:00+00:00,192.0,4096.0,NVIDIA B300,8.0,2148.75,6400 Gigabit,17.0,30400.0,x86_64,2026-10-08,2026-10-08 20:27:06,6.4636625
ap-northeast-2,gr6f.4xlarge,Windows,ap-northeast-2a,0.8671,2026-10-08 07:00:00+00:00,16.0,128.0,NVIDIA L4,0.0,11.17578125,Up to 25 Gigabit,1.0,450.0,x86_64,2026-10-08,2026-10-08 20:27:06,
ap-northeast-1,g4dn.12xlarge,Linux,ap-northeast-1d,2.7593,2026-10-08 07:00:00+00:00,48.0,192.0,NVIDIA T4,4.0,64.0,50 Gigabit,1.0,900.0,x86_64,2026-10-08,2026-10-08 20:27:06,0.689825
ap-northeast-1,g4dn.16xlarge,Windows,ap-northeast-1c,5.5878,2026-10-08 07:00:00+00:00,64.0,256.0,NVIDIA T4,1.0,16.0,50 Gigabit,1.0,900.0,x86_64,2026-10-08,2026-10-08 20:27:06,5.5878
ap-northeast-1,g4dn.4xlarge,Linux,ap-northeast-1d,0.7547,2026-10-08 07:00:00+00:00,16.0,64.0,NVIDIA T4,1.0,16.0,Up to 25 Gigabit,1.0,225.0,x86_64,2026-10-08,2026-10-08 20:27:06,0.7547
ap-northeast-1,g4dn.metal,Windows,ap-northeast-1c,11.7968,2026-10-08 07:00:00+00:00,96.0,384.0,NVIDIA T4,8.0,128.0,100 Gigabit,1.0,1800.0,x86_64,2026-10-08,2026-10-08 20:27:06,1.4746
ap-northeast-1,g5.12xlarge,Windows,ap-northeast-1a,9.6115,2026-10-08 07:00:00+00:00,48.0,192.0,NVIDIA A10G,4.0,89.40625,40 Gigabit,1.0,3800.0,x86_64,2026-10-08,2026-10-08 20:27:06,2.402875
ap-northeast-1,g5.xlarge,Linux,ap-northeast-1a,0.7077,2026-10-08 07:00:00+00:00,4.0,16.0,NVIDIA A10G,1.0,22.3515625,Up to 10 Gigabit,1.0,250.0,x86_64,2026-10-08,2026-10-08 20:27:06,0.7077
ap-south-1,g5.2xlarge,Windows,ap-south-1b,0.5741,2026-10-08 07:00:00+00:00,8.0,32.0,NVIDIA A10G,1.0,22.3515625,Up to 10 Gigabit,1.0,450.0,x86_64,2026-10-08,2026-10-08 20:27:06,0.5741
ap-south-1,g5.2xlarge,Linux,ap-south-1b,0.6187,2026-10-08 07:00:00+00:00,8.0,32.0,NVIDIA A10G,1.0,22.3515625,Up to 10 Gigabit,1.0,450.0,x86_64,2026-10-08,2026-10-08 20:27:06,0.6187
ap-south-1,g5.2xlarge,Linux,ap-south-1a,0.576,2026-10-08 07:00:00+00:00,8.0,32.0,NVIDIA A10G,1.0,22.3515625,Up to 10 Gigabit,1.0,450.0,x86_64,2026-10-08,2026-10-08 20:27:06,0.576
ap-south-1,g5.12xlarge,Linux,ap-south-1a,3.9465,2026-10-08 07:00:00+00:00,48.0,192.0,NVIDIA A10G,4.0,89.40625,40 Gigabit,1.0,3800.0,x86_64,2026-10-08,2026-10-08 20:27:06,0.986625
ap-south-1,g4dn.xlarge,Windows,ap-south-1c,0.2683,2026-10-08 07:00:00+00:00,4.0,16.0,NVIDIA T4,1.0,16.0,Up to 25 Gigabit,1.0,125.0,x86_64,2026-10-08,2026-10-08 20:27:06,0.2683
ap-south-1,g4dn.xlarge,Linux,ap-south-1b,0.2322,2026-10-08 07:00:00+00:00,4.0,16.0,NVIDIA T4,1.0,16.0,Up to 25 Gigabit,1.0,125.0,x86_64,2026-10-08,2026-10-08 20:27:06,0.2322
ap-south-1,g4dn.metal,Windows,ap-south-1b,5.2772,2026-10-08 07:00:00+00:00,96.0,384.0,NVIDIA T4,8.0,128.0,100 Gigabit,1.0,1800.0,x86_64,2026-10-08,2026-10-08 20:27:06,0.65965
ap-northeast-1,g6e.8xlarge,Linux,ap-northeast-1c,3.1282,2026-10-08 07:00:00+00:00,32.0,256.0,NVIDIA L40S,1.0,44.703125,25 Gigabit,1.0,900.0,x86_64,2026-10-08,2026-10-08 20:27:06,3.1282
eu-west-1,g5.12xlarge,Windows,eu-west-1a,3.0652,2026-10-08 07:00:00+00:00,48.0,192.0,NVIDIA A10G,4.0,89.40625,40 Gigabit,1.0,3800.0,x86_64,2026-10-08,2026-10-08 20:27:06,0.7663
us-east-1,g4dn.16xlarge,Windows,us-east-1d,3.6507,2026-10-08 07:00:00+00:00,64.0,256.0,NVIDIA T4,1.0,16.0,50 Gigabit,1.0,900.0,x86_64,2026-10-08,2026-10-08 20:27:06,3.6507
us-east-1,g6e.12xlarge,Linux,us-east-1c,8.4468,2026-10-08 07:00:00+00:00,48.0,384.0,NVIDIA L40S,4.0,178.8125,100 Gigabit,1.0,3800.0,x86_64,2026-10-08,2026-10-08 20:27:06,2.1117
us-east-1,g6e.16xlarge,Linux,us-east-1b,2.5179,2026-10-08 07:00:00+00:00,64.0,512.0,NVIDIA L40S,1.0,44.703125,35 Gigabit,1.0,1900.0,x86_64,2026-10-08,2026-10-08 20:27:06,2.5179
us-east-1,g6e.16xlarge,Linux,us-east-1d,2.3118,2026-10-08 07:00:00+00:00,64.0,512.0,NVIDIA L40S,1.0,44.703125,35 Gigabit,1.0,1900.0,x86_64,2026-10-08,2026-10-08 20:27:06,2.3118
us-east-1,g6e.2xlarge,Linux,us-east-1a,2.2096,2026-10-08 07:00:00+00:00,8.0,64.0,NVIDIA L40S,1.0,44.703125,Up to 20 Gigabit,1.0,450.0,x86_64,2026-10-08,2026-10-08 20:27:06,2.2096
us-east-1,g6e.2xlarge,Linux,us-east-1c,2.2096,2026-10-08 07:00:00+00:00,8.0,64.0,NVIDIA L40S,1.0,44.703125,Up to 20 Gigabit,1.0,450.0,x86_64,2026-10-08,2026-10-08 20:27:06,2.2096
us-east-1,g6e.xlarge,Windows,us-east-1b,0.724,2026-10-08 07:00:00+00:00,4.0,32.0,NVIDIA L40S,1.0,44.703125,Up to 20 Gigabit,1.0,250.0,x86_64,2026-10-08,2026-10-08 20:27:06,0.724
us-east-1,g6f.xlarge,Windows,us-east-1c,0.2078,2026-10-08 07:00:00+00:00,4.0,16.0,NVIDIA L4,0.0,2.7939453125,Up to 10 Gigabit,1.0,100.0,x86_64,2026-10-08,2026-10-08 20:27:06,
us-east-1,g7.12xlarge,Linux,us-east-1c,1.0868,2026-10-08 07:00:00+00:00,48.0,192.0,NVIDIA RTX PRO 4500,2.0,64.0,175 Gigabit,1.0,1900.0,x86_64,2026-10-08,2026-10-08 20:27:06,0.5434
us-east-1,g7.12xlarge,Linux,us-east-1d,1.0212,2026-10-08 07:00:00+00:00,48.0,192.0,NVIDIA RTX PRO 4500,2.0,64.0,175 Gigabit,1.0,1900.0,x86_64,2026-10-08,2026-10-08 20:27:06,0.5106
us-east-1,g7.48xlarge,Windows,us-east-1a,11.6833,2026-10-08 07:00:00+00:00,192.0,768.0,NVIDIA RTX PRO 4500,8.0,256.0,700 Gigabit,2.0,7600.0,x86_64,2026-10-08,2026-10-08 20:27:06,1.4604125
us-east-1,g7.8xlarge,Linux,us-east-1d,0.9231,2026-10-08 07:00:00+00:00,32.0,128.0,NVIDIA RTX PRO 4500,1.0,32.0,100 Gigabit,1.0,930.0,x86_64,2026-10-08,2026-10-08 20:27:06,0.9231
us-east-1,g7e.24xlarge,Linux,us-east-1b,7.3905,2026-10-08 07:00:00+00:00,96.0,1024.0,NVIDIA RTX PRO Server 6000,4.0,384.0,800 Gigabit,2.0,7600.0,x86_64,2026-10-08,2026-10-08 20:27:06,1.847625
us-east-1,g4dn.2xlarge,Linux,us-east-1a,0.3689,2026-10-08 07:00:00+00:00,8.0,32.0,NVIDIA T4,1.0,16.0,Up to 25 Gigabit,1.0,225.0,x86_64,2026-10-08,2026-10-08 20:27:06,0.3689
us-east-1,g7e.4xlarge,Linux,us-east-1d,1.7033,2026-10-08 07:00:00+00:00,16.0,128.0,NVIDIA RTX PRO Server 6000,1.0,96.0,50 Gigabit,1.0,1900.0,x86_64,2026-10-08,2026-10-08 20:27:06,1.7033
us-east-1,g7e.8xlarge,Windows,us-east-1d,2.5787,2026-10-08 07:00:00+00:00,32.0,256.0,NVIDIA RTX PRO Server 6000,1.0,96.0,100 Gigabit,1.0,1900.0,x86_64,2026-10-08,2026-10-08 20:27:06,2.5787
us-east-1,gr6.4xlarge,Windows,us-east-1b,1.0471,2026-10-08 07:00:00+00:00,16.0,128.0,NVIDIA L4,1.0,22.3515625,Up to 25 Gigabit,1.0,600.0,x86_64,2026-10-08,2026-10-08 20:27:06,1.0471
us-east-1,g6e.12xlarge,Windows,us-east-1a,4.1282,2026-10-08 07:00:00+00:00,48.0,384.0,NVIDIA L40S,4.0,178.8125,100 Gigabit,1.0,3800.0,x86_64,2026-10-08,2026-10-08 20:27:06,1.03205
us-east-1,g7e.48xlarge,Linux,us-east-1d,14.0606,2026-10-08 07:00:00+00:00,192.0,2048.0,NVIDIA RTX PRO Server 6000,8.0,768.0,1600 Gigabit,4.0,15200.0,x86_64,2026-10-08,2026-10-08 20:27:06,1.757575
us-east-1,g6.8xlarge,Windows,us-east-1f,1.9332,2026-10-08 07:00:00+00:00,32.0,128.0,NVIDIA L4,1.0,22.3515625,25 Gigabit,1.0,900.0,x86_64,2026-10-08,2026-10-08 20:27:06,1.9332
us-east-1,g5.48xlarge,Linux,us-east-1a,16.0521,2026-10-08 07:00:00+00:00,192.0,768.0,NVIDIA A10G,8.0,178.8125,100 Gigabit,1.0,7600.0,x86_64,2026-10-08,2026-10-08 20:27:06,2.0065125
us-east-1,g6.48xlarge,Windows,us-east-1b,11.1769,2026-10-08 07:00:00+00:00,192.0,768.0,NVIDIA L4,8.0,178.8125,100 Gigabit,1.0,7520.0,x86_64,2026-10-08,2026-10-08 20:27:06,1.3971125
us-east-1,g4dn.4xlarge,Linux,us-east-1d,0.5105,2026-10-08 07:00:00+00:00,16.0,64.0,NVIDIA T4,1.0,16.0,Up to 25 Gigabit,1.0,225.0,x86_64,2026-10-08,2026-10-08 20:27:06,0.5105
us-east-1,g4dn.8xlarge,Windows,us-east-1a,1.7393,2026-10-08 07:00:00+00:00,32.0,128.0,NVIDIA T4,1.0,16.0,50 Gigabit,1.0,900.0,x86_64,2026-10-08,2026-10-08 20:27:06,1.7393
us-east-1,g5.12xlarge,Linux,us-east-1c,2.8782,2026-10-08 07:00:00+00:00,48.0,192.0,NVIDIA A10G,4.0,89.40625,40 Gigabit,1.0,3800.0,x86_64,2026-10-08,2026-10-08 20:27:06,0.71955
us-east-1,g5.12xlarge,Linux,us-east-1d,4.7749,2026-10-08 07:00:00+00:00,48.0,192.0,NVIDIA A10G,4.0,89.40625,40 Gigabit,1.0,3800.0,x86_64,2026-10-08,2026-10-08 20:27:06,1.193725
us-east-1,g5.12xlarge,Windows,us-east-1f,5.3201,2026-10-08 07:00:00+00:00,48.0,192.0,NVIDIA A10G,4.0,89.40625,40 Gigabit,1.0,3800.0,x86_64,2026-10-08,2026-10-08 20:27:06,1.330025
us-east-1,g5.16xlarge,Linux,us-east-1b,1.325,2026-10-08 07:00:00+00:00,64.0,256.0,NVIDIA A10G,1.0,22.3515625,25 Gigabit,1.0,1900.0,x86_64,2026-10-08,2026-10-08 20:27:06,1.325
ap-northeast-2,g6e.12xlarge,Linux,ap-northeast-2a,5.9741,2026-10-08 07:00:00+00:00,48.0,384.0,NVIDIA L40S,4.0,178.8125,100 Gigabit,1.0,3800.0,x86_64,2026-10-08,2026-10-08 20:27:06,1.493525
us-east-1,g5.48xlarge,Linux,us-east-1b,9.1045,2026-10-08 07:00:00+00:00,192.0,768.0,NVIDIA A10G,8.0,178.8125,100 Gigabit,1.0,7600.0,x86_64,2026-10-08,2026-10-08 20:27:06,1.1380625
us-east-1,g6.48xlarge,Windows,us-east-1a,10.2192,2026-10-08 07:00:00+00:00,192.0,768.0,NVIDIA L4,8.0,178.8125,100 Gigabit,1.0,7520.0,x86_64,2026-10-08,2026-10-08 20:27:06,1.2774
us-east-1,g5g.xlarge,Linux,us-east-1a,0.1383,2026-10-08 07:00:00+00:00,4.0,8.0,NVIDIA T4g,1.0,16.0,Up to 10 Gigabit,1.0,0.0,arm64,2026-10-08,2026-10-08 20:27:06,0.1383
us-east-1,g6.24xlarge,Linux,us-east-1a,6.5785,2026-10-08 07:00:00+00:00,96.0,384.0,NVIDIA L4,4.0,89.40625,50 Gigabit,1.0,3760.0,x86_64,2026-10-08,2026-10-08 20:27:06,1.644625
us-east-1,g6.24xlarge,Linux,us-east-1b,3.5013,2026-10-08 07:00:00+00:00,96.0,384.0,NVIDIA L4,4.0,89.40625,50 Gigabit,1.0,3760.0,x86_64,2026-10-08,2026-10-08 20:27:06,0.875325
us-east-1,g6.2xlarge,Linux,us-east-1b,0.921,2026-10-08 07:00:00+00:00,8.0,32.0,NVIDIA L4,1.0,22.3515625,Up to 10 Gigabit,1.0,450.0,x86_64,2026-10-08,2026-10-08 20:27:06,0.921
us-east-1,g6.2xlarge,Linux,us-east-1c,0.9083,2026-10-08 07:00:00+00:00,8.0,32.0,NVIDIA L4,1.0,22.3515625,Up to 10 Gigabit,1.0,450.0,x86_64,2026-10-08,2026-10-08 20:27:06,0.9083
us-east-1,g5.xlarge,Windows,us-east-1f,0.2846,2026-10-08 07:00:00+00:00,4.0,16.0,NVIDIA A10G,1.0,22.3515625,Up to 10 Gigabit,1.0,250.0,x86_64,2026-10-08,2026-10-08 20:27:06,0.2846
us-west-2,g5g.metal,Linux,us-west-2a,0.7724,2026-10-08 06:00:00+00:00,64.0,128.0,NVIDIA T4g,2.0,32.0,25 Gigabit,1.0,0.0,arm64,2026-10-08,2026-10-08 20:27:06,0.3862
us-west-2,g5g.2xlarge,Linux,us-west-2a,0.2881,2026-10-08 06:00:00+00:00,8.0,16.0,NVIDIA T4g,1.0,16.0,Up to 10 Gigabit,1.0,0.0,arm64,2026-10-08,2026-10-08 20:27:06,0.2881
us-west-2,g5.xlarge,Linux,us-west-2b,0.4923,2026-10-08 06:00:00+00:00,4.0,16.0,NVIDIA A10G,1.0,22.3515625,Up to 10 Gigabit,1.0,250.0,x86_64,2026-10-08,2026-10-08 20:27:06,0.4923
us-west-2,g5.8xlarge,Linux,us-west-2b,0.9011,2026-10-08 06:00:00+00:00,32.0,128.0,NVIDIA A10G,1.0,22.3515625,25 Gigabit,1.0,900.0,x86_64,2026-10-08,2026-10-08 20:27:06,0.9011
us-west-2,g5.4xlarge,Linux,us-west-2c,0.7595,2026-10-08 06:00:00+00:00,16.0,64.0,NVIDIA A10G,1.0,22.3515625,Up to 25 Gigabit,1.0,600.0,x86_64,2026-10-08,2026-10-08 20:27:06,0.7595
us-west-2,g5.24xlarge,Windows,us-west-2c,5.2304,2026-10-08 06:00:00+00:00,96.0,384.0,NVIDIA A10G,4.0,89.40625,50 Gigabit,1.0,3800.0,x86_64,2026-10-08,2026-10-08 20:27:06,1.3076
us-west-2,g5.4xlarge,Linux,us-west-2a,0.8818,2026-10-08 06:00:00+00:00,16.0,64.0,NVIDIA A10G,1.0,22.3515625,Up to 25 Gigabit,1.0,600.0,x86_64,2026-10-08,2026-10-08 20:27:06,0.8818
us-west-2,g5.48xlarge,Windows,us-west-2c,13.5017,2026-10-08 06:00:00+00:00,192.0,768.0,NVIDIA A10G,8.0,178.8125,100 Gigabit,1.0,7600.0,x86_64,2026-10-08,2026-10-08 20:27:06,1.6877125
us-west-2,g6.8xlarge,Windows,us-west-2c,1.7542,2026-10-08 06:00:00+00:00,32.0,128.0,NVIDIA L4,1.0,22.3515625,25 Gigabit,1.0,900.0,x86_64,2026-10-08,2026-10-08 20:27:06,1.7542
us-west-2,g4dn.xlarge,Linux,us-west-2c,0.2363,2026-10-08 06:00:00+00:00,4.0,16.0,NVIDIA T4,1.0,16.0,Up to 25 Gigabit,1.0,125.0,x86_64,2026-10-08,2026-10-08 20:27:06,0.2363
us-west-2,g4dn.xlarge,Linux,us-west-2b,0.2426,2026-10-08 06:00:00+00:00,4.0,16.0,NVIDIA T4,1.0,16.0,Up to 25 Gigabit,1.0,125.0,x86_64,2026-10-08,2026-10-08 20:27:06,0.2426
us-west-2,g4dn.2xlarge,Windows,us-west-2c,0.4847,2026-10-08 06:00:00+00:00,8.0,32.0,NVIDIA T4,1.0,16.0,Up to 25 Gigabit,1.0,225.0,x86_64,2026-10-08,2026-10-08 20:27:06,0.4847
us-west-2,g6.16xlarge,Windows,us-west-2d,3.4211,2026-10-08 06:00:00+00:00,64.0,256.0,NVIDIA L4,1.0,22.3515625,25 Gigabit,1.0,1880.0,x86_64,2026-10-08,2026-10-08 20:27:06,3.4211
us-west-2,g6e.4xlarge,Windows,us-west-2d,1.5637,2026-10-08 06:00:00+00:00,16.0,128.0,NVIDIA L40S,1.0,44.703125,20 Gigabit,1.0,600.0,x86_64,2026-10-08,2026-10-08 20:27:06,1.5637
us-west-2,g6.xlarge,Linux,us-west-2a,0.4554,2026-10-08 06:00:00+00:00,4.0,16.0,NVIDIA L4,1.0,22.3515625,Up to 10 Gigabit,1.0,250.0,x86_64,2026-10-08,2026-10-08 20:27:06,0.4554
us-west-2,g6e.16xlarge,Windows,us-west-2c,3.7017,2026-10-08 06:00:00+00:00,64.0,512.0,NVIDIA L40S,1.0,44.703125,35 Gigabit,1.0,1900.0,x86_64,2026-10-08,2026-10-08 20:27:06,3.7017
us-west-2,g6e.48xlarge,Linux,us-west-2c,22.2837,2026-10-08 06:00:00+00:00,192.0,1536.0,NVIDIA L40S,8.0,357.625,400 Gigabit,4.0,7600.0,x86_64,2026-10-08,2026-10-08 20:27:06,2.7854625
us-west-2,g6e.8xlarge,Windows,us-west-2a,2.1128,2026-10-08 06:00:00+00:00,32.0,256.0,NVIDIA L40S,1.0,44.703125,25 Gigabit,1.0,900.0,x86_64,2026-10-08,2026-10-08 20:27:06,2.1128
us-west-2,g6f.2xlarge,Linux,us-west-2d,0.1435,2026-10-08 06:00:00+00:00,8.0,32.0,NVIDIA L4,0.0,5.587890625,Up to 10 Gigabit,1.0,200.0,x86_64,2026-10-08,2026-10-08 20:27:06,
us-west-2,g7.2xlarge,Windows,us-west-2a,0.7285,2026-10-08 06:00:00+00:00,8.0,32.0,NVIDIA RTX PRO 4500,1.0,32.0,Up to 60 Gigabit,1.0,440.0,x86_64,2026-10-08,2026-10-08 20:27:06,0.7285
us-west-2,g7e.24xlarge,Linux,us-west-2a,16.5722,2026-10-08 06:00:00+00:00,96.0,1024.0,NVIDIA RTX PRO Server 6000,4.0,384.0,800 Gigabit,2.0,7600.0,x86_64,2026-10-08,2026-10-08 20:27:06,4.14305
us-west-2,g7e.48xlarge,Linux,us-west-2d,33.1443,2026-10-08 06:00:00+00:00,192.0,2048.0,NVIDIA RTX PRO Server 6000,8.0,768.0,1600 Gigabit,4.0,15200.0,x86_64,2026-10-08,2026-10-08 20:27:06,4.1430375
us-west-2,g7e.4xlarge,Linux,us-west-2c,3.5736,2026-10-08 06:00:00+00:00,16.0,128.0,NVIDIA RTX PRO Server 6000,1.0,96.0,50 Gigabit,1.0,1900.0,x86_64,2026-10-08,2026-10-08 20:27:06,3.5736
us-west-2,g7e.8xlarge,Linux,us-west-2b,5.2682,2026-10-08 06:00:00+00:00,32.0,256.0,NVIDIA RTX PRO Server 6000,1.0,96.0,100 Gigabit,1.0,1900.0,x86_64,2026-10-08,2026-10-08 20:27:06,5.2682
us-west-2,g7e.8xlarge,Linux,us-west-2c,3.951,2026-10-08 06:00:00+00:00,32.0,256.0,NVIDIA RTX PRO Server 6000,1.0,96.0,100 Gigabit,1.0,1900.0,x86_64,2026-10-08,2026-10-08 20:27:06,3.951
us-west-2,gr6.4xlarge,Linux,us-west-2d,0.5789,2026-10-08 06:00:00+00:00,16.0,128.0,NVIDIA L4,1.0,22.3515625,Up to 25 Gigabit,1.0,600.0,x86_64,2026-10-08,2026-10-08 20:27:06,0.5789
us-west-2,gr6.8xlarge,Windows,us-west-2a,1.8734,2026-10-08 06:00:00+00:00,32.0,256.0,NVIDIA L4,1.0,22.3515625,25 Gigabit,1.0,900.0,x86_64,2026-10-08,2026-10-08 20:27:06,1.8734
us-west-2,g7e.24xlarge,Windows,us-west-2b,20.9882,2026-10-08 06:00:00+00:00,96.0,1024.0,NVIDIA RTX PRO Server 6000,4.0,384.0,800 Gigabit,2.0,7600.0,x86_64,2026-10-08,2026-10-08 20:27:06,5.24705
us-east-2,g6e.8xlarge,Windows,us-east-2c,3.51,2026-10-08 06:00:00+00:00,32.0,256.0,NVIDIA L40S,1.0,44.703125,25 Gigabit,1.0,900.0,x86_64,2026-10-08,2026-10-08 20:27:06,3.51
us-east-2,g6e.xlarge,Linux,us-east-2b,1.6749,2026-10-08 06:00:00+00:00,4.0,32.0,NVIDIA L40S,1.0,44.703125,Up to 20 Gigabit,1.0,250.0,x86_64,2026-10-08,2026-10-08 20:27:06,1.6749
us-east-2,g6.2xlarge,Linux,us-east-2b,0.4777,2026-10-08 06:00:00+00:00,8.0,32.0,NVIDIA L4,1.0,22.3515625,Up to 10 Gigabit,1.0,450.0,x86_64,2026-10-08,2026-10-08 20:27:06,0.4777
us-east-2,g7.2xlarge,Windows,us-east-2c,1.5022,2026-10-08 06:00:00+00:00,8.0,32.0,NVIDIA RTX PRO 4500,1.0,32.0,Up to 60 Gigabit,1.0,440.0,x86_64,2026-10-08,2026-10-08 20:27:06,1.5022
us-east-2,g7.48xlarge,Linux,us-east-2b,12.8988,2026-10-08 06:00:00+00:00,192.0,768.0,NVIDIA RTX PRO 4500,8.0,256.0,700 Gigabit,2.0,7600.0,x86_64,2026-10-08,2026-10-08 20:27:06,1.61235
us-east-2,g7e.24xlarge,Windows,us-east-2c,17.2926,2026-10-08 06:00:00+00:00,96.0,1024.0,NVIDIA RTX PRO Server 6000,4.0,384.0,800 Gigabit,2.0,7600.0,x86_64,2026-10-08,2026-10-08 20:27:06,4.32315
us-east-2,g7e.8xlarge,Linux,us-east-2b,3.369,2026-10-08 06:00:00+00:00,32.0,256.0,NVIDIA RTX PRO Server 6000,1.0,96.0,100 Gigabit,1.0,1900.0,x86_64,2026-10-08,2026-10-08 20:27:06,3.369
us-east-2,inf1.24xlarge,Linux,us-east-2a,0.4721,2026-10-08 06:00:00+00:00,96.0,192.0,Inferentia,16.0,128.0,100 Gigabit,1.0,0.0,x86_64,2026-10-08,2026-10-08 20:27:06,0.02950625
us-east-2,p5en.48xlarge,Linux,us-east-2b,39.9136,2026-10-08 06:00:00+00:00,192.0,2048.0,NVIDIA H200,8.0,1128.0,3200 Gigabit,16.0,30400.0,x86_64,2026-10-08,2026-10-08 20:27:06,4.9892
us-east-2,g6e.4xlarge,Windows,us-east-2a,2.0879,2026-10-08 06:00:00+00:00,16.0,128.0,NVIDIA L40S,1.0,44.703125,20 Gigabit,1.0,600.0,x86_64,2026-10-08,2026-10-08 20:27:06,2.0879
us-east-2,g6e.48xlarge,Linux,us-east-2c,18.7154,2026-10-08 06:00:00+00:00,192.0,1536.0,NVIDIA L40S,8.0,357.625,400 Gigabit,4.0,7600.0,x86_64,2026-10-08,2026-10-08 20:27:06,2.339425
us-east-2,g6e.2xlarge,Windows,us-east-2b,1.377,2026-10-08 06:00:00+00:00,8.0,64.0,NVIDIA L40S,1.0,44.703125,Up to 20 Gigabit,1.0,450.0,x86_64,2026-10-08,2026-10-08 20:27:06,1.377
us-east-2,g6e.12xlarge,Windows,us-east-2c,6.9299,2026-10-08 06:00:00+00:00,48.0,384.0,NVIDIA L40S,4.0,178.8125,100 Gigabit,1.0,3800.0,x86_64,2026-10-08,2026-10-08 20:27:06,1.732475
us-east-2,g6e.12xlarge,Windows,us-east-2a,6.9298,2026-10-08 06:00:00+00:00,48.0,384.0,NVIDIA L40S,4.0,178.8125,100 Gigabit,1.0,3800.0,x86_64,2026-10-08,2026-10-08 20:27:06,1.73245
us-east-2,g6e.12xlarge,Linux,us-east-2c,5.3462,2026-10-08 06:00:00+00:00,48.0,384.0,NVIDIA L40S,4.0,178.8125,100 Gigabit,1.0,3800.0,x86_64,2026-10-08,2026-10-08 20:27:06,1.33655
us-east-2,g6.8xlarge,Windows,us-east-2c,2.3785,2026-10-08 06:00:00+00:00,32.0,128.0,NVIDIA L4,1.0,22.3515625,25 Gigabit,1.0,900.0,x86_64,2026-10-08,2026-10-08 20:27:06,2.3785
us-east-2,g6.48xlarge,Linux,us-east-2c,6.816,2026-10-08 06:00:00+00:00,192.0,768.0,NVIDIA L4,8.0,178.8125,100 Gigabit,1.0,7520.0,x86_64,2026-10-08,2026-10-08 20:27:06,0.852
us-east-2,g6.12xlarge,Windows,us-east-2c,4.2787,2026-10-08 06:00:00+00:00,48.0,192.0,NVIDIA L4,4.0,89.40625,40 Gigabit,1.0,3760.0,x86_64,2026-10-08,2026-10-08 20:27:06,1.069675
us-west-1,g4dn.xlarge,Windows,us-west-1a,0.2625,2026-10-08 06:00:00+00:00,4.0,16.0,NVIDIA T4,1.0,16.0,Up to 25 Gigabit,1.0,125.0,x86_64,2026-10-08,2026-10-08 20:27:06,0.2625
us-east-2,g6.12xlarge,Windows,us-east-2a,4.2787,2026-10-08 06:00:00+00:00,48.0,192.0,NVIDIA L4,4.0,89.40625,40 Gigabit,1.0,3760.0,x86_64,2026-10-08,2026-10-08 20:27:06,1.069675
us-east-2,g5.4xlarge,Linux,us-east-2a,0.841,2026-10-08 06:00:00+00:00,16.0,64.0,NVIDIA A10G,1.0,22.3515625,Up to 25 Gigabit,1.0,600.0,x86_64,2026-10-08,2026-10-08 20:27:06,0.841
us-east-2,g5.24xlarge,Windows,us-east-2b,8.0808,2026-10-08 06:00:00+00:00,96.0,384.0,NVIDIA A10G,4.0,89.40625,50 Gigabit,1.0,3800.0,x86_64,2026-10-08,2026-10-08 20:27:06,2.0202
us-east-2,g5.24xlarge,Linux,us-east-2b,4.0355,2026-10-08 06:00:00+00:00,96.0,384.0,NVIDIA A10G,4.0,89.40625,50 Gigabit,1.0,3800.0,x86_64,2026-10-08,2026-10-08 20:27:06,1.008875
us-east-2,g4dn.16xlarge,Linux,us-east-2c,2.0654,2026-10-08 06:00:00+00:00,64.0,256.0,NVIDIA T4,1.0,16.0,50 Gigabit,1.0,900.0,x86_64,2026-10-08,2026-10-08 20:27:06,2.0654
us-east-2,g4dn.12xlarge,Linux,us-east-2a,1.924,2026-10-08 06:00:00+00:00,48.0,192.0,NVIDIA T4,4.0,64.0,50 Gigabit,1.0,900.0,x86_64,2026-10-08,2026-10-08 20:27:06,0.481
ap-northeast-1,g6.48xlarge,Windows,ap-northeast-1a,17.5526,2026-10-08 06:00:00+00:00,192.0,768.0,NVIDIA L4,8.0,178.8125,100 Gigabit,1.0,7520.0,x86_64,2026-10-08,2026-10-08 20:27:06,2.194075
ap-northeast-1,g6e.24xlarge,Linux,ap-northeast-1a,9.8584,2026-10-08 06:00:00+00:00,96.0,768.0,NVIDIA L40S,4.0,178.8125,200 Gigabit,2.0,3800.0,x86_64,2026-10-08,2026-10-08 20:27:06,2.4646
ap-northeast-1,g6f.2xlarge,Windows,ap-northeast-1a,0.678,2026-10-08 06:00:00+00:00,8.0,32.0,NVIDIA L4,0.0,5.587890625,Up to 10 Gigabit,1.0,200.0,x86_64,2026-10-08,2026-10-08 20:27:06,
ap-northeast-1,g6f.4xlarge,Linux,ap-northeast-1c,0.6207,2026-10-08 06:00:00+00:00,16.0,64.0,NVIDIA L4,0.0,11.17578125,Up to 25 Gigabit,1.0,450.0,x86_64,2026-10-08,2026-10-08 20:27:06,
ap-northeast-1,g7e.24xlarge,Windows,ap-northeast-1c,15.2315,2026-10-08 06:00:00+00:00,96.0,1024.0,NVIDIA RTX PRO Server 6000,4.0,384.0,800 Gigabit,2.0,7600.0,x86_64,2026-10-08,2026-10-08 20:27:06,3.807875
ap-northeast-1,g7e.2xlarge,Linux,ap-northeast-1a,3.0542,2026-10-08 06:00:00+00:00,8.0,64.0,NVIDIA RTX PRO Server 6000,1.0,96.0,50 Gigabit,1.0,1900.0,x86_64,2026-10-08,2026-10-08 20:27:06,3.0542
ap-northeast-1,gr6.8xlarge,Linux,ap-northeast-1c,1.0183,2026-10-08 06:00:00+00:00,32.0,256.0,NVIDIA L4,1.0,22.3515625,25 Gigabit,1.0,900.0,x86_64,2026-10-08,2026-10-08 20:27:06,1.0183
ap-northeast-1,p5en.48xlarge,Linux,ap-northeast-1a,34.4498,2026-10-08 06:00:00+00:00,192.0,2048.0,NVIDIA H200,8.0,1128.0,3200 Gigabit,16.0,30400.0,x86_64,2026-10-08,2026-10-08 20:27:06,4.306225
ap-northeast-2,g6e.12xlarge,Windows,ap-northeast-2a,8.0131,2026-10-08 06:00:00+00:00,48.0,384.0,NVIDIA L40S,4.0,178.8125,100 Gigabit,1.0,3800.0,x86_64,2026-10-08,2026-10-08 20:27:06,2.003275
ap-northeast-2,g6.2xlarge,Linux,ap-northeast-2a,0.5662,2026-10-08 06:00:00+00:00,8.0,32.0,NVIDIA L4,1.0,22.3515625,Up to 10 Gigabit,1.0,450.0,x86_64,2026-10-08,2026-10-08 20:27:06,0.5662
ap-northeast-1,g5.xlarge,Windows,ap-northeast-1c,0.9391,2026-10-08 06:00:00+00:00,4.0,16.0,NVIDIA A10G,1.0,22.3515625,Up to 10 Gigabit,1.0,250.0,x86_64,2026-10-08,2026-10-08 20:27:06,0.9391
ap-northeast-2,g6f.2xlarge,Windows,ap-northeast-2d,0.631,2026-10-08 06:00:00+00:00,8.0,32.0,NVIDIA L4,0.0,5.587890625,Up to 10 Gigabit,1.0,200.0,x86_64,2026-10-08,2026-10-08 20:27:06,
eu-north-1,g4dn.16xlarge,Linux,eu-north-1c,0.7044,2026-10-08 06:00:00+00:00,64.0,256.0,NVIDIA T4,1.0,16.0,50 Gigabit,1.0,900.0,x86_64,2026-10-08,2026-10-08 20:27:06,0.7044
eu-north-1,g4dn.12xlarge,Windows,eu-north-1a,2.623,2026-10-08 06:00:00+00:00,48.0,192.0,NVIDIA T4,4.0,64.0,50 Gigabit,1.0,900.0,x86_64,2026-10-08,2026-10-08 20:27:06,0.65575
eu-west-2,g6.2xlarge,Linux,eu-west-2a,0.4073,2026-10-08 06:00:00+00:00,8.0,32.0,NVIDIA L4,1.0,22.3515625,Up to 10 Gigabit,1.0,450.0,x86_64,2026-10-08,2026-10-08 20:27:06,0.4073
ap-northeast-2,g6.4xlarge,Linux,ap-northeast-2d,0.7342,2026-10-08 06:00:00+00:00,16.0,64.0,NVIDIA L4,1.0,22.3515625,Up to 25 Gigabit,1.0,600.0,x86_64,2026-10-08,2026-10-08 20:27:06,0.7342
ap-northeast-2,g6.4xlarge,Windows,ap-northeast-2c,1.4683,2026-10-08 06:00:00+00:00,16.0,64.0,NVIDIA L4,1.0,22.3515625,Up to 25 Gigabit,1.0,600.0,x86_64,2026-10-08,2026-10-08 20:27:06,1.4683
eu-west-2,g6.xlarge,Linux,eu-west-2c,0.3958,2026-10-08 06:00:00+00:00,4.0,16.0,NVIDIA L4,1.0,22.3515625,Up to 10 Gigabit,1.0,250.0,x86_64,2026-10-08,2026-10-08 20:27:06,0.3958
ap-northeast-2,g6e.24xlarge,Linux,ap-northeast-2b,8.6724,2026-10-08 06:00:00+00:00,96.0,768.0,NVIDIA L40S,4.0,178.8125,200 Gigabit,2.0,3800.0,x86_64,2026-10-08,2026-10-08 20:27:06,2.1681
ap-northeast-2,g6e.2xlarge,Windows,ap-northeast-2a,1.6085,2026-10-08 06:00:00+00:00,8.0,64.0,NVIDIA L40S,1.0,44.703125,Up to 20 Gigabit,1.0,450.0,x86_64,2026-10-08,2026-10-08 20:27:06,1.6085
ap-northeast-2,g6e.8xlarge,Windows,ap-northeast-2a,3.9775,2026-10-08 06:00:00+00:00,32.0,256.0,NVIDIA L40S,1.0,44.703125,25 Gigabit,1.0,900.0,x86_64,2026-10-08,2026-10-08 20:27:06,3.9775
ap-northeast-2,g6f.2xlarge,Linux,ap-northeast-2d,0.2699,2026-10-08 06:00:00+00:00,8.0,32.0,NVIDIA L4,0.0,5.587890625,Up to 10 Gigabit,1.0,200.0,x86_64,2026-10-08,2026-10-08 20:27:06,
ap-northeast-2,gr6.4xlarge,Windows,ap-northeast-2a,0.9253,2026-10-08 06:00:00+00:00,16.0,128.0,NVIDIA L4,1.0,22.3515625,Up to 25 Gigabit,1.0,600.0,x86_64,2026-10-08,2026-10-08 20:27:06,0.9253
eu-north-1,g5.48xlarge,Windows,eu-north-1c,12.194,2026-10-08 06:00:00+00:00,192.0,768.0,NVIDIA A10G,8.0,178.8125,100 Gigabit,1.0,7600.0,x86_64,2026-10-08,2026-10-08 20:27:06,1.52425
ap-northeast-2,gr6.8xlarge,Windows,ap-northeast-2a,1.7728,2026-10-08 06:00:00+00:00,32.0,256.0,NVIDIA L4,1.0,22.3515625,25 Gigabit,1.0,900.0,x86_64,2026-10-08,2026-10-08 20:27:06,1.7728
ap-northeast-2,gr6f.4xlarge,Windows,ap-northeast-2c,0.8671,2026-10-08 06:00:00+00:00,16.0,128.0,NVIDIA L4,0.0,11.17578125,Up to 25 Gigabit,1.0,450.0,x86_64,2026-10-08,2026-10-08 20:27:06,
ap-northeast-2,inf2.xlarge,Linux,ap-northeast-2c,0.1628,2026-10-08 06:00:00+00:00,4.0,16.0,Inferentia2,1.0,32.0,Up to 15 Gigabit,1.0,0.0,x86_64,2026-10-08,2026-10-08 20:27:06,0.1628
us-east-1,p5.4xlarge,Windows,us-east-1f,3.2362,2026-10-08 06:00:00+00:00,16.0,256.0,NVIDIA H100,1.0,80.0,100 Gigabit,1.0,3800.0,x86_64,2026-10-08,2026-10-08 20:27:06,3.2362
us-east-1,gr6f.4xlarge,Windows,us-east-1a,1.277,2026-10-08 06:00:00+00:00,16.0,128.0,NVIDIA L4,0.0,11.17578125,Up to 25 Gigabit,1.0,450.0,x86_64,2026-10-08,2026-10-08 20:27:06,
us-east-1,gr6.4xlarge,Windows,us-east-1c,0.9828,2026-10-08 06:00:00+00:00,16.0,128.0,NVIDIA L4,1.0,22.3515625,Up to 25 Gigabit,1.0,600.0,x86_64,2026-10-08,2026-10-08 20:27:06,0.9828
us-east-1,g7e.8xlarge,Linux,us-east-1d,3.0648,2026-10-08 06:00:00+00:00,32.0,256.0,NVIDIA RTX PRO Server 6000,1.0,96.0,100 Gigabit,1.0,1900.0,x86_64,2026-10-08,2026-10-08 20:27:06,3.0648
us-east-1,g7e.4xlarge,Windows,us-east-1b,1.5169,2026-10-08 06:00:00+00:00,16.0,128.0,NVIDIA RTX PRO Server 6000,1.0,96.0,50 Gigabit,1.0,1900.0,x86_64,2026-10-08,2026-10-08 20:27:06,1.5169
us-east-1,g7.8xlarge,Linux,us-east-1c,1.0154,2026-10-08 06:00:00+00:00,32.0,128.0,NVIDIA RTX PRO 4500,1.0,32.0,100 Gigabit,1.0,930.0,x86_64,2026-10-08,2026-10-08 20:27:06,1.0154
eu-west-2,g6f.2xlarge,Linux,eu-west-2b,0.1969,2026-10-08 06:00:00+00:00,8.0,32.0,NVIDIA L4,0.0,5.587890625,Up to 10 Gigabit,1.0,200.0,x86_64,2026-10-08,2026-10-08 20:27:06,
eu-north-1,g5.24xlarge,Windows,eu-north-1c,5.2798,2026-10-08 06:00:00+00:00,96.0,384.0,NVIDIA A10G,4.0,89.40625,50 Gigabit,1.0,3800.0,x86_64,2026-10-08,2026-10-08 20:27:06,1.31995
eu-north-1,g5.4xlarge,Windows,eu-north-1c,0.9082,2026-10-08 06:00:00+00:00,16.0,64.0,NVIDIA A10G,1.0,22.3515625,Up to 25 Gigabit,1.0,600.0,x86_64,2026-10-08,2026-10-08 20:27:06,0.9082
us-east-1,g5g.metal,Linux,us-east-1b,0.5476,2026-10-08 06:00:00+00:00,64.0,128.0,NVIDIA T4g,2.0,32.0,25 Gigabit,1.0,0.0,arm64,2026-10-08,2026-10-08 20:27:06,0.2738
ap-southeast-1,g4dn.xlarge,Windows,ap-southeast-1b,0.3073,2026-10-08 06:00:00+00:00,4.0,16.0,NVIDIA T4,1.0,16.0,Up to 25 Gigabit,1.0,125.0,x86_64,2026-10-08,2026-10-08 20:27:06,0.3073
ap-northeast-2,g4dn.metal,Windows,ap-northeast-2b,8.7468,2026-10-08 06:00:00+00:00,96.0,384.0,NVIDIA T4,8.0,128.0,100 Gigabit,1.0,1800.0,x86_64,2026-10-08,2026-10-08 20:27:06,1.09335
ap-northeast-2,g4dn.metal,Windows,ap-northeast-2c,8.7468,2026-10-08 06:00:00+00:00,96.0,384.0,NVIDIA T4,8.0,128.0,100 Gigabit,1.0,1800.0,x86_64,2026-10-08,2026-10-08 20:27:06,1.09335
ap-northeast-2,g5.2xlarge,Windows,ap-northeast-2a,1.0386,2026-10-08 06:00:00+00:00,8.0,32.0,NVIDIA A10G,1.0,22.3515625,Up to 10 Gigabit,1.0,450.0,x86_64,2026-10-08,2026-10-08 20:27:06,1.0386
ap-northeast-2,g5.4xlarge,Windows,ap-northeast-2a,1.6346,2026-10-08 06:00:00+00:00,16.0,64.0,NVIDIA A10G,1.0,22.3515625,Up to 25 Gigabit,1.0,600.0,x86_64,2026-10-08,2026-10-08 20:27:06,1.6346
ap-northeast-2,g5g.2xlarge,Linux,ap-northeast-2a,0.309,2026-10-08 06:00:00+00:00,8.0,16.0,NVIDIA T4g,1.0,16.0,Up to 10 Gigabit,1.0,0.0,arm64,2026-10-08,2026-10-08 20:27:06,0.309
ap-northeast-2,g5g.4xlarge,Linux,ap-northeast-2c,0.4583,2026-10-08 06:00:00+00:00,16.0,32.0,NVIDIA T4g,1.0,16.0,Up to 10 Gigabit,1.0,0.0,arm64,2026-10-08,2026-10-08 20:27:06,0.4583
ap-northeast-2,g5g.xlarge,Linux,ap-northeast-2a,0.2325,2026-10-08 06:00:00+00:00,4.0,8.0,NVIDIA T4g,1.0,16.0,Up to 10 Gigabit,1.0,0.0,arm64,2026-10-08,2026-10-08 20:27:06,0.2325
ap-southeast-1,g4dn.8xlarge,Windows,ap-southeast-1a,1.7765,2026-10-08 06:00:00+00:00,32.0,128.0,NVIDIA T4,1.0,16.0,50 Gigabit,1.0,900.0,x86_64,2026-10-08,2026-10-08 20:27:06,1.7765
ap-southeast-1,g4dn.metal,Windows,ap-southeast-1b,5.5108,2026-10-08 06:00:00+00:00,96.0,384.0,NVIDIA T4,8.0,128.0,100 Gigabit,1.0,1800.0,x86_64,2026-10-08,2026-10-08 20:27:06,0.68885
ap-southeast-1,g4dn.xlarge,Linux,ap-southeast-1b,0.3257,2026-10-08 06:00:00+00:00,4.0,16.0,NVIDIA T4,1.0,16.0,Up to 25 Gigabit,1.0,125.0,x86_64,2026-10-08,2026-10-08 20:27:06,0.3257
ap-southeast-1,g5g.metal,Linux,ap-southeast-1b,0.7484,2026-10-08 06:00:00+00:00,64.0,128.0,NVIDIA T4g,2.0,32.0,25 Gigabit,1.0,0.0,arm64,2026-10-08,2026-10-08 20:27:06,0.3742
eu-north-1,g6.12xlarge,Linux,eu-north-1b,1.4309,2026-10-08 06:00:00+00:00,48.0,192.0,NVIDIA L4,4.0,89.40625,40 Gigabit,1.0,3760.0,x86_64,2026-10-08,2026-10-08 20:27:06,0.357725
ap-southeast-1,inf1.24xlarge,Linux,ap-southeast-1c,1.1041,2026-10-08 06:00:00+00:00,96.0,192.0,Inferentia,16.0,128.0,100 Gigabit,1.0,0.0,x86_64,2026-10-08,2026-10-08 20:27:06,0.06900625
ap-southeast-1,inf1.xlarge,Linux,ap-southeast-1c,0.0587,2026-10-08 06:00:00+00:00,4.0,8.0,Inferentia,1.0,8.0,Up to 25 Gigabit,1.0,0.0,x86_64,2026-10-08,2026-10-08 20:27:06,0.0587
ap-southeast-1,inf2.8xlarge,Linux,ap-southeast-1c,0.6742,2026-10-08 06:00:00+00:00,32.0,128.0,Inferentia2,1.0,32.0,Up to 25 Gigabit,1.0,0.0,x86_64,2026-10-08,2026-10-08 20:27:06,0.6742
eu-north-1,inf2.24xlarge,Linux,eu-north-1b,0.714,2026-10-08 06:00:00+00:00,96.0,384.0,Inferentia2,6.0,192.0,50 Gigabit,1.0,0.0,x86_64,2026-10-08,2026-10-08 20:27:06,0.119
eu-north-1,gr6.4xlarge,Windows,eu-north-1b,0.8993,2026-10-08 06:00:00+00:00,16.0,128.0,NVIDIA L4,1.0,22.3515625,Up to 25 Gigabit,1.0,600.0,x86_64,2026-10-08,2026-10-08 20:27:06,0.8993
eu-north-1,g7e.2xlarge,Windows,eu-north-1c,0.8532,2026-10-08 06:00:00+00:00,8.0,64.0,NVIDIA RTX PRO Server 6000,1.0,96.0,50 Gigabit,1.0,1900.0,x86_64,2026-10-08,2026-10-08 20:27:06,0.8532
eu-north-1,g6e.xlarge,Linux,eu-north-1a,1.0684,2026-10-08 06:00:00+00:00,4.0,32.0,NVIDIA L40S,1.0,44.703125,Up to 20 Gigabit,1.0,250.0,x86_64,2026-10-08,2026-10-08 20:27:06,1.0684
eu-north-1,g6e.24xlarge,Linux,eu-north-1a,13.8223,2026-10-08 06:00:00+00:00,96.0,768.0,NVIDIA L40S,4.0,178.8125,200 Gigabit,2.0,3800.0,x86_64,2026-10-08,2026-10-08 20:27:06,3.455575
eu-north-1,g6.xlarge,Windows,eu-north-1b,0.2694,2026-10-08 06:00:00+00:00,4.0,16.0,NVIDIA L4,1.0,22.3515625,Up to 10 Gigabit,1.0,250.0,x86_64,2026-10-08,2026-10-08 20:27:06,0.2694
eu-north-1,g6.48xlarge,Linux,eu-north-1b,2.3615,2026-10-08 06:00:00+00:00,192.0,768.0,NVIDIA L4,8.0,178.8125,100 Gigabit,1.0,7520.0,x86_64,2026-10-08,2026-10-08 20:27:06,0.2951875
eu-west-2,g6f.4xlarge,Linux,eu-west-2a,0.4512,2026-10-08 06:00:00+00:00,16.0,64.0,NVIDIA L4,0.0,11.17578125,Up to 25 Gigabit,1.0,450.0,x86_64,2026-10-08,2026-10-08 20:27:06,
us-east-1,g6f.4xlarge,Linux,us-east-1d,0.348,2026-10-08 06:00:00+00:00,16.0,64.0,NVIDIA L4,0.0,11.17578125,Up to 25 Gigabit,1.0,450.0,x86_64,2026-10-08,2026-10-08 20:27:06,
us-east-1,g6f.4xlarge,Linux,us-east-1a,0.2364,2026-10-08 06:00:00+00:00,16.0,64.0,NVIDIA L4,0.0,11.17578125,Up to 25 Gigabit,1.0,450.0,x86_64,2026-10-08,2026-10-08 20:27:06,
eu-west-2,inf2.8xlarge,Linux,eu-west-2a,0.5223,2026-10-08 06:00:00+00:00,32.0,128.0,Inferentia2,1.0,32.0,Up to 25 Gigabit,1.0,0.0,x86_64,2026-10-08,2026-10-08 20:27:06,0.5223
ap-south-1,g5.xlarge,Linux,ap-south-1b,0.6978,2026-10-08 06:00:00+00:00,4.0,16.0,NVIDIA A10G,1.0,22.3515625,Up to 10 Gigabit,1.0,250.0,x86_64,2026-10-08,2026-10-08 20:27:06,0.6978
ap-south-1,g6.16xlarge,Windows,ap-south-1b,3.3519,2026-10-08 06:00:00+00:00,64.0,256.0,NVIDIA L4,1.0,22.3515625,25 Gigabit,1.0,1880.0,x86_64,2026-10-08,2026-10-08 20:27:06,3.3519
ap-south-1,g6e.12xlarge,Windows,ap-south-1a,4.5308,2026-10-08 06:00:00+00:00,48.0,384.0,NVIDIA L40S,4.0,178.8125,100 Gigabit,1.0,3800.0,x86_64,2026-10-08,2026-10-08 20:27:06,1.1327
ap-south-1,g6e.24xlarge,Linux,ap-south-1a,12.198,2026-10-08 06:00:00+00:00,96.0,768.0,NVIDIA L40S,4.0,178.8125,200 Gigabit,2.0,3800.0,x86_64,2026-10-08,2026-10-08 20:27:06,3.0495
ap-south-1,g6e.4xlarge,Linux,ap-south-1a,1.9644,2026-10-08 06:00:00+00:00,16.0,128.0,NVIDIA L40S,1.0,44.703125,20 Gigabit,1.0,600.0,x86_64,2026-10-08,2026-10-08 20:27:06,1.9644
ap-south-1,g6e.xlarge,Linux,ap-south-1a,2.235,2026-10-08 06:00:00+00:00,4.0,32.0,NVIDIA L40S,1.0,44.703125,Up to 20 Gigabit,1.0,250.0,x86_64,2026-10-08,2026-10-08 20:27:06,2.235
ap-south-1,g6f.xlarge,Windows,ap-south-1a,0.4692,2026-10-08 06:00:00+00:00,4.0,16.0,NVIDIA L4,0.0,2.7939453125,Up to 10 Gigabit,1.0,100.0,x86_64,2026-10-08,2026-10-08 20:27:06,
ap-south-1,g7e.2xlarge,Windows,ap-south-1a,1.1539,2026-10-08 06:00:00+00:00,8.0,64.0,NVIDIA RTX PRO Server 6000,1.0,96.0,50 Gigabit,1.0,1900.0,x86_64,2026-10-08,2026-10-08 20:27:06,1.1539
ap-south-1,gr6.4xlarge,Windows,ap-south-1a,0.9208,2026-10-08 06:00:00+00:00,16.0,128.0,NVIDIA L4,1.0,22.3515625,Up to 25 Gigabit,1.0,600.0,x86_64,2026-10-08,2026-10-08 20:27:06,0.9208
ap-south-1,p6-b200.48xlarge,Linux,ap-south-1c,54.3159,2026-10-08 06:00:00+00:00,192.0,2048.0,NVIDIA B200,8.0,1432.4921875,3200 Gigabit,8.0,30400.0,x86_64,2026-10-08,2026-10-08 20:27:06,6.7894875
eu-west-2,gr6f.4xlarge,Windows,eu-west-2a,0.8973,2026-10-08 06:00:00+00:00,16.0,128.0,NVIDIA L4,0.0,11.17578125,Up to 25 Gigabit,1.0,450.0,x86_64,2026-10-08,2026-10-08 20:27:06,
us-east-1,g6e.48xlarge,Windows,us-east-1c,11.8451,2026-10-08 06:00:00+00:00,192.0,1536.0,NVIDIA L40S,8.0,357.625,400 Gigabit,4.0,7600.0,x86_64,2026-10-08,2026-10-08 20:27:06,1.4806375
eu-west-2,g7e.24xlarge,Windows,eu-west-2a,16.8859,2026-10-08 06:00:00+00:00,96.0,1024.0,NVIDIA RTX PRO Server 6000,4.0,384.0,800 Gigabit,2.0,7600.0,x86_64,2026-10-08,2026-10-08 20:27:06,4.221475
eu-west-2,g6f.xlarge,Linux,eu-west-2b,0.1015,2026-10-08 06:00:00+00:00,4.0,16.0,NVIDIA L4,0.0,2.7939453125,Up to 10 Gigabit,1.0,100.0,x86_64,2026-10-08,2026-10-08 20:27:06,
us-east-1,g4dn.16xlarge,Linux,us-east-1a,1.2536,2026-10-08 06:00:00+00:00,64.0,256.0,NVIDIA T4,1.0,16.0,50 Gigabit,1.0,900.0,x86_64,2026-10-08,2026-10-08 20:27:06,1.2536
us-east-1,g4dn.16xlarge,Linux,us-east-1d,1.4018,2026-10-08 06:00:00+00:00,64.0,256.0,NVIDIA T4,1.0,16.0,50 Gigabit,1.0,900.0,x86_64,2026-10-08,2026-10-08 20:27:06,1.4018
us-east-1,g4dn.2xlarge,Windows,us-east-1c,0.4432,2026-10-08 06:00:00+00:00,8.0,32.0,NVIDIA T4,1.0,16.0,Up to 25 Gigabit,1.0,225.0,x86_64,2026-10-08,2026-10-08 20:27:06,0.4432
us-east-1,g5.48xlarge,Linux,us-east-1d,6.4672,2026-10-08 06:00:00+00:00,192.0,768.0,NVIDIA A10G,8.0,178.8125,100 Gigabit,1.0,7600.0,x86_64,2026-10-08,2026-10-08 20:27:06,0.8084
us-east-1,g5.48xlarge,Windows,us-east-1f,13.2341,2026-10-08 06:00:00+00:00,192.0,768.0,NVIDIA A10G,8.0,178.8125,100 Gigabit,1.0,7600.0,x86_64,2026-10-08,2026-10-08 20:27:06,1.6542625
us-east-1,g5.4xlarge,Linux,us-east-1f,1.2538,2026-10-08 06:00:00+00:00,16.0,64.0,NVIDIA A10G,1.0,22.3515625,Up to 25 Gigabit,1.0,600.0,x86_64,2026-10-08,2026-10-08 20:27:06,1.2538
us-east-1,g5.8xlarge,Windows,us-east-1d,1.9259,2026-10-08 06:00:00+00:00,32.0,128.0,NVIDIA A10G,1.0,22.3515625,25 Gigabit,1.0,900.0,x86_64,2026-10-08,2026-10-08 20:27:06,1.9259
us-east-1,g5g.16xlarge,Linux,us-east-1b,0.9134,2026-10-08 06:00:00+00:00,64.0,128.0,NVIDIA T4g,2.0,32.0,25 Gigabit,1.0,0.0,arm64,2026-10-08,2026-10-08 20:27:06,0.4567
ap-south-1,g5.4xlarge,Windows,ap-south-1b,1.0112,2026-10-08 06:00:00+00:00,16.0,64.0,NVIDIA A10G,1.0,22.3515625,Up to 25 Gigabit,1.0,600.0,x86_64,2026-10-08,2026-10-08 20:27:06,1.0112
ap-south-1,g5.4xlarge,Linux,ap-south-1b,0.7071,2026-10-08 06:00:00+00:00,16.0,64.0,NVIDIA A10G,1.0,22.3515625,Up to 25 Gigabit,1.0,600.0,x86_64,2026-10-08,2026-10-08 20:27:06,0.7071
ap-south-1,g5.48xlarge,Windows,ap-south-1a,28.3906,2026-10-08 06:00:00+00:00,192.0,768.0,NVIDIA A10G,8.0,178.8125,100 Gigabit,1.0,7600.0,x86_64,2026-10-08,2026-10-08 20:27:06,3.548825
ap-south-1,g5.24xlarge,Windows,ap-south-1a,7.4909,2026-10-08 06:00:00+00:00,96.0,384.0,NVIDIA A10G,4.0,89.40625,50 Gigabit,1.0,3800.0,x86_64,2026-10-08,2026-10-08 20:27:06,1.872725
ap-south-1,g4dn.2xlarge,Linux,ap-south-1a,0.2891,2026-10-08 06:00:00+00:00,8.0,32.0,NVIDIA T4,1.0,16.0,Up to 25 Gigabit,1.0,225.0,x86_64,2026-10-08,2026-10-08 20:27:06,0.2891
ap-south-1,g4dn.2xlarge,Linux,ap-south-1b,0.3158,2026-10-08 06:00:00+00:00,8.0,32.0,NVIDIA T4,1.0,16.0,Up to 25 Gigabit,1.0,225.0,x86_64,2026-10-08,2026-10-08 20:27:06,0.3158
eu-west-1,vt1.3xlarge,Linux,eu-west-1a,0.7341,2026-10-08 06:00:00+00:00,12.0,24.0,,0.0,0.0,3.12 Gigabit,1.0,0.0,x86_64,2026-10-08,2026-10-08 20:27:06,
eu-west-1,p3dn.24xlarge,Linux,eu-west-1a,7.9836,2026-10-08 06:00:00+00:00,96.0,768.0,NVIDIA V100,8.0,256.0,100 Gigabit,1.0,1800.0,x86_64,2026-10-08,2026-10-08 20:27:06,0.99795
eu-west-1,inf2.xlarge,Linux,eu-west-1b,0.227,2026-10-08 06:00:00+00:00,4.0,16.0,Inferentia2,1.0,32.0,Up to 15 Gigabit,1.0,0.0,x86_64,2026-10-08,2026-10-08 20:27:06,0.227
eu-west-1,inf2.48xlarge,Linux,eu-west-1c,1.6227,2026-10-08 06:00:00+00:00,192.0,768.0,Inferentia2,12.0,384.0,100 Gigabit,1.0,0.0,x86_64,2026-10-08,2026-10-08 20:27:06,0.135225
eu-west-1,inf2.24xlarge,Linux,eu-west-1a,2.0111,2026-10-08 06:00:00+00:00,96.0,384.0,Inferentia2,6.0,192.0,50 Gigabit,1.0,0.0,x86_64,2026-10-08,2026-10-08 20:27:06,0.33518333333333333
eu-west-1,g5.8xlarge,Linux,eu-west-1a,2.1352,2026-10-08 06:00:00+00:00,32.0,128.0,NVIDIA A10G,1.0,22.3515625,25 Gigabit,1.0,900.0,x86_64,2026-10-08,2026-10-08 20:27:06,2.1352
eu-west-1,g5.4xlarge,Linux,eu-west-1b,0.9916,2026-10-08 06:00:00+00:00,16.0,64.0,NVIDIA A10G,1.0,22.3515625,Up to 25 Gigabit,1.0,600.0,x86_64,2026-10-08,2026-10-08 20:27:06,0.9916
eu-west-1,g4dn.metal,Windows,eu-west-1c,5.2884,2026-10-08 06:00:00+00:00,96.0,384.0,NVIDIA T4,8.0,128.0,100 Gigabit,1.0,1800.0,x86_64,2026-10-08,2026-10-08 20:27:06,0.66105
eu-west-1,g4dn.2xlarge,Linux,eu-west-1c,0.3874,2026-10-08 06:00:00+00:00,8.0,32.0,NVIDIA T4,1.0,16.0,Up to 25 Gigabit,1.0,225.0,x86_64,2026-10-08,2026-10-08 20:27:06,0.3874
eu-west-1,g4dn.12xlarge,Linux,eu-west-1a,1.9365,2026-10-08 06:00:00+00:00,48.0,192.0,NVIDIA T4,4.0,64.0,50 Gigabit,1.0,900.0,x86_64,2026-10-08,2026-10-08 20:27:06,0.484125
us-east-1,g6e.2xlarge,Windows,us-east-1d,1.0181,2026-10-08 06:00:00+00:00,8.0,64.0,NVIDIA L40S,1.0,44.703125,Up to 20 Gigabit,1.0,450.0,x86_64,2026-10-08,2026-10-08 20:27:06,1.0181
us-east-1,g6e.24xlarge,Linux,us-east-1b,14.8428,2026-10-08 06:00:00+00:00,96.0,768.0,NVIDIA L40S,4.0,178.8125,200 Gigabit,2.0,3800.0,x86_64,2026-10-08,2026-10-08 20:27:06,3.7107
us-east-1,g6e.24xlarge,Linux,us-east-1a,14.8428,2026-10-08 06:00:00+00:00,96.0,768.0,NVIDIA L40S,4.0,178.8125,200 Gigabit,2.0,3800.0,x86_64,2026-10-08,2026-10-08 20:27:06,3.7107
us-east-1,g6.xlarge,Windows,us-east-1c,0.2911,2026-10-08 06:00:00+00:00,4.0,16.0,NVIDIA L4,1.0,22.3515625,Up to 10 Gigabit,1.0,250.0,x86_64,2026-10-08,2026-10-08 20:27:06,0.2911
us-east-1,g6.8xlarge,Linux,us-east-1a,1.1827,2026-10-08 06:00:00+00:00,32.0,128.0,NVIDIA L4,1.0,22.3515625,25 Gigabit,1.0,900.0,x86_64,2026-10-08,2026-10-08 20:27:06,1.1827
us-east-1,g6.48xlarge,Linux,us-east-1d,9.3701,2026-10-08 06:00:00+00:00,192.0,768.0,NVIDIA L4,8.0,178.8125,100 Gigabit,1.0,7520.0,x86_64,2026-10-08,2026-10-08 20:27:06,1.1712625
us-east-1,g6.16xlarge,Windows,us-east-1a,3.3789,2026-10-08 06:00:00+00:00,64.0,256.0,NVIDIA L4,1.0,22.3515625,25 Gigabit,1.0,1880.0,x86_64,2026-10-08,2026-10-08 20:27:06,3.3789
ap-south-1,g4dn.metal,Linux,ap-south-1a,3.3926,2026-10-08 06:00:00+00:00,96.0,384.0,NVIDIA T4,8.0,128.0,100 Gigabit,1.0,1800.0,x86_64,2026-10-08,2026-10-08 20:27:06,0.424075
ap-south-1,g4dn.metal,Linux,ap-south-1c,2.9237,2026-10-08 06:00:00+00:00,96.0,384.0,NVIDIA T4,8.0,128.0,100 Gigabit,1.0,1800.0,x86_64,2026-10-08,2026-10-08 20:27:06,0.3654625
ap-northeast-2,g4dn.2xlarge,Windows,ap-northeast-2a,0.7843,2026-10-08 06:00:00+00:00,8.0,32.0,NVIDIA T4,1.0,16.0,Up to 25 Gigabit,1.0,225.0,x86_64,2026-10-08,2026-10-08 20:27:06,0.7843
eu-west-2,g6.16xlarge,Linux,eu-west-2a,1.2448,2026-10-08 06:00:00+00:00,64.0,256.0,NVIDIA L4,1.0,22.3515625,25 Gigabit,1.0,1880.0,x86_64,2026-10-08,2026-10-08 20:27:06,1.2448
eu-west-2,g6.16xlarge,Linux,eu-west-2c,1.2517,2026-10-08 06:00:00+00:00,64.0,256.0,NVIDIA L4,1.0,22.3515625,25 Gigabit,1.0,1880.0,x86_64,2026-10-08,2026-10-08 20:27:06,1.2517
ca-central-1,g6f.xlarge,Windows,ca-central-1a,0.2343,2026-10-08 06:00:00+00:00,4.0,16.0,NVIDIA L4,0.0,2.7939453125,Up to 10 Gigabit,1.0,100.0,x86_64,2026-10-08,2026-10-08 20:27:06,
eu-west-3,g4dn.12xlarge,Windows,eu-west-3b,2.6654,2026-10-08 06:00:00+00:00,48.0,192.0,NVIDIA T4,4.0,64.0,50 Gigabit,1.0,900.0,x86_64,2026-10-08,2026-10-08 20:27:06,0.66635
eu-west-3,g4dn.12xlarge,Windows,eu-west-3c,2.6654,2026-10-08 06:00:00+00:00,48.0,192.0,NVIDIA T4,4.0,64.0,50 Gigabit,1.0,900.0,x86_64,2026-10-08,2026-10-08 20:27:06,0.66635
eu-west-3,g4dn.2xlarge,Windows,eu-west-3a,0.4875,2026-10-08 06:00:00+00:00,8.0,32.0,NVIDIA T4,1.0,16.0,Up to 25 Gigabit,1.0,225.0,x86_64,2026-10-08,2026-10-08 20:27:06,0.4875
ap-southeast-2,g4dn.16xlarge,Windows,ap-southeast-2c,4.2523,2026-10-08 06:00:00+00:00,64.0,256.0,NVIDIA T4,1.0,16.0,50 Gigabit,1.0,900.0,x86_64,2026-10-08,2026-10-08 20:27:06,4.2523
ap-southeast-2,g4dn.8xlarge,Linux,ap-southeast-2b,1.0505,2026-10-08 06:00:00+00:00,32.0,128.0,NVIDIA T4,1.0,16.0,50 Gigabit,1.0,900.0,x86_64,2026-10-08,2026-10-08 20:27:06,1.0505
ap-southeast-2,g4dn.8xlarge,Windows,ap-southeast-2a,1.755,2026-10-08 06:00:00+00:00,32.0,128.0,NVIDIA T4,1.0,16.0,50 Gigabit,1.0,900.0,x86_64,2026-10-08,2026-10-08 20:27:06,1.755
ap-southeast-2,g4dn.xlarge,Linux,ap-southeast-2c,0.3124,2026-10-08 06:00:00+00:00,4.0,16.0,NVIDIA T4,1.0,16.0,Up to 25 Gigabit,1.0,125.0,x86_64,2026-10-08,2026-10-08 20:27:06,0.3124
ap-southeast-2,g5.4xlarge,Windows,ap-southeast-2c,2.8475,2026-10-08 06:00:00+00:00,16.0,64.0,NVIDIA A10G,1.0,22.3515625,Up to 25 Gigabit,1.0,600.0,x86_64,2026-10-08,2026-10-08 20:27:06,2.8475
ap-southeast-2,g6.12xlarge,Linux,ap-southeast-2a,0.5983,2026-10-08 06:00:00+00:00,48.0,192.0,NVIDIA L4,4.0,89.40625,40 Gigabit,1.0,3760.0,x86_64,2026-10-08,2026-10-08 20:27:06,0.149575
ap-southeast-2,g6.12xlarge,Windows,ap-southeast-2b,7.2716,2026-10-08 06:00:00+00:00,48.0,192.0,NVIDIA L4,4.0,89.40625,40 Gigabit,1.0,3760.0,x86_64,2026-10-08,2026-10-08 20:27:06,1.8179
ap-southeast-2,g6.16xlarge,Linux,ap-southeast-2a,2.3036,2026-10-08 06:00:00+00:00,64.0,256.0,NVIDIA L4,1.0,22.3515625,25 Gigabit,1.0,1880.0,x86_64,2026-10-08,2026-10-08 20:27:06,2.3036
ap-southeast-2,g6.16xlarge,Windows,ap-southeast-2b,3.7118,2026-10-08 06:00:00+00:00,64.0,256.0,NVIDIA L4,1.0,22.3515625,25 Gigabit,1.0,1880.0,x86_64,2026-10-08,2026-10-08 20:27:06,3.7118
ap-southeast-2,g6.24xlarge,Windows,ap-southeast-2c,13.0951,2026-10-08 06:00:00+00:00,96.0,384.0,NVIDIA L4,4.0,89.40625,50 Gigabit,1.0,3760.0,x86_64,2026-10-08,2026-10-08 20:27:06,3.273775
ap-southeast-2,g6.8xlarge,Linux,ap-southeast-2b,0.7965,2026-10-08 06:00:00+00:00,32.0,128.0,NVIDIA L4,1.0,22.3515625,25 Gigabit,1.0,900.0,x86_64,2026-10-08,2026-10-08 20:27:06,0.7965
ap-southeast-2,g6f.4xlarge,Linux,ap-southeast-2a,0.4526,2026-10-08 06:00:00+00:00,16.0,64.0,NVIDIA L4,0.0,11.17578125,Up to 25 Gigabit,1.0,450.0,x86_64,2026-10-08,2026-10-08 20:27:06,
ap-southeast-2,gr6.8xlarge,Windows,ap-southeast-2a,1.7901,2026-10-08 06:00:00+00:00,32.0,256.0,NVIDIA L4,1.0,22.3515625,25 Gigabit,1.0,900.0,x86_64,2026-10-08,2026-10-08 20:27:06,1.7901
ap-southeast-2,inf1.2xlarge,Linux,ap-southeast-2c,0.1558,2026-10-08 06:00:00+00:00,8.0,16.0,Inferentia,1.0,8.0,Up to 25 Gigabit,1.0,0.0,x86_64,2026-10-08,2026-10-08 20:27:06,0.1558
ap-southeast-2,inf1.2xlarge,Linux,ap-southeast-2b,0.1671,2026-10-08 06:00:00+00:00,8.0,16.0,Inferentia,1.0,8.0,Up to 25 Gigabit,1.0,0.0,x86_64,2026-10-08,2026-10-08 20:27:06,0.1671
ap-southeast-2,inf1.xlarge,Linux,ap-southeast-2a,0.0904,2026-10-08 06:00:00+00:00,4.0,8.0,Inferentia,1.0,8.0,Up to 25 Gigabit,1.0,0.0,x86_64,2026-10-08,2026-10-08 20:27:06,0.0904
ap-southeast-2,inf2.24xlarge,Linux,ap-southeast-2a,8.4378,2026-10-08 06:00:00+00:00,96.0,384.0,Inferentia2,6.0,192.0,50 Gigabit,1.0,0.0,x86_64,2026-10-08,2026-10-08 20:27:06,1.4062999999999999
eu-west-2,g6.12xlarge,Linux,eu-west-2c,4.7448,2026-10-08 06:00:00+00:00,48.0,192.0,NVIDIA L4,4.0,89.40625,40 Gigabit,1.0,3760.0,x86_64,2026-10-08,2026-10-08 20:27:06,1.1862
eu-west-3,g4dn.12xlarge,Linux,eu-west-3a,1.5185,2026-10-08 06:00:00+00:00,48.0,192.0,NVIDIA T4,4.0,64.0,50 Gigabit,1.0,900.0,x86_64,2026-10-08,2026-10-08 20:27:06,0.379625
sa-east-1,g4dn.8xlarge,Linux,sa-east-1b,0.3698,2026-10-08 06:00:00+00:00,32.0,128.0,NVIDIA T4,1.0,16.0,50 Gigabit,1.0,900.0,x86_64,2026-10-08,2026-10-08 20:27:06,0.3698
sa-east-1,g4dn.metal,Linux,sa-east-1a,2.3109,2026-10-08 06:00:00+00:00,96.0,384.0,NVIDIA T4,8.0,128.0,100 Gigabit,1.0,1800.0,x86_64,2026-10-08,2026-10-08 20:27:06,0.2888625
sa-east-1,p6-b300.48xlarge,Linux,sa-east-1b,32.6024,2026-10-08 06:00:00+00:00,192.0,4096.0,NVIDIA B300,8.0,2148.75,6400 Gigabit,17.0,30400.0,x86_64,2026-10-08,2026-10-08 20:27:06,4.0753
ap-northeast-1,g5.48xlarge,Linux,ap-northeast-1c,21.2602,2026-10-08 06:00:00+00:00,192.0,768.0,NVIDIA A10G,8.0,178.8125,100 Gigabit,1.0,7600.0,x86_64,2026-10-08,2026-10-08 20:27:06,2.657525
ap-northeast-1,g4dn.xlarge,Linux,ap-northeast-1d,0.3431,2026-10-08 06:00:00+00:00,4.0,16.0,NVIDIA T4,1.0,16.0,Up to 25 Gigabit,1.0,125.0,x86_64,2026-10-08,2026-10-08 20:27:06,0.3431
ap-northeast-1,g4dn.metal,Linux,ap-northeast-1c,7.0051,2026-10-08 06:00:00+00:00,96.0,384.0,NVIDIA T4,8.0,128.0,100 Gigabit,1.0,1800.0,x86_64,2026-10-08,2026-10-08 20:27:06,0.8756375
ap-northeast-1,g4dn.16xlarge,Windows,ap-northeast-1d,5.5878,2026-10-08 06:00:00+00:00,64.0,256.0,NVIDIA T4,1.0,16.0,50 Gigabit,1.0,900.0,x86_64,2026-10-08,2026-10-08 20:27:06,5.5878
ap-northeast-1,g4dn.16xlarge,Linux,ap-northeast-1c,2.6602,2026-10-08 06:00:00+00:00,64.0,256.0,NVIDIA T4,1.0,16.0,50 Gigabit,1.0,900.0,x86_64,2026-10-08,2026-10-08 20:27:06,2.6602
ap-northeast-3,g4dn.metal,Windows,ap-northeast-3b,5.4722,2026-10-08 06:00:00+00:00,96.0,384.0,NVIDIA T4,8.0,128.0,100 Gigabit,1.0,1800.0,x86_64,2026-10-08,2026-10-08 20:27:06,0.684025
ap-northeast-3,g6e.24xlarge,Linux,ap-northeast-3b,6.0034,2026-10-08 06:00:00+00:00,96.0,768.0,NVIDIA L40S,4.0,178.8125,200 Gigabit,2.0,3800.0,x86_64,2026-10-08,2026-10-08 20:27:06,1.50085
ap-northeast-3,g6e.48xlarge,Windows,ap-northeast-3b,18.1903,2026-10-08 06:00:00+00:00,192.0,1536.0,NVIDIA L40S,8.0,357.625,400 Gigabit,4.0,7600.0,x86_64,2026-10-08,2026-10-08 20:27:06,2.2737875
sa-east-1,trn2.3xlarge,Linux,sa-east-1b,7.6637,2026-10-08 06:00:00+00:00,,,,,,,,,,2026-10-08,2026-10-08 20:27:06,
sa-east-1,p5.4xlarge,Linux,sa-east-1c,9.8136,2026-10-08 06:00:00+00:00,16.0,256.0,NVIDIA H100,1.0,80.0,100 Gigabit,1.0,3800.0,x86_64,2026-10-08,2026-10-08 20:27:06,9.8136
sa-east-1,g4dn.metal,Windows,sa-east-1c,6.2615,2026-10-08 06:00:00+00:00,96.0,384.0,NVIDIA T4,8.0,128.0,100 Gigabit,1.0,1800.0,x86_64,2026-10-08,2026-10-08 20:27:06,0.7826875
sa-east-1,inf1.6xlarge,Linux,sa-east-1a,0.195,2026-10-08 06:00:00+00:00,24.0,48.0,Inferentia,4.0,32.0,25 Gigabit,1.0,0.0,x86_64,2026-10-08,2026-10-08 20:27:06,0.04875
sa-east-1,inf1.24xlarge,Linux,sa-east-1c,0.78,2026-10-08 06:00:00+00:00,96.0,192.0,Inferentia,16.0,128.0,100 Gigabit,1.0,0.0,x86_64,2026-10-08,2026-10-08 20:27:06,0.04875
sa-east-1,g6f.xlarge,Windows,sa-east-1b,0.2244,2026-10-08 06:00:00+00:00,4.0,16.0,NVIDIA L4,0.0,2.7939453125,Up to 10 Gigabit,1.0,100.0,x86_64,2026-10-08,2026-10-08 20:27:06,
sa-east-1,g6f.large,Linux,sa-east-1a,0.0386,2026-10-08 06:00:00+00:00,2.0,8.0,NVIDIA L4,0.0,2.7939453125,Up to 10 Gigabit,1.0,100.0,x86_64,2026-10-08,2026-10-08 20:27:06,
sa-east-1,g6.8xlarge,Linux,sa-east-1a,0.5697,2026-10-08 06:00:00+00:00,32.0,128.0,NVIDIA L4,1.0,22.3515625,25 Gigabit,1.0,900.0,x86_64,2026-10-08,2026-10-08 20:27:06,0.5697
sa-east-1,g6.48xlarge,Windows,sa-east-1b,11.4292,2026-10-08 06:00:00+00:00,192.0,768.0,NVIDIA L4,8.0,178.8125,100 Gigabit,1.0,7520.0,x86_64,2026-10-08,2026-10-08 20:27:06,1.42865
sa-east-1,g5.4xlarge,Windows,sa-east-1b,1.9656,2026-10-08 06:00:00+00:00,16.0,64.0,NVIDIA A10G,1.0,22.3515625,Up to 25 Gigabit,1.0,600.0,x86_64,2026-10-08,2026-10-08 20:27:06,1.9656
sa-east-1,g5.2xlarge,Linux,sa-east-1b,0.5275,2026-10-08 06:00:00+00:00,8.0,32.0,NVIDIA A10G,1.0,22.3515625,Up to 10 Gigabit,1.0,450.0,x86_64,2026-10-08,2026-10-08 20:27:06,0.5275
sa-east-1,g5.16xlarge,Windows,sa-east-1b,8.8554,2026-10-08 06:00:00+00:00,64.0,256.0,NVIDIA A10G,1.0,22.3515625,25 Gigabit,1.0,1900.0,x86_64,2026-10-08,2026-10-08 20:27:06,8.8554
ca-central-1,gr6.8xlarge,Linux,ca-central-1a,0.3224,2026-10-08 06:00:00+00:00,32.0,256.0,NVIDIA L4,1.0,22.3515625,25 Gigabit,1.0,900.0,x86_64,2026-10-08,2026-10-08 20:27:06,0.3224
ap-southeast-2,p5e.48xlarge,Linux,ap-southeast-2b,82.2848,2026-10-08 06:00:00+00:00,,,,,,,,,,2026-10-08,2026-10-08 20:27:06,
ca-central-1,g6.xlarge,Linux,ca-central-1b,0.2869,2026-10-08 06:00:00+00:00,4.0,16.0,NVIDIA L4,1.0,22.3515625,Up to 10 Gigabit,1.0,250.0,x86_64,2026-10-08,2026-10-08 20:27:06,0.2869
eu-central-1,g5.8xlarge,Windows,eu-central-1c,2.1249,2026-10-08 06:00:00+00:00,32.0,128.0,NVIDIA A10G,1.0,22.3515625,25 Gigabit,1.0,900.0,x86_64,2026-10-08,2026-10-08 20:27:06,2.1249
eu-central-1,g6e.8xlarge,Windows,eu-central-1c,3.0003,2026-10-08 06:00:00+00:00,32.0,256.0,NVIDIA L40S,1.0,44.703125,25 Gigabit,1.0,900.0,x86_64,2026-10-08,2026-10-08 20:27:06,3.0003
eu-central-1,g6e.48xlarge,Windows,eu-central-1b,46.5081,2026-10-08 06:00:00+00:00,192.0,1536.0,NVIDIA L40S,8.0,357.625,400 Gigabit,4.0,7600.0,x86_64,2026-10-08,2026-10-08 20:27:06,5.8135125
ca-central-1,g6.8xlarge,Windows,ca-central-1b,2.655,2026-10-08 06:00:00+00:00,32.0,128.0,NVIDIA L4,1.0,22.3515625,25 Gigabit,1.0,900.0,x86_64,2026-10-08,2026-10-08 20:27:06,2.655
eu-central-1,g6e.16xlarge,Linux,eu-central-1c,3.3991,2026-10-08 06:00:00+00:00,64.0,512.0,NVIDIA L40S,1.0,44.703125,35 Gigabit,1.0,1900.0,x86_64,2026-10-08,2026-10-08 20:27:06,3.3991
eu-central-1,g6.8xlarge,Linux,eu-central-1a,1.0031,2026-10-08 06:00:00+00:00,32.0,128.0,NVIDIA L4,1.0,22.3515625,25 Gigabit,1.0,900.0,x86_64,2026-10-08,2026-10-08 20:27:06,1.0031
eu-central-1,g6.24xlarge,Linux,eu-central-1c,3.0895,2026-10-08 06:00:00+00:00,96.0,384.0,NVIDIA L4,4.0,89.40625,50 Gigabit,1.0,3760.0,x86_64,2026-10-08,2026-10-08 20:27:06,0.772375
eu-central-1,g5g.metal,Linux,eu-central-1c,0.9673,2026-10-08 06:00:00+00:00,64.0,128.0,NVIDIA T4g,2.0,32.0,25 Gigabit,1.0,0.0,arm64,2026-10-08,2026-10-08 20:27:06,0.48365
eu-central-1,g5.48xlarge,Windows,eu-central-1a,29.2001,2026-10-08 06:00:00+00:00,192.0,768.0,NVIDIA A10G,8.0,178.8125,100 Gigabit,1.0,7600.0,x86_64,2026-10-08,2026-10-08 20:27:06,3.6500125
eu-central-1,g7e.12xlarge,Windows,eu-central-1a,4.711,2026-10-08 06:00:00+00:00,48.0,512.0,NVIDIA RTX PRO Server 6000,2.0,192.0,400 Gigabit,1.0,3800.0,x86_64,2026-10-08,2026-10-08 20:27:06,2.3555
eu-central-1,g4dn.xlarge,Windows,eu-central-1b,0.3011,2026-10-08 06:00:00+00:00,4.0,16.0,NVIDIA T4,1.0,16.0,Up to 25 Gigabit,1.0,125.0,x86_64,2026-10-08,2026-10-08 20:27:06,0.3011
eu-central-1,g4dn.metal,Windows,eu-central-1a,5.394,2026-10-08 06:00:00+00:00,96.0,384.0,NVIDIA T4,8.0,128.0,100 Gigabit,1.0,1800.0,x86_64,2026-10-08,2026-10-08 20:27:06,0.67425
eu-central-1,g4dn.metal,Linux,eu-central-1c,4.7251,2026-10-08 06:00:00+00:00,96.0,384.0,NVIDIA T4,8.0,128.0,100 Gigabit,1.0,1800.0,x86_64,2026-10-08,2026-10-08 20:27:06,0.5906375
eu-central-1,g4dn.4xlarge,Windows,eu-central-1c,0.8865,2026-10-08 06:00:00+00:00,16.0,64.0,NVIDIA T4,1.0,16.0,Up to 25 Gigabit,1.0,225.0,x86_64,2026-10-08,2026-10-08 20:27:06,0.8865
eu-central-1,g4dn.2xlarge,Windows,eu-central-1b,0.5356,2026-10-08 06:00:00+00:00,8.0,32.0,NVIDIA T4,1.0,16.0,Up to 25 Gigabit,1.0,225.0,x86_64,2026-10-08,2026-10-08 20:27:06,0.5356
eu-central-1,g4dn.2xlarge,Windows,eu-central-1c,0.5344,2026-10-08 06:00:00+00:00,8.0,32.0,NVIDIA T4,1.0,16.0,Up to 25 Gigabit,1.0,225.0,x86_64,2026-10-08,2026-10-08 20:27:06,0.5344
eu-west-2,g4dn.8xlarge,Linux,eu-west-2c,0.7663,2026-10-08 06:00:00+00:00,32.0,128.0,NVIDIA T4,1.0,16.0,50 Gigabit,1.0,900.0,x86_64,2026-10-08,2026-10-08 20:27:06,0.7663
eu-central-1,g6e.xlarge,Linux,eu-central-1c,2.0118,2026-10-08 06:00:00+00:00,4.0,32.0,NVIDIA L40S,1.0,44.703125,Up to 20 Gigabit,1.0,250.0,x86_64,2026-10-08,2026-10-08 20:27:06,2.0118
us-east-1,g5g.metal,Linux,us-east-1a,0.6453,2026-10-08 06:00:00+00:00,64.0,128.0,NVIDIA T4g,2.0,32.0,25 Gigabit,1.0,0.0,arm64,2026-10-08,2026-10-08 20:27:06,0.32265
eu-central-1,g7e.24xlarge,Linux,eu-central-1b,28.1818,2026-10-08 06:00:00+00:00,96.0,1024.0,NVIDIA RTX PRO Server 6000,4.0,384.0,800 Gigabit,2.0,7600.0,x86_64,2026-10-08,2026-10-08 20:27:06,7.04545
eu-west-3,inf1.xlarge,Linux,eu-west-3c,0.0432,2026-10-08 06:00:00+00:00,4.0,8.0,Inferentia,1.0,8.0,Up to 25 Gigabit,1.0,0.0,x86_64,2026-10-08,2026-10-08 20:27:06,0.0432
ca-central-1,g6.48xlarge,Windows,ca-central-1b,23.6555,2026-10-08 06:00:00+00:00,192.0,768.0,NVIDIA L4,8.0,178.8125,100 Gigabit,1.0,7520.0,x86_64,2026-10-08,2026-10-08 20:27:06,2.9569375
eu-west-3,g4dn.4xlarge,Linux,eu-west-3a,0.5043,2026-10-08 06:00:00+00:00,16.0,64.0,NVIDIA T4,1.0,16.0,Up to 25 Gigabit,1.0,225.0,x86_64,2026-10-08,2026-10-08 20:27:06,0.5043
eu-west-3,g4dn.metal,Windows,eu-west-3a,5.3308,2026-10-08 06:00:00+00:00,96.0,384.0,NVIDIA T4,8.0,128.0,100 Gigabit,1.0,1800.0,x86_64,2026-10-08,2026-10-08 20:27:06,0.66635
eu-central-1,g7e.8xlarge,Windows,eu-central-1b,3.9717,2026-10-08 06:00:00+00:00,32.0,256.0,NVIDIA RTX PRO Server 6000,1.0,96.0,100 Gigabit,1.0,1900.0,x86_64,2026-10-08,2026-10-08 20:27:06,3.9717
eu-west-3,g5.2xlarge,Linux,eu-west-3b,0.5008,2026-10-08 06:00:00+00:00,8.0,32.0,NVIDIA A10G,1.0,22.3515625,Up to 10 Gigabit,1.0,450.0,x86_64,2026-10-08,2026-10-08 20:27:06,0.5008
eu-west-3,g5.xlarge,Windows,eu-west-3c,0.3117,2026-10-08 06:00:00+00:00,4.0,16.0,NVIDIA A10G,1.0,22.3515625,Up to 10 Gigabit,1.0,250.0,x86_64,2026-10-08,2026-10-08 20:27:06,0.3117
eu-west-3,g6.24xlarge,Windows,eu-west-3c,5.6326,2026-10-08 06:00:00+00:00,96.0,384.0,NVIDIA L4,4.0,89.40625,50 Gigabit,1.0,3760.0,x86_64,2026-10-08,2026-10-08 20:27:06,1.40815
eu-west-3,g6.2xlarge,Windows,eu-west-3b,0.5368,2026-10-08 06:00:00+00:00,8.0,32.0,NVIDIA L4,1.0,22.3515625,Up to 10 Gigabit,1.0,450.0,x86_64,2026-10-08,2026-10-08 20:27:06,0.5368
eu-west-3,g4dn.xlarge,Linux,eu-west-3a,0.1965,2026-10-08 06:00:00+00:00,4.0,16.0,NVIDIA T4,1.0,16.0,Up to 25 Gigabit,1.0,125.0,x86_64,2026-10-08,2026-10-08 20:27:06,0.1965
eu-west-3,inf2.24xlarge,Linux,eu-west-3c,1.2114,2026-10-08 06:00:00+00:00,96.0,384.0,Inferentia2,6.0,192.0,50 Gigabit,1.0,0.0,x86_64,2026-10-08,2026-10-08 20:27:06,0.2019
eu-central-1,gr6.4xlarge,Windows,eu-central-1b,1.0967,2026-10-08 06:00:00+00:00,16.0,128.0,NVIDIA L4,1.0,22.3515625,Up to 25 Gigabit,1.0,600.0,x86_64,2026-10-08,2026-10-08 20:27:06,1.0967
eu-central-1,inf2.xlarge,Linux,eu-central-1a,1.1373,2026-10-08 06:00:00+00:00,4.0,16.0,Inferentia2,1.0,32.0,Up to 15 Gigabit,1.0,0.0,x86_64,2026-10-08,2026-10-08 20:27:06,1.1373
eu-central-1,inf2.48xlarge,Linux,eu-central-1a,19.4719,2026-10-08 06:00:00+00:00,192.0,768.0,Inferentia2,12.0,384.0,100 Gigabit,1.0,0.0,x86_64,2026-10-08,2026-10-08 20:27:06,1.6226583333333335
ap-northeast-1,g5.8xlarge,Windows,ap-northeast-1a,3.5184,2026-10-08 06:00:00+00:00,32.0,128.0,NVIDIA A10G,1.0,22.3515625,25 Gigabit,1.0,900.0,x86_64,2026-10-08,2026-10-08 20:27:06,3.5184
eu-west-2,g6.12xlarge,Windows,eu-west-2a,2.8933,2026-10-08 05:00:00+00:00,48.0,192.0,NVIDIA L4,4.0,89.40625,40 Gigabit,1.0,3760.0,x86_64,2026-10-08,2026-10-08 20:27:06,0.723325
eu-west-2,g6f.2xlarge,Windows,eu-west-2a,0.4378,2026-10-08 05:00:00+00:00,8.0,32.0,NVIDIA L4,0.0,5.587890625,Up to 10 Gigabit,1.0,200.0,x86_64,2026-10-08,2026-10-08 20:27:06,
eu-west-2,g6.xlarge,Windows,eu-west-2c,0.3951,2026-10-08 05:00:00+00:00,4.0,16.0,NVIDIA L4,1.0,22.3515625,Up to 10 Gigabit,1.0,250.0,x86_64,2026-10-08,2026-10-08 20:27:06,0.3951
eu-west-2,g6.8xlarge,Linux,eu-west-2b,0.873,2026-10-08 05:00:00+00:00,32.0,128.0,NVIDIA L4,1.0,22.3515625,25 Gigabit,1.0,900.0,x86_64,2026-10-08,2026-10-08 20:27:06,0.873
eu-west-2,g6.4xlarge,Linux,eu-west-2a,0.5309,2026-10-08 05:00:00+00:00,16.0,64.0,NVIDIA L4,1.0,22.3515625,Up to 25 Gigabit,1.0,600.0,x86_64,2026-10-08,2026-10-08 20:27:06,0.5309
eu-west-3,g5.4xlarge,Windows,eu-west-3a,2.7975,2026-10-08 05:00:00+00:00,16.0,64.0,NVIDIA A10G,1.0,22.3515625,Up to 25 Gigabit,1.0,600.0,x86_64,2026-10-08,2026-10-08 20:27:06,2.7975
eu-west-2,g6.48xlarge,Windows,eu-west-2b,10.5267,2026-10-08 05:00:00+00:00,192.0,768.0,NVIDIA L4,8.0,178.8125,100 Gigabit,1.0,7520.0,x86_64,2026-10-08,2026-10-08 20:27:06,1.3158375
eu-west-2,g5.xlarge,Linux,eu-west-2a,0.6236,2026-10-08 05:00:00+00:00,4.0,16.0,NVIDIA A10G,1.0,22.3515625,Up to 10 Gigabit,1.0,250.0,x86_64,2026-10-08,2026-10-08 20:27:06,0.6236
eu-west-2,g6.12xlarge,Windows,eu-west-2c,6.9698,2026-10-08 05:00:00+00:00,48.0,192.0,NVIDIA L4,4.0,89.40625,40 Gigabit,1.0,3760.0,x86_64,2026-10-08,2026-10-08 20:27:06,1.74245
eu-west-2,g4dn.8xlarge,Windows,eu-west-2b,1.7266,2026-10-08 05:00:00+00:00,32.0,128.0,NVIDIA T4,1.0,16.0,50 Gigabit,1.0,900.0,x86_64,2026-10-08,2026-10-08 20:27:06,1.7266
eu-west-2,g4dn.4xlarge,Windows,eu-west-2b,0.8769,2026-10-08 05:00:00+00:00,16.0,64.0,NVIDIA T4,1.0,16.0,Up to 25 Gigabit,1.0,225.0,x86_64,2026-10-08,2026-10-08 20:27:06,0.8769
eu-west-3,gr6.4xlarge,Windows,eu-west-3b,1.0239,2026-10-08 05:00:00+00:00,16.0,128.0,NVIDIA L4,1.0,22.3515625,Up to 25 Gigabit,1.0,600.0,x86_64,2026-10-08,2026-10-08 20:27:06,1.0239
eu-west-3,gr6.4xlarge,Linux,eu-west-3b,0.5814,2026-10-08 05:00:00+00:00,16.0,128.0,NVIDIA L4,1.0,22.3515625,Up to 25 Gigabit,1.0,600.0,x86_64,2026-10-08,2026-10-08 20:27:06,0.5814
eu-west-3,g6.2xlarge,Linux,eu-west-3b,0.3621,2026-10-08 05:00:00+00:00,8.0,32.0,NVIDIA L4,1.0,22.3515625,Up to 10 Gigabit,1.0,450.0,x86_64,2026-10-08,2026-10-08 20:27:06,0.3621
eu-west-2,g4dn.16xlarge,Linux,eu-west-2b,1.232,2026-10-08 05:00:00+00:00,64.0,256.0,NVIDIA T4,1.0,16.0,50 Gigabit,1.0,900.0,x86_64,2026-10-08,2026-10-08 20:27:06,1.232
eu-west-3,g5.8xlarge,Linux,eu-west-3b,0.5833,2026-10-08 05:00:00+00:00,32.0,128.0,NVIDIA A10G,1.0,22.3515625,25 Gigabit,1.0,900.0,x86_64,2026-10-08,2026-10-08 20:27:06,0.5833
ap-south-1,g6e.2xlarge,Windows,ap-south-1a,1.8279,2026-10-08 05:00:00+00:00,8.0,64.0,NVIDIA L40S,1.0,44.703125,Up to 20 Gigabit,1.0,450.0,x86_64,2026-10-08,2026-10-08 20:27:06,1.8279
eu-west-1,g4dn.2xlarge,Windows,eu-west-1b,0.5707,2026-10-08 05:00:00+00:00,8.0,32.0,NVIDIA T4,1.0,16.0,Up to 25 Gigabit,1.0,225.0,x86_64,2026-10-08,2026-10-08 20:27:06,0.5707
ca-central-1,g6.48xlarge,Linux,ca-central-1b,14.8235,2026-10-08 05:00:00+00:00,192.0,768.0,NVIDIA L4,8.0,178.8125,100 Gigabit,1.0,7520.0,x86_64,2026-10-08,2026-10-08 20:27:06,1.8529375
ap-southeast-2,g6.xlarge,Windows,ap-southeast-2c,0.3936,2026-10-08 05:00:00+00:00,4.0,16.0,NVIDIA L4,1.0,22.3515625,Up to 10 Gigabit,1.0,250.0,x86_64,2026-10-08,2026-10-08 20:27:06,0.3936
ap-southeast-2,g6f.4xlarge,Linux,ap-southeast-2c,1.2352,2026-10-08 05:00:00+00:00,16.0,64.0,NVIDIA L4,0.0,11.17578125,Up to 25 Gigabit,1.0,450.0,x86_64,2026-10-08,2026-10-08 20:27:06,
ap-southeast-2,g6f.xlarge,Windows,ap-southeast-2c,0.2734,2026-10-08 05:00:00+00:00,4.0,16.0,NVIDIA L4,0.0,2.7939453125,Up to 10 Gigabit,1.0,100.0,x86_64,2026-10-08,2026-10-08 20:27:06,
ap-southeast-2,inf1.24xlarge,Linux,ap-southeast-2c,0.8636,2026-10-08 05:00:00+00:00,96.0,192.0,Inferentia,16.0,128.0,100 Gigabit,1.0,0.0,x86_64,2026-10-08,2026-10-08 20:27:06,0.053975
ca-central-1,inf1.6xlarge,Linux,ca-central-1b,0.1586,2026-10-08 05:00:00+00:00,24.0,48.0,Inferentia,4.0,32.0,25 Gigabit,1.0,0.0,x86_64,2026-10-08,2026-10-08 20:27:06,0.03965
ca-central-1,gr6.8xlarge,Linux,ca-central-1b,2.7163,2026-10-08 05:00:00+00:00,32.0,256.0,NVIDIA L4,1.0,22.3515625,25 Gigabit,1.0,900.0,x86_64,2026-10-08,2026-10-08 20:27:06,2.7163
ca-central-1,g6f.xlarge,Windows,ca-central-1b,0.2309,2026-10-08 05:00:00+00:00,4.0,16.0,NVIDIA L4,0.0,2.7939453125,Up to 10 Gigabit,1.0,100.0,x86_64,2026-10-08,2026-10-08 20:27:06,
ca-central-1,g6f.4xlarge,Windows,ca-central-1a,0.8978,2026-10-08 05:00:00+00:00,16.0,64.0,NVIDIA L4,0.0,11.17578125,Up to 25 Gigabit,1.0,450.0,x86_64,2026-10-08,2026-10-08 20:27:06,
ca-central-1,g6.8xlarge,Linux,ca-central-1d,2.2367,2026-10-08 05:00:00+00:00,32.0,128.0,NVIDIA L4,1.0,22.3515625,25 Gigabit,1.0,900.0,x86_64,2026-10-08,2026-10-08 20:27:06,2.2367
ca-central-1,g6.12xlarge,Linux,ca-central-1b,5.1093,2026-10-08 05:00:00+00:00,48.0,192.0,NVIDIA L4,4.0,89.40625,40 Gigabit,1.0,3760.0,x86_64,2026-10-08,2026-10-08 20:27:06,1.277325
eu-west-1,g5.16xlarge,Linux,eu-west-1a,1.3121,2026-10-08 05:00:00+00:00,64.0,256.0,NVIDIA A10G,1.0,22.3515625,25 Gigabit,1.0,1900.0,x86_64,2026-10-08,2026-10-08 20:27:06,1.3121
ca-central-1,g5.4xlarge,Windows,ca-central-1b,2.5392,2026-10-08 05:00:00+00:00,16.0,64.0,NVIDIA A10G,1.0,22.3515625,Up to 25 Gigabit,1.0,600.0,x86_64,2026-10-08,2026-10-08 20:27:06,2.5392
ca-central-1,g5.2xlarge,Windows,ca-central-1b,0.8358,2026-10-08 05:00:00+00:00,8.0,32.0,NVIDIA A10G,1.0,22.3515625,Up to 10 Gigabit,1.0,450.0,x86_64,2026-10-08,2026-10-08 20:27:06,0.8358
ca-central-1,g5.16xlarge,Windows,ca-central-1b,5.6702,2026-10-08 05:00:00+00:00,64.0,256.0,NVIDIA A10G,1.0,22.3515625,25 Gigabit,1.0,1900.0,x86_64,2026-10-08,2026-10-08 20:27:06,5.6702
ca-central-1,g4dn.2xlarge,Windows,ca-central-1a,0.493,2026-10-08 05:00:00+00:00,8.0,32.0,NVIDIA T4,1.0,16.0,Up to 25 Gigabit,1.0,225.0,x86_64,2026-10-08,2026-10-08 20:27:06,0.493
eu-central-1,g6f.large,Windows,eu-central-1b,0.1371,2026-10-08 05:00:00+00:00,2.0,8.0,NVIDIA L4,0.0,2.7939453125,Up to 10 Gigabit,1.0,100.0,x86_64,2026-10-08,2026-10-08 20:27:06,
eu-central-1,g6f.2xlarge,Windows,eu-central-1b,0.4735,2026-10-08 05:00:00+00:00,8.0,32.0,NVIDIA L4,0.0,5.587890625,Up to 10 Gigabit,1.0,200.0,x86_64,2026-10-08,2026-10-08 20:27:06,
eu-central-1,g6e.8xlarge,Windows,eu-central-1a,2.8817,2026-10-08 05:00:00+00:00,32.0,256.0,NVIDIA L40S,1.0,44.703125,25 Gigabit,1.0,900.0,x86_64,2026-10-08,2026-10-08 20:27:06,2.8817
eu-central-1,g6e.24xlarge,Windows,eu-central-1a,23.2541,2026-10-08 05:00:00+00:00,96.0,768.0,NVIDIA L40S,4.0,178.8125,200 Gigabit,2.0,3800.0,x86_64,2026-10-08,2026-10-08 20:27:06,5.813525
eu-central-1,g6e.12xlarge,Linux,eu-central-1b,13.12,2026-10-08 05:00:00+00:00,48.0,384.0,NVIDIA L40S,4.0,178.8125,100 Gigabit,1.0,3800.0,x86_64,2026-10-08,2026-10-08 20:27:06,3.28
ap-southeast-2,g6.2xlarge,Linux,ap-southeast-2c,0.639,2026-10-08 05:00:00+00:00,8.0,32.0,NVIDIA L4,1.0,22.3515625,Up to 10 Gigabit,1.0,450.0,x86_64,2026-10-08,2026-10-08 20:27:06,0.639
ap-southeast-2,g6.24xlarge,Linux,ap-southeast-2a,8.6791,2026-10-08 05:00:00+00:00,96.0,384.0,NVIDIA L4,4.0,89.40625,50 Gigabit,1.0,3760.0,x86_64,2026-10-08,2026-10-08 20:27:06,2.169775
ap-southeast-2,g6.16xlarge,Windows,ap-southeast-2c,3.8793,2026-10-08 05:00:00+00:00,64.0,256.0,NVIDIA L4,1.0,22.3515625,25 Gigabit,1.0,1880.0,x86_64,2026-10-08,2026-10-08 20:27:06,3.8793
ap-southeast-2,g6.16xlarge,Windows,ap-southeast-2a,3.3857,2026-10-08 05:00:00+00:00,64.0,256.0,NVIDIA L4,1.0,22.3515625,25 Gigabit,1.0,1880.0,x86_64,2026-10-08,2026-10-08 20:27:06,3.3857
us-west-2,g4dn.8xlarge,Linux,us-west-2a,0.7531,2026-10-08 05:00:00+00:00,32.0,128.0,NVIDIA T4,1.0,16.0,50 Gigabit,1.0,900.0,x86_64,2026-10-08,2026-10-08 20:27:06,0.7531
us-west-2,g5.12xlarge,Windows,us-west-2b,3.7873,2026-10-08 05:00:00+00:00,48.0,192.0,NVIDIA A10G,4.0,89.40625,40 Gigabit,1.0,3800.0,x86_64,2026-10-08,2026-10-08 20:27:06,0.946825
us-west-2,g6.12xlarge,Linux,us-west-2a,3.8168,2026-10-08 05:00:00+00:00,48.0,192.0,NVIDIA L4,4.0,89.40625,40 Gigabit,1.0,3760.0,x86_64,2026-10-08,2026-10-08 20:27:06,0.9542
us-west-2,g6.xlarge,Linux,us-west-2d,0.4231,2026-10-08 05:00:00+00:00,4.0,16.0,NVIDIA L4,1.0,22.3515625,Up to 10 Gigabit,1.0,250.0,x86_64,2026-10-08,2026-10-08 20:27:06,0.4231
us-west-2,g6e.24xlarge,Windows,us-west-2a,19.4816,2026-10-08 05:00:00+00:00,96.0,768.0,NVIDIA L40S,4.0,178.8125,200 Gigabit,2.0,3800.0,x86_64,2026-10-08,2026-10-08 20:27:06,4.8704
us-west-2,g6e.48xlarge,Windows,us-west-2d,38.9632,2026-10-08 05:00:00+00:00,192.0,1536.0,NVIDIA L40S,8.0,357.625,400 Gigabit,4.0,7600.0,x86_64,2026-10-08,2026-10-08 20:27:06,4.8704
us-west-2,g6f.4xlarge,Linux,us-west-2b,0.351,2026-10-08 05:00:00+00:00,16.0,64.0,NVIDIA L4,0.0,11.17578125,Up to 25 Gigabit,1.0,450.0,x86_64,2026-10-08,2026-10-08 20:27:06,
us-west-2,g6f.xlarge,Linux,us-west-2b,0.079,2026-10-08 05:00:00+00:00,4.0,16.0,NVIDIA L4,0.0,2.7939453125,Up to 10 Gigabit,1.0,100.0,x86_64,2026-10-08,2026-10-08 20:27:06,
us-west-2,g7.2xlarge,Windows,us-west-2d,0.7188,2026-10-08 05:00:00+00:00,8.0,32.0,NVIDIA RTX PRO 4500,1.0,32.0,Up to 60 Gigabit,1.0,440.0,x86_64,2026-10-08,2026-10-08 20:27:06,0.7188
us-west-2,g7.48xlarge,Windows,us-west-2b,12.8029,2026-10-08 05:00:00+00:00,192.0,768.0,NVIDIA RTX PRO 4500,8.0,256.0,700 Gigabit,2.0,7600.0,x86_64,2026-10-08,2026-10-08 20:27:06,1.6003625
us-west-2,g7e.12xlarge,Windows,us-west-2d,10.4941,2026-10-08 05:00:00+00:00,48.0,512.0,NVIDIA RTX PRO Server 6000,2.0,192.0,400 Gigabit,1.0,3800.0,x86_64,2026-10-08,2026-10-08 20:27:06,5.24705
us-west-2,g7e.2xlarge,Linux,us-west-2c,3.1881,2026-10-08 05:00:00+00:00,8.0,64.0,NVIDIA RTX PRO Server 6000,1.0,96.0,50 Gigabit,1.0,1900.0,x86_64,2026-10-08,2026-10-08 20:27:06,3.1881
us-west-2,gr6f.4xlarge,Linux,us-west-2a,0.2186,2026-10-08 05:00:00+00:00,16.0,128.0,NVIDIA L4,0.0,11.17578125,Up to 25 Gigabit,1.0,450.0,x86_64,2026-10-08,2026-10-08 20:27:06,
us-west-2,gr6f.4xlarge,Windows,us-west-2b,0.9431,2026-10-08 05:00:00+00:00,16.0,128.0,NVIDIA L4,0.0,11.17578125,Up to 25 Gigabit,1.0,450.0,x86_64,2026-10-08,2026-10-08 20:27:06,
us-west-2,p5e.48xlarge,Linux,us-west-2c,42.9843,2026-10-08 05:00:00+00:00,,,,,,,,,,2026-10-08,2026-10-08 20:27:06,
ap-southeast-2,g4dn.metal,Linux,ap-southeast-2a,4.9675,2026-10-08 05:00:00+00:00,96.0,384.0,NVIDIA T4,8.0,128.0,100 Gigabit,1.0,1800.0,x86_64,2026-10-08,2026-10-08 20:27:06,0.6209375
ap-southeast-2,g4dn.xlarge,Windows,ap-southeast-2a,0.2834,2026-10-08 05:00:00+00:00,4.0,16.0,NVIDIA T4,1.0,16.0,Up to 25 Gigabit,1.0,125.0,x86_64,2026-10-08,2026-10-08 20:27:06,0.2834
ap-southeast-2,g5.16xlarge,Windows,ap-southeast-2c,6.5755,2026-10-08 05:00:00+00:00,64.0,256.0,NVIDIA A10G,1.0,22.3515625,25 Gigabit,1.0,1900.0,x86_64,2026-10-08,2026-10-08 20:27:06,6.5755
ap-southeast-2,g6.12xlarge,Windows,ap-southeast-2a,2.8063,2026-10-08 05:00:00+00:00,48.0,192.0,NVIDIA L4,4.0,89.40625,40 Gigabit,1.0,3760.0,x86_64,2026-10-08,2026-10-08 20:27:06,0.701575
eu-central-1,g6e.12xlarge,Linux,eu-central-1a,13.12,2026-10-08 05:00:00+00:00,48.0,384.0,NVIDIA L40S,4.0,178.8125,100 Gigabit,1.0,3800.0,x86_64,2026-10-08,2026-10-08 20:27:06,3.28
eu-central-1,g6.xlarge,Linux,eu-central-1c,0.485,2026-10-08 05:00:00+00:00,4.0,16.0,NVIDIA L4,1.0,22.3515625,Up to 10 Gigabit,1.0,250.0,x86_64,2026-10-08,2026-10-08 20:27:06,0.485
eu-central-1,g6.2xlarge,Linux,eu-central-1a,0.6612,2026-10-08 05:00:00+00:00,8.0,32.0,NVIDIA L4,1.0,22.3515625,Up to 10 Gigabit,1.0,450.0,x86_64,2026-10-08,2026-10-08 20:27:06,0.6612
eu-north-1,g5.xlarge,Windows,eu-north-1c,0.2907,2026-10-08 05:00:00+00:00,4.0,16.0,NVIDIA A10G,1.0,22.3515625,Up to 10 Gigabit,1.0,250.0,x86_64,2026-10-08,2026-10-08 20:27:06,0.2907
eu-north-1,g4dn.2xlarge,Windows,eu-north-1a,0.4478,2026-10-08 05:00:00+00:00,8.0,32.0,NVIDIA T4,1.0,16.0,Up to 25 Gigabit,1.0,225.0,x86_64,2026-10-08,2026-10-08 20:27:06,0.4478
eu-north-1,g4dn.12xlarge,Linux,eu-north-1a,1.1984,2026-10-08 05:00:00+00:00,48.0,192.0,NVIDIA T4,4.0,64.0,50 Gigabit,1.0,900.0,x86_64,2026-10-08,2026-10-08 20:27:06,0.2996
ap-south-1,g5.xlarge,Linux,ap-south-1a,0.632,2026-10-08 05:00:00+00:00,4.0,16.0,NVIDIA A10G,1.0,22.3515625,Up to 10 Gigabit,1.0,250.0,x86_64,2026-10-08,2026-10-08 20:27:06,0.632
ap-south-1,g6.16xlarge,Windows,ap-south-1a,3.3519,2026-10-08 05:00:00+00:00,64.0,256.0,NVIDIA L4,1.0,22.3515625,25 Gigabit,1.0,1880.0,x86_64,2026-10-08,2026-10-08 20:27:06,3.3519
ap-south-1,g6.8xlarge,Linux,ap-south-1a,0.8824,2026-10-08 05:00:00+00:00,32.0,128.0,NVIDIA L4,1.0,22.3515625,25 Gigabit,1.0,900.0,x86_64,2026-10-08,2026-10-08 20:27:06,0.8824
ap-south-1,g6e.16xlarge,Windows,ap-south-1a,7.4948,2026-10-08 05:00:00+00:00,64.0,512.0,NVIDIA L40S,1.0,44.703125,35 Gigabit,1.0,1900.0,x86_64,2026-10-08,2026-10-08 20:27:06,7.4948
eu-west-3,g5.12xlarge,Linux,eu-west-3c,2.8611,2026-10-08 05:00:00+00:00,48.0,192.0,NVIDIA A10G,4.0,89.40625,40 Gigabit,1.0,3800.0,x86_64,2026-10-08,2026-10-08 20:27:06,0.715275
ap-south-1,g6e.xlarge,Windows,ap-south-1b,2.419,2026-10-08 05:00:00+00:00,4.0,32.0,NVIDIA L40S,1.0,44.703125,Up to 20 Gigabit,1.0,250.0,x86_64,2026-10-08,2026-10-08 20:27:06,2.419
ap-south-1,g6f.2xlarge,Linux,ap-south-1a,0.1433,2026-10-08 05:00:00+00:00,8.0,32.0,NVIDIA L4,0.0,5.587890625,Up to 10 Gigabit,1.0,200.0,x86_64,2026-10-08,2026-10-08 20:27:06,
ap-south-1,g7e.12xlarge,Linux,ap-south-1b,13.5338,2026-10-08 05:00:00+00:00,48.0,512.0,NVIDIA RTX PRO Server 6000,2.0,192.0,400 Gigabit,1.0,3800.0,x86_64,2026-10-08,2026-10-08 20:27:06,6.7669
ap-south-1,gr6.8xlarge,Windows,ap-south-1b,1.7758,2026-10-08 05:00:00+00:00,32.0,256.0,NVIDIA L4,1.0,22.3515625,25 Gigabit,1.0,900.0,x86_64,2026-10-08,2026-10-08 20:27:06,1.7758
ap-south-1,gr6f.4xlarge,Windows,ap-south-1b,2.0161,2026-10-08 05:00:00+00:00,16.0,128.0,NVIDIA L4,0.0,11.17578125,Up to 25 Gigabit,1.0,450.0,x86_64,2026-10-08,2026-10-08 20:27:06,
ap-south-1,inf2.xlarge,Linux,ap-south-1a,0.3378,2026-10-08 05:00:00+00:00,4.0,16.0,Inferentia2,1.0,32.0,Up to 15 Gigabit,1.0,0.0,x86_64,2026-10-08,2026-10-08 20:27:06,0.3378
ap-south-1,p5.48xlarge,Linux,ap-south-1a,24.178,2026-10-08 05:00:00+00:00,192.0,2048.0,NVIDIA H100,8.0,640.0,3200 Gigabit,32.0,30400.0,x86_64,2026-10-08,2026-10-08 20:27:06,3.02225
eu-west-1,p4d.24xlarge,Linux,eu-west-1a,16.1807,2026-10-08 05:00:00+00:00,96.0,1152.0,NVIDIA A100,8.0,320.0,4x 100 Gigabit,4.0,8000.0,x86_64,2026-10-08,2026-10-08 20:27:06,2.0225875
eu-west-1,inf2.xlarge,Linux,eu-west-1c,0.2434,2026-10-08 05:00:00+00:00,4.0,16.0,Inferentia2,1.0,32.0,Up to 15 Gigabit,1.0,0.0,x86_64,2026-10-08,2026-10-08 20:27:06,0.2434
eu-west-1,g5.xlarge,Windows,eu-west-1b,0.6628,2026-10-08 05:00:00+00:00,4.0,16.0,NVIDIA A10G,1.0,22.3515625,Up to 10 Gigabit,1.0,250.0,x86_64,2026-10-08,2026-10-08 20:27:06,0.6628
eu-west-1,g5.8xlarge,Linux,eu-west-1c,2.1556,2026-10-08 05:00:00+00:00,32.0,128.0,NVIDIA A10G,1.0,22.3515625,25 Gigabit,1.0,900.0,x86_64,2026-10-08,2026-10-08 20:27:06,2.1556
eu-west-1,g5.4xlarge,Linux,eu-west-1a,1.2335,2026-10-08 05:00:00+00:00,16.0,64.0,NVIDIA A10G,1.0,22.3515625,Up to 25 Gigabit,1.0,600.0,x86_64,2026-10-08,2026-10-08 20:27:06,1.2335
eu-north-1,g5.8xlarge,Windows,eu-north-1b,1.7316,2026-10-08 05:00:00+00:00,32.0,128.0,NVIDIA A10G,1.0,22.3515625,25 Gigabit,1.0,900.0,x86_64,2026-10-08,2026-10-08 20:27:06,1.7316
eu-north-1,g6.4xlarge,Linux,eu-north-1a,0.2748,2026-10-08 05:00:00+00:00,16.0,64.0,NVIDIA L4,1.0,22.3515625,Up to 25 Gigabit,1.0,600.0,x86_64,2026-10-08,2026-10-08 20:27:06,0.2748
eu-central-1,g6.24xlarge,Linux,eu-central-1b,3.0586,2026-10-08 05:00:00+00:00,96.0,384.0,NVIDIA L4,4.0,89.40625,50 Gigabit,1.0,3760.0,x86_64,2026-10-08,2026-10-08 20:27:06,0.76465
eu-north-1,g6e.48xlarge,Linux,eu-north-1a,27.6446,2026-10-08 05:00:00+00:00,192.0,1536.0,NVIDIA L40S,8.0,357.625,400 Gigabit,4.0,7600.0,x86_64,2026-10-08,2026-10-08 20:27:06,3.455575
eu-central-1,g6.12xlarge,Linux,eu-central-1a,3.0712,2026-10-08 05:00:00+00:00,48.0,192.0,NVIDIA L4,4.0,89.40625,40 Gigabit,1.0,3760.0,x86_64,2026-10-08,2026-10-08 20:27:06,0.7678
eu-central-1,g5.8xlarge,Windows,eu-central-1a,2.339,2026-10-08 05:00:00+00:00,32.0,128.0,NVIDIA A10G,1.0,22.3515625,25 Gigabit,1.0,900.0,x86_64,2026-10-08,2026-10-08 20:27:06,2.339
eu-central-1,g5.8xlarge,Linux,eu-central-1b,1.2781,2026-10-08 05:00:00+00:00,32.0,128.0,NVIDIA A10G,1.0,22.3515625,25 Gigabit,1.0,900.0,x86_64,2026-10-08,2026-10-08 20:27:06,1.2781
eu-central-1,g5.4xlarge,Windows,eu-central-1b,1.1904,2026-10-08 05:00:00+00:00,16.0,64.0,NVIDIA A10G,1.0,22.3515625,Up to 25 Gigabit,1.0,600.0,x86_64,2026-10-08,2026-10-08 20:27:06,1.1904
eu-central-1,g5.2xlarge,Windows,eu-central-1c,0.6393,2026-10-08 05:00:00+00:00,8.0,32.0,NVIDIA A10G,1.0,22.3515625,Up to 10 Gigabit,1.0,450.0,x86_64,2026-10-08,2026-10-08 20:27:06,0.6393
eu-central-1,g5.2xlarge,Linux,eu-central-1c,0.8096,2026-10-08 05:00:00+00:00,8.0,32.0,NVIDIA A10G,1.0,22.3515625,Up to 10 Gigabit,1.0,450.0,x86_64,2026-10-08,2026-10-08 20:27:06,0.8096
eu-central-1,g5.16xlarge,Windows,eu-central-1c,3.9254,2026-10-08 05:00:00+00:00,64.0,256.0,NVIDIA A10G,1.0,22.3515625,25 Gigabit,1.0,1900.0,x86_64,2026-10-08,2026-10-08 20:27:06,3.9254
eu-central-1,g4dn.xlarge,Linux,eu-central-1a,0.3185,2026-10-08 05:00:00+00:00,4.0,16.0,NVIDIA T4,1.0,16.0,Up to 25 Gigabit,1.0,125.0,x86_64,2026-10-08,2026-10-08 20:27:06,0.3185
eu-central-1,g4dn.4xlarge,Windows,eu-central-1b,1.0027,2026-10-08 05:00:00+00:00,16.0,64.0,NVIDIA T4,1.0,16.0,Up to 25 Gigabit,1.0,225.0,x86_64,2026-10-08,2026-10-08 20:27:06,1.0027
eu-central-1,g4dn.4xlarge,Linux,eu-central-1a,0.6195,2026-10-08 05:00:00+00:00,16.0,64.0,NVIDIA T4,1.0,16.0,Up to 25 Gigabit,1.0,225.0,x86_64,2026-10-08,2026-10-08 20:27:06,0.6195
eu-central-1,g4dn.16xlarge,Linux,eu-central-1c,1.8845,2026-10-08 05:00:00+00:00,64.0,256.0,NVIDIA T4,1.0,16.0,50 Gigabit,1.0,900.0,x86_64,2026-10-08,2026-10-08 20:27:06,1.8845
ap-southeast-1,g4dn.16xlarge,Windows,ap-southeast-1b,3.5529,2026-10-08 05:00:00+00:00,64.0,256.0,NVIDIA T4,1.0,16.0,50 Gigabit,1.0,900.0,x86_64,2026-10-08,2026-10-08 20:27:06,3.5529
ap-southeast-1,g4dn.16xlarge,Windows,ap-southeast-1c,3.5529,2026-10-08 05:00:00+00:00,64.0,256.0,NVIDIA T4,1.0,16.0,50 Gigabit,1.0,900.0,x86_64,2026-10-08,2026-10-08 20:27:06,3.5529
eu-north-1,gr6f.4xlarge,Linux,eu-north-1a,0.2069,2026-10-08 05:00:00+00:00,16.0,128.0,NVIDIA L4,0.0,11.17578125,Up to 25 Gigabit,1.0,450.0,x86_64,2026-10-08,2026-10-08 20:27:06,
eu-north-1,gr6.8xlarge,Linux,eu-north-1b,0.6051,2026-10-08 05:00:00+00:00,32.0,256.0,NVIDIA L4,1.0,22.3515625,25 Gigabit,1.0,900.0,x86_64,2026-10-08,2026-10-08 20:27:06,0.6051
eu-north-1,gr6.4xlarge,Windows,eu-north-1a,0.8993,2026-10-08 05:00:00+00:00,16.0,128.0,NVIDIA L4,1.0,22.3515625,Up to 25 Gigabit,1.0,600.0,x86_64,2026-10-08,2026-10-08 20:27:06,0.8993
eu-north-1,g7e.24xlarge,Linux,eu-north-1a,20.6782,2026-10-08 05:00:00+00:00,96.0,1024.0,NVIDIA RTX PRO Server 6000,4.0,384.0,800 Gigabit,2.0,7600.0,x86_64,2026-10-08,2026-10-08 20:27:06,5.16955
eu-north-1,g6f.large,Linux,eu-north-1b,0.0214,2026-10-08 05:00:00+00:00,2.0,8.0,NVIDIA L4,0.0,2.7939453125,Up to 10 Gigabit,1.0,100.0,x86_64,2026-10-08,2026-10-08 20:27:06,
eu-north-1,g6e.8xlarge,Windows,eu-north-1a,1.9524,2026-10-08 05:00:00+00:00,32.0,256.0,NVIDIA L40S,1.0,44.703125,25 Gigabit,1.0,900.0,x86_64,2026-10-08,2026-10-08 20:27:06,1.9524
eu-west-3,g5.48xlarge,Windows,eu-west-3a,29.5077,2026-10-08 05:00:00+00:00,192.0,768.0,NVIDIA A10G,8.0,178.8125,100 Gigabit,1.0,7600.0,x86_64,2026-10-08,2026-10-08 20:27:06,3.6884625
eu-west-2,g4dn.12xlarge,Linux,eu-west-2b,1.6813,2026-10-08 05:00:00+00:00,48.0,192.0,NVIDIA T4,4.0,64.0,50 Gigabit,1.0,900.0,x86_64,2026-10-08,2026-10-08 20:27:06,0.420325
us-east-1,g5.4xlarge,Linux,us-east-1c,1.3606,2026-10-08 05:00:00+00:00,16.0,64.0,NVIDIA A10G,1.0,22.3515625,Up to 25 Gigabit,1.0,600.0,x86_64,2026-10-08,2026-10-08 20:27:06,1.3606
us-east-2,g6e.8xlarge,Linux,us-east-2a,2.2512,2026-10-08 05:00:00+00:00,32.0,256.0,NVIDIA L40S,1.0,44.703125,25 Gigabit,1.0,900.0,x86_64,2026-10-08,2026-10-08 20:27:06,2.2512
us-east-2,g5.12xlarge,Linux,us-east-2c,3.013,2026-10-08 05:00:00+00:00,48.0,192.0,NVIDIA A10G,4.0,89.40625,40 Gigabit,1.0,3800.0,x86_64,2026-10-08,2026-10-08 20:27:06,0.75325
us-east-2,g5.24xlarge,Linux,us-east-2c,4.0131,2026-10-08 05:00:00+00:00,96.0,384.0,NVIDIA A10G,4.0,89.40625,50 Gigabit,1.0,3800.0,x86_64,2026-10-08,2026-10-08 20:27:06,1.003275
us-east-2,g5.8xlarge,Linux,us-east-2b,1.2115,2026-10-08 05:00:00+00:00,32.0,128.0,NVIDIA A10G,1.0,22.3515625,25 Gigabit,1.0,900.0,x86_64,2026-10-08,2026-10-08 20:27:06,1.2115
us-east-2,g6.16xlarge,Windows,us-east-2c,4.4727,2026-10-08 05:00:00+00:00,64.0,256.0,NVIDIA L4,1.0,22.3515625,25 Gigabit,1.0,1880.0,x86_64,2026-10-08,2026-10-08 20:27:06,4.4727
us-east-2,g6.4xlarge,Windows,us-east-2b,1.3315,2026-10-08 05:00:00+00:00,16.0,64.0,NVIDIA L4,1.0,22.3515625,Up to 25 Gigabit,1.0,600.0,x86_64,2026-10-08,2026-10-08 20:27:06,1.3315
us-east-2,g6.xlarge,Windows,us-east-2c,0.5462,2026-10-08 05:00:00+00:00,4.0,16.0,NVIDIA L4,1.0,22.3515625,Up to 10 Gigabit,1.0,250.0,x86_64,2026-10-08,2026-10-08 20:27:06,0.5462
us-east-2,g6f.2xlarge,Windows,us-east-2c,0.5818,2026-10-08 05:00:00+00:00,8.0,32.0,NVIDIA L4,0.0,5.587890625,Up to 10 Gigabit,1.0,200.0,x86_64,2026-10-08,2026-10-08 20:27:06,
us-east-2,inf2.24xlarge,Linux,us-east-2b,0.6491,2026-10-08 05:00:00+00:00,96.0,384.0,Inferentia2,6.0,192.0,50 Gigabit,1.0,0.0,x86_64,2026-10-08,2026-10-08 20:27:06,0.10818333333333334
us-east-2,g6f.4xlarge,Linux,us-east-2b,0.4322,2026-10-08 05:00:00+00:00,16.0,64.0,NVIDIA L4,0.0,11.17578125,Up to 25 Gigabit,1.0,450.0,x86_64,2026-10-08,2026-10-08 20:27:06,
us-east-2,g7.12xlarge,Linux,us-east-2a,3.2214,2026-10-08 05:00:00+00:00,48.0,192.0,NVIDIA RTX PRO 4500,2.0,64.0,175 Gigabit,1.0,1900.0,x86_64,2026-10-08,2026-10-08 20:27:06,1.6107
us-east-2,g7.2xlarge,Linux,us-east-2c,1.1561,2026-10-08 05:00:00+00:00,8.0,32.0,NVIDIA RTX PRO 4500,1.0,32.0,Up to 60 Gigabit,1.0,440.0,x86_64,2026-10-08,2026-10-08 20:27:06,1.1561
us-east-2,g7.2xlarge,Windows,us-east-2a,1.5037,2026-10-08 05:00:00+00:00,8.0,32.0,NVIDIA RTX PRO 4500,1.0,32.0,Up to 60 Gigabit,1.0,440.0,x86_64,2026-10-08,2026-10-08 20:27:06,1.5037
us-east-2,gr6.8xlarge,Linux,us-east-2a,0.5191,2026-10-08 05:00:00+00:00,32.0,256.0,NVIDIA L4,1.0,22.3515625,25 Gigabit,1.0,900.0,x86_64,2026-10-08,2026-10-08 20:27:06,0.5191
us-east-2,gr6f.4xlarge,Linux,us-east-2a,0.2879,2026-10-08 05:00:00+00:00,16.0,128.0,NVIDIA L4,0.0,11.17578125,Up to 25 Gigabit,1.0,450.0,x86_64,2026-10-08,2026-10-08 20:27:06,
us-east-2,g4dn.8xlarge,Windows,us-east-2b,2.4512,2026-10-08 05:00:00+00:00,32.0,128.0,NVIDIA T4,1.0,16.0,50 Gigabit,1.0,900.0,x86_64,2026-10-08,2026-10-08 20:27:06,2.4512
us-east-1,g6e.4xlarge,Windows,us-east-1d,2.0601,2026-10-08 05:00:00+00:00,16.0,128.0,NVIDIA L40S,1.0,44.703125,20 Gigabit,1.0,600.0,x86_64,2026-10-08,2026-10-08 20:27:06,2.0601
us-east-1,g6e.8xlarge,Linux,us-east-1a,1.4418,2026-10-08 05:00:00+00:00,32.0,256.0,NVIDIA L40S,1.0,44.703125,25 Gigabit,1.0,900.0,x86_64,2026-10-08,2026-10-08 20:27:06,1.4418
us-east-1,g6e.8xlarge,Linux,us-east-1d,1.5486,2026-10-08 05:00:00+00:00,32.0,256.0,NVIDIA L40S,1.0,44.703125,25 Gigabit,1.0,900.0,x86_64,2026-10-08,2026-10-08 20:27:06,1.5486
us-east-1,g6e.xlarge,Linux,us-east-1d,1.8335,2026-10-08 05:00:00+00:00,4.0,32.0,NVIDIA L40S,1.0,44.703125,Up to 20 Gigabit,1.0,250.0,x86_64,2026-10-08,2026-10-08 20:27:06,1.8335
us-east-1,g6e.xlarge,Windows,us-east-1d,0.5265,2026-10-08 05:00:00+00:00,4.0,32.0,NVIDIA L40S,1.0,44.703125,Up to 20 Gigabit,1.0,250.0,x86_64,2026-10-08,2026-10-08 20:27:06,0.5265
us-east-1,g6f.4xlarge,Linux,us-east-1c,0.4715,2026-10-08 05:00:00+00:00,16.0,64.0,NVIDIA L4,0.0,11.17578125,Up to 25 Gigabit,1.0,450.0,x86_64,2026-10-08,2026-10-08 20:27:06,
us-east-1,g6f.4xlarge,Windows,us-east-1d,0.831,2026-10-08 05:00:00+00:00,16.0,64.0,NVIDIA L4,0.0,11.17578125,Up to 25 Gigabit,1.0,450.0,x86_64,2026-10-08,2026-10-08 20:27:06,
us-east-1,g7.2xlarge,Linux,us-east-1d,0.5997,2026-10-08 05:00:00+00:00,8.0,32.0,NVIDIA RTX PRO 4500,1.0,32.0,Up to 60 Gigabit,1.0,440.0,x86_64,2026-10-08,2026-10-08 20:27:06,0.5997
us-east-1,g7.2xlarge,Windows,us-east-1d,0.62,2026-10-08 05:00:00+00:00,8.0,32.0,NVIDIA RTX PRO 4500,1.0,32.0,Up to 60 Gigabit,1.0,440.0,x86_64,2026-10-08,2026-10-08 20:27:06,0.62
us-east-1,g7.8xlarge,Linux,us-east-1a,0.97,2026-10-08 05:00:00+00:00,32.0,128.0,NVIDIA RTX PRO 4500,1.0,32.0,100 Gigabit,1.0,930.0,x86_64,2026-10-08,2026-10-08 20:27:06,0.97
us-east-1,g7.8xlarge,Windows,us-east-1a,1.8806,2026-10-08 05:00:00+00:00,32.0,128.0,NVIDIA RTX PRO 4500,1.0,32.0,100 Gigabit,1.0,930.0,x86_64,2026-10-08,2026-10-08 20:27:06,1.8806
us-east-1,g7e.8xlarge,Windows,us-east-1b,2.4091,2026-10-08 05:00:00+00:00,32.0,256.0,NVIDIA RTX PRO Server 6000,1.0,96.0,100 Gigabit,1.0,1900.0,x86_64,2026-10-08,2026-10-08 20:27:06,2.4091
us-east-1,gr6.8xlarge,Windows,us-east-1d,1.7166,2026-10-08 05:00:00+00:00,32.0,256.0,NVIDIA L4,1.0,22.3515625,25 Gigabit,1.0,900.0,x86_64,2026-10-08,2026-10-08 20:27:06,1.7166
us-east-1,p4d.24xlarge,Linux,us-east-1d,17.0704,2026-10-08 05:00:00+00:00,96.0,1152.0,NVIDIA A100,8.0,320.0,4x 100 Gigabit,4.0,8000.0,x86_64,2026-10-08,2026-10-08 20:27:06,2.1338
us-east-1,p5.48xlarge,Linux,us-east-1f,28.4174,2026-10-08 05:00:00+00:00,192.0,2048.0,NVIDIA H100,8.0,640.0,3200 Gigabit,32.0,30400.0,x86_64,2026-10-08,2026-10-08 20:27:06,3.552175
us-east-1,p5.4xlarge,Windows,us-east-1a,3.5597,2026-10-08 05:00:00+00:00,16.0,256.0,NVIDIA H100,1.0,80.0,100 Gigabit,1.0,3800.0,x86_64,2026-10-08,2026-10-08 20:27:06,3.5597
us-east-2,inf1.xlarge,Linux,us-east-2a,0.027,2026-10-08 05:00:00+00:00,4.0,8.0,Inferentia,1.0,8.0,Up to 25 Gigabit,1.0,0.0,x86_64,2026-10-08,2026-10-08 20:27:06,0.027
us-east-2,inf2.24xlarge,Linux,us-east-2c,0.6491,2026-10-08 05:00:00+00:00,96.0,384.0,Inferentia2,6.0,192.0,50 Gigabit,1.0,0.0,x86_64,2026-10-08,2026-10-08 20:27:06,0.10818333333333334
us-west-1,g4dn.12xlarge,Windows,us-west-1c,3.0969,2026-10-08 05:00:00+00:00,48.0,192.0,NVIDIA T4,4.0,64.0,50 Gigabit,1.0,900.0,x86_64,2026-10-08,2026-10-08 20:27:06,0.774225
ap-northeast-1,g6f.large,Windows,ap-northeast-1a,0.2238,2026-10-08 05:00:00+00:00,2.0,8.0,NVIDIA L4,0.0,2.7939453125,Up to 10 Gigabit,1.0,100.0,x86_64,2026-10-08,2026-10-08 20:27:06,
ap-northeast-1,g4dn.xlarge,Windows,ap-northeast-1a,0.5035,2026-10-08 05:00:00+00:00,4.0,16.0,NVIDIA T4,1.0,16.0,Up to 25 Gigabit,1.0,125.0,x86_64,2026-10-08,2026-10-08 20:27:06,0.5035
ap-northeast-1,g5.4xlarge,Linux,ap-northeast-1c,1.2318,2026-10-08 05:00:00+00:00,16.0,64.0,NVIDIA A10G,1.0,22.3515625,Up to 25 Gigabit,1.0,600.0,x86_64,2026-10-08,2026-10-08 20:27:06,1.2318
ap-northeast-1,g6.24xlarge,Windows,ap-northeast-1c,8.7725,2026-10-08 05:00:00+00:00,96.0,384.0,NVIDIA L4,4.0,89.40625,50 Gigabit,1.0,3760.0,x86_64,2026-10-08,2026-10-08 20:27:06,2.193125
ap-northeast-1,g6e.16xlarge,Windows,ap-northeast-1c,7.8911,2026-10-08 05:00:00+00:00,64.0,512.0,NVIDIA L40S,1.0,44.703125,35 Gigabit,1.0,1900.0,x86_64,2026-10-08,2026-10-08 20:27:06,7.8911
ap-northeast-1,g6e.xlarge,Linux,ap-northeast-1a,1.399,2026-10-08 05:00:00+00:00,4.0,32.0,NVIDIA L40S,1.0,44.703125,Up to 20 Gigabit,1.0,250.0,x86_64,2026-10-08,2026-10-08 20:27:06,1.399
ap-northeast-1,g6f.2xlarge,Windows,ap-northeast-1c,0.678,2026-10-08 05:00:00+00:00,8.0,32.0,NVIDIA L4,0.0,5.587890625,Up to 10 Gigabit,1.0,200.0,x86_64,2026-10-08,2026-10-08 20:27:06,
ap-northeast-1,g7e.24xlarge,Linux,ap-northeast-1c,11.0847,2026-10-08 05:00:00+00:00,96.0,1024.0,NVIDIA RTX PRO Server 6000,4.0,384.0,800 Gigabit,2.0,7600.0,x86_64,2026-10-08,2026-10-08 20:27:06,2.771175
us-east-1,g6e.48xlarge,Linux,us-east-1d,6.305,2026-10-08 05:00:00+00:00,192.0,1536.0,NVIDIA L40S,8.0,357.625,400 Gigabit,4.0,7600.0,x86_64,2026-10-08,2026-10-08 20:27:06,0.788125
ap-northeast-1,inf1.2xlarge,Linux,ap-northeast-1c,0.1116,2026-10-08 05:00:00+00:00,8.0,16.0,Inferentia,1.0,8.0,Up to 25 Gigabit,1.0,0.0,x86_64,2026-10-08,2026-10-08 20:27:06,0.1116
ap-northeast-1,inf1.2xlarge,Linux,ap-northeast-1a,0.1645,2026-10-08 05:00:00+00:00,8.0,16.0,Inferentia,1.0,8.0,Up to 25 Gigabit,1.0,0.0,x86_64,2026-10-08,2026-10-08 20:27:06,0.1645
ap-northeast-1,inf2.24xlarge,Linux,ap-northeast-1a,9.736,2026-10-08 05:00:00+00:00,96.0,384.0,Inferentia2,6.0,192.0,50 Gigabit,1.0,0.0,x86_64,2026-10-08,2026-10-08 20:27:06,1.6226666666666667
ap-northeast-1,p5.48xlarge,Linux,ap-northeast-1c,25.2312,2026-10-08 05:00:00+00:00,192.0,2048.0,NVIDIA H100,8.0,640.0,3200 Gigabit,32.0,30400.0,x86_64,2026-10-08,2026-10-08 20:27:06,3.1539
ap-northeast-1,p5.4xlarge,Linux,ap-northeast-1c,4.2484,2026-10-08 05:00:00+00:00,16.0,256.0,NVIDIA H100,1.0,80.0,100 Gigabit,1.0,3800.0,x86_64,2026-10-08,2026-10-08 20:27:06,4.2484
ap-northeast-1,p5.4xlarge,Windows,ap-northeast-1c,4.9526,2026-10-08 05:00:00+00:00,16.0,256.0,NVIDIA H100,1.0,80.0,100 Gigabit,1.0,3800.0,x86_64,2026-10-08,2026-10-08 20:27:06,4.9526
ap-northeast-1,g4dn.xlarge,Windows,ap-northeast-1d,0.5035,2026-10-08 05:00:00+00:00,4.0,16.0,NVIDIA T4,1.0,16.0,Up to 25 Gigabit,1.0,125.0,x86_64,2026-10-08,2026-10-08 20:27:06,0.5035
ap-northeast-1,g4dn.4xlarge,Windows,ap-northeast-1c,1.4673,2026-10-08 05:00:00+00:00,16.0,64.0,NVIDIA T4,1.0,16.0,Up to 25 Gigabit,1.0,225.0,x86_64,2026-10-08,2026-10-08 20:27:06,1.4673
ap-northeast-1,g4dn.4xlarge,Linux,ap-northeast-1a,0.7498,2026-10-08 05:00:00+00:00,16.0,64.0,NVIDIA T4,1.0,16.0,Up to 25 Gigabit,1.0,225.0,x86_64,2026-10-08,2026-10-08 20:27:06,0.7498
ap-northeast-1,g4dn.16xlarge,Linux,ap-northeast-1a,2.6643,2026-10-08 05:00:00+00:00,64.0,256.0,NVIDIA T4,1.0,16.0,50 Gigabit,1.0,900.0,x86_64,2026-10-08,2026-10-08 20:27:06,2.6643
us-east-1,g4dn.16xlarge,Windows,us-east-1f,4.2541,2026-10-08 05:00:00+00:00,64.0,256.0,NVIDIA T4,1.0,16.0,50 Gigabit,1.0,900.0,x86_64,2026-10-08,2026-10-08 20:27:06,4.2541
us-east-1,g4dn.xlarge,Windows,us-east-1f,0.2366,2026-10-08 05:00:00+00:00,4.0,16.0,NVIDIA T4,1.0,16.0,Up to 25 Gigabit,1.0,125.0,x86_64,2026-10-08,2026-10-08 20:27:06,0.2366
us-east-1,g5.2xlarge,Linux,us-east-1c,0.6885,2026-10-08 05:00:00+00:00,8.0,32.0,NVIDIA A10G,1.0,22.3515625,Up to 10 Gigabit,1.0,450.0,x86_64,2026-10-08,2026-10-08 20:27:06,0.6885
us-east-1,g5.2xlarge,Windows,us-east-1f,0.4892,2026-10-08 05:00:00+00:00,8.0,32.0,NVIDIA A10G,1.0,22.3515625,Up to 10 Gigabit,1.0,450.0,x86_64,2026-10-08,2026-10-08 20:27:06,0.4892
us-east-1,g5.4xlarge,Linux,us-east-1d,0.8276,2026-10-08 05:00:00+00:00,16.0,64.0,NVIDIA A10G,1.0,22.3515625,Up to 25 Gigabit,1.0,600.0,x86_64,2026-10-08,2026-10-08 20:27:06,0.8276
us-east-1,g5.8xlarge,Linux,us-east-1f,1.1116,2026-10-08 05:00:00+00:00,32.0,128.0,NVIDIA A10G,1.0,22.3515625,25 Gigabit,1.0,900.0,x86_64,2026-10-08,2026-10-08 20:27:06,1.1116
us-east-1,g5g.metal,Linux,us-east-1d,0.6575,2026-10-08 05:00:00+00:00,64.0,128.0,NVIDIA T4g,2.0,32.0,25 Gigabit,1.0,0.0,arm64,2026-10-08,2026-10-08 20:27:06,0.32875
us-east-1,g6.12xlarge,Linux,us-east-1d,4.1145,2026-10-08 05:00:00+00:00,48.0,192.0,NVIDIA L4,4.0,89.40625,40 Gigabit,1.0,3760.0,x86_64,2026-10-08,2026-10-08 20:27:06,1.028625
us-east-1,g6.24xlarge,Windows,us-east-1d,5.0835,2026-10-08 05:00:00+00:00,96.0,384.0,NVIDIA L4,4.0,89.40625,50 Gigabit,1.0,3760.0,x86_64,2026-10-08,2026-10-08 20:27:06,1.270875
us-east-1,g6.2xlarge,Windows,us-east-1c,0.5562,2026-10-08 05:00:00+00:00,8.0,32.0,NVIDIA L4,1.0,22.3515625,Up to 10 Gigabit,1.0,450.0,x86_64,2026-10-08,2026-10-08 20:27:06,0.5562
us-east-1,g6.4xlarge,Linux,us-east-1c,1.0372,2026-10-08 05:00:00+00:00,16.0,64.0,NVIDIA L4,1.0,22.3515625,Up to 25 Gigabit,1.0,600.0,x86_64,2026-10-08,2026-10-08 20:27:06,1.0372
us-east-1,g6.8xlarge,Linux,us-east-1c,1.0254,2026-10-08 05:00:00+00:00,32.0,128.0,NVIDIA L4,1.0,22.3515625,25 Gigabit,1.0,900.0,x86_64,2026-10-08,2026-10-08 20:27:06,1.0254
us-east-1,g6.8xlarge,Windows,us-east-1d,1.6734,2026-10-08 05:00:00+00:00,32.0,128.0,NVIDIA L4,1.0,22.3515625,25 Gigabit,1.0,900.0,x86_64,2026-10-08,2026-10-08 20:27:06,1.6734
us-west-1,g4dn.8xlarge,Linux,us-west-1c,1.0662,2026-10-08 05:00:00+00:00,32.0,128.0,NVIDIA T4,1.0,16.0,50 Gigabit,1.0,900.0,x86_64,2026-10-08,2026-10-08 20:27:06,1.0662
us-east-2,g7e.8xlarge,Windows,us-east-2a,3.8427,2026-10-08 05:00:00+00:00,32.0,256.0,NVIDIA RTX PRO Server 6000,1.0,96.0,100 Gigabit,1.0,1900.0,x86_64,2026-10-08,2026-10-08 20:27:06,3.8427
sa-east-1,g4dn.12xlarge,Windows,sa-east-1a,2.8729,2026-10-08 05:00:00+00:00,48.0,192.0,NVIDIA T4,4.0,64.0,50 Gigabit,1.0,900.0,x86_64,2026-10-08,2026-10-08 20:27:06,0.718225
sa-east-1,g4dn.8xlarge,Linux,sa-east-1a,0.3698,2026-10-08 05:00:00+00:00,32.0,128.0,NVIDIA T4,1.0,16.0,50 Gigabit,1.0,900.0,x86_64,2026-10-08,2026-10-08 20:27:06,0.3698
sa-east-1,g6.xlarge,Windows,sa-east-1a,0.3208,2026-10-08 05:00:00+00:00,4.0,16.0,NVIDIA L4,1.0,22.3515625,Up to 10 Gigabit,1.0,250.0,x86_64,2026-10-08,2026-10-08 20:27:06,0.3208
sa-east-1,inf1.xlarge,Linux,sa-east-1b,0.0377,2026-10-08 05:00:00+00:00,4.0,8.0,Inferentia,1.0,8.0,Up to 25 Gigabit,1.0,0.0,x86_64,2026-10-08,2026-10-08 20:27:06,0.0377
sa-east-1,inf2.8xlarge,Linux,sa-east-1c,0.3345,2026-10-08 05:00:00+00:00,32.0,128.0,Inferentia2,1.0,32.0,Up to 25 Gigabit,1.0,0.0,x86_64,2026-10-08,2026-10-08 20:27:06,0.3345
sa-east-1,p4d.24xlarge,Linux,sa-east-1c,30.1893,2026-10-08 05:00:00+00:00,96.0,1152.0,NVIDIA A100,8.0,320.0,4x 100 Gigabit,4.0,8000.0,x86_64,2026-10-08,2026-10-08 20:27:06,3.7736625
sa-east-1,p5.4xlarge,Windows,sa-east-1c,10.5496,2026-10-08 05:00:00+00:00,16.0,256.0,NVIDIA H100,1.0,80.0,100 Gigabit,1.0,3800.0,x86_64,2026-10-08,2026-10-08 20:27:06,10.5496
sa-east-1,p5e.48xlarge,Linux,sa-east-1c,18.043,2026-10-08 05:00:00+00:00,,,,,,,,,,2026-10-08,2026-10-08 20:27:06,
ap-northeast-3,g4dn.8xlarge,Linux,ap-northeast-3b,0.2938,2026-10-08 05:00:00+00:00,32.0,128.0,NVIDIA T4,1.0,16.0,50 Gigabit,1.0,900.0,x86_64,2026-10-08,2026-10-08 20:27:06,0.2938
sa-east-1,g5.4xlarge,Linux,sa-east-1b,1.1516,2026-10-08 05:00:00+00:00,16.0,64.0,NVIDIA A10G,1.0,22.3515625,Up to 25 Gigabit,1.0,600.0,x86_64,2026-10-08,2026-10-08 20:27:06,1.1516
sa-east-1,g4dn.8xlarge,Windows,sa-east-1c,1.8418,2026-10-08 05:00:00+00:00,32.0,128.0,NVIDIA T4,1.0,16.0,50 Gigabit,1.0,900.0,x86_64,2026-10-08,2026-10-08 20:27:06,1.8418
sa-east-1,g4dn.12xlarge,Windows,sa-east-1c,2.8729,2026-10-08 05:00:00+00:00,48.0,192.0,NVIDIA T4,4.0,64.0,50 Gigabit,1.0,900.0,x86_64,2026-10-08,2026-10-08 20:27:06,0.718225
sa-east-1,g4dn.4xlarge,Linux,sa-east-1c,0.2355,2026-10-08 05:00:00+00:00,16.0,64.0,NVIDIA T4,1.0,16.0,Up to 25 Gigabit,1.0,225.0,x86_64,2026-10-08,2026-10-08 20:27:06,0.2355
sa-east-1,g5.8xlarge,Windows,sa-east-1b,2.5277,2026-10-08 05:00:00+00:00,32.0,128.0,NVIDIA A10G,1.0,22.3515625,25 Gigabit,1.0,900.0,x86_64,2026-10-08,2026-10-08 20:27:06,2.5277
ap-northeast-2,g5.xlarge,Windows,ap-northeast-2d,0.7432,2026-10-08 05:00:00+00:00,4.0,16.0,NVIDIA A10G,1.0,22.3515625,Up to 10 Gigabit,1.0,250.0,x86_64,2026-10-08,2026-10-08 20:27:06,0.7432
ap-northeast-2,g6.xlarge,Windows,ap-northeast-2a,0.6294,2026-10-08 05:00:00+00:00,4.0,16.0,NVIDIA L4,1.0,22.3515625,Up to 10 Gigabit,1.0,250.0,x86_64,2026-10-08,2026-10-08 20:27:06,0.6294
ap-northeast-2,gr6.8xlarge,Linux,ap-northeast-2a,0.506,2026-10-08 05:00:00+00:00,32.0,256.0,NVIDIA L4,1.0,22.3515625,25 Gigabit,1.0,900.0,x86_64,2026-10-08,2026-10-08 20:27:06,0.506
ap-northeast-2,g6e.8xlarge,Linux,ap-northeast-2b,2.6974,2026-10-08 05:00:00+00:00,32.0,256.0,NVIDIA L40S,1.0,44.703125,25 Gigabit,1.0,900.0,x86_64,2026-10-08,2026-10-08 20:27:06,2.6974
ap-northeast-2,g4dn.metal,Linux,ap-northeast-2b,4.4496,2026-10-08 05:00:00+00:00,96.0,384.0,NVIDIA T4,8.0,128.0,100 Gigabit,1.0,1800.0,x86_64,2026-10-08,2026-10-08 20:27:06,0.5562
ap-northeast-2,g4dn.xlarge,Linux,ap-northeast-2a,0.3175,2026-10-08 05:00:00+00:00,4.0,16.0,NVIDIA T4,1.0,16.0,Up to 25 Gigabit,1.0,125.0,x86_64,2026-10-08,2026-10-08 20:27:06,0.3175
ap-northeast-2,g5.8xlarge,Linux,ap-northeast-2c,1.3706,2026-10-08 05:00:00+00:00,32.0,128.0,NVIDIA A10G,1.0,22.3515625,25 Gigabit,1.0,900.0,x86_64,2026-10-08,2026-10-08 20:27:06,1.3706
ap-northeast-2,g6e.48xlarge,Linux,ap-northeast-2b,17.7741,2026-10-08 05:00:00+00:00,192.0,1536.0,NVIDIA L40S,8.0,357.625,400 Gigabit,4.0,7600.0,x86_64,2026-10-08,2026-10-08 20:27:06,2.2217625
ap-northeast-2,g5.xlarge,Linux,ap-northeast-2d,0.5732,2026-10-08 05:00:00+00:00,4.0,16.0,NVIDIA A10G,1.0,22.3515625,Up to 10 Gigabit,1.0,250.0,x86_64,2026-10-08,2026-10-08 20:27:06,0.5732
ap-northeast-2,g6e.24xlarge,Windows,ap-northeast-2a,12.7511,2026-10-08 05:00:00+00:00,96.0,768.0,NVIDIA L40S,4.0,178.8125,200 Gigabit,2.0,3800.0,x86_64,2026-10-08,2026-10-08 20:27:06,3.187775
ap-northeast-2,g5g.metal,Linux,ap-northeast-2c,1.5188,2026-10-08 05:00:00+00:00,64.0,128.0,NVIDIA T4g,2.0,32.0,25 Gigabit,1.0,0.0,arm64,2026-10-08,2026-10-08 20:27:06,0.7594
ap-northeast-2,g6.4xlarge,Windows,ap-northeast-2a,1.4682,2026-10-08 05:00:00+00:00,16.0,64.0,NVIDIA L4,1.0,22.3515625,Up to 25 Gigabit,1.0,600.0,x86_64,2026-10-08,2026-10-08 20:27:06,1.4682
ca-central-1,g6.2xlarge,Windows,ca-central-1b,1.4535,2026-10-08 04:00:00+00:00,8.0,32.0,NVIDIA L4,1.0,22.3515625,Up to 10 Gigabit,1.0,450.0,x86_64,2026-10-08,2026-10-08 20:27:06,1.4535
ca-central-1,g6.2xlarge,Windows,ca-central-1d,1.4535,2026-10-08 04:00:00+00:00,8.0,32.0,NVIDIA L4,1.0,22.3515625,Up to 10 Gigabit,1.0,450.0,x86_64,2026-10-08,2026-10-08 20:27:06,1.4535
ap-south-1,inf2.24xlarge,Linux,ap-south-1a,2.5805,2026-10-08 04:00:00+00:00,96.0,384.0,Inferentia2,6.0,192.0,50 Gigabit,1.0,0.0,x86_64,2026-10-08,2026-10-08 20:27:06,0.4300833333333333
ap-south-1,gr6.8xlarge,Windows,ap-south-1a,1.853,2026-10-08 04:00:00+00:00,32.0,256.0,NVIDIA L4,1.0,22.3515625,25 Gigabit,1.0,900.0,x86_64,2026-10-08,2026-10-08 20:27:06,1.853
us-east-2,g6e.24xlarge,Linux,us-east-2a,13.559,2026-10-08 04:00:00+00:00,96.0,768.0,NVIDIA L40S,4.0,178.8125,200 Gigabit,2.0,3800.0,x86_64,2026-10-08,2026-10-08 20:27:06,3.38975
ap-south-1,g6.8xlarge,Windows,ap-south-1b,1.8146,2026-10-08 04:00:00+00:00,32.0,128.0,NVIDIA L4,1.0,22.3515625,25 Gigabit,1.0,900.0,x86_64,2026-10-08,2026-10-08 20:27:06,1.8146
us-west-2,p4d.24xlarge,Linux,us-west-2c,10.8272,2026-10-08 04:00:00+00:00,96.0,1152.0,NVIDIA A100,8.0,320.0,4x 100 Gigabit,4.0,8000.0,x86_64,2026-10-08,2026-10-08 20:27:06,1.3534
us-east-2,g6.2xlarge,Windows,us-east-2b,0.8079,2026-10-08 04:00:00+00:00,8.0,32.0,NVIDIA L4,1.0,22.3515625,Up to 10 Gigabit,1.0,450.0,x86_64,2026-10-08,2026-10-08 20:27:06,0.8079
us-east-2,g5.xlarge,Windows,us-east-2a,0.6406,2026-10-08 04:00:00+00:00,4.0,16.0,NVIDIA A10G,1.0,22.3515625,Up to 10 Gigabit,1.0,250.0,x86_64,2026-10-08,2026-10-08 20:27:06,0.6406
us-east-2,g5.8xlarge,Windows,us-east-2a,2.5736,2026-10-08 04:00:00+00:00,32.0,128.0,NVIDIA A10G,1.0,22.3515625,25 Gigabit,1.0,900.0,x86_64,2026-10-08,2026-10-08 20:27:06,2.5736
us-east-2,g5.16xlarge,Linux,us-east-2a,1.9273,2026-10-08 04:00:00+00:00,64.0,256.0,NVIDIA A10G,1.0,22.3515625,25 Gigabit,1.0,1900.0,x86_64,2026-10-08,2026-10-08 20:27:06,1.9273
ca-central-1,g4dn.16xlarge,Windows,ca-central-1a,3.4272,2026-10-08 04:00:00+00:00,64.0,256.0,NVIDIA T4,1.0,16.0,50 Gigabit,1.0,900.0,x86_64,2026-10-08,2026-10-08 20:27:06,3.4272
us-west-2,g6.8xlarge,Windows,us-west-2a,1.6734,2026-10-08 04:00:00+00:00,32.0,128.0,NVIDIA L4,1.0,22.3515625,25 Gigabit,1.0,900.0,x86_64,2026-10-08,2026-10-08 20:27:06,1.6734
us-west-2,g6f.4xlarge,Windows,us-west-2d,1.011,2026-10-08 04:00:00+00:00,16.0,64.0,NVIDIA L4,0.0,11.17578125,Up to 25 Gigabit,1.0,450.0,x86_64,2026-10-08,2026-10-08 20:27:06,
ap-southeast-1,g5g.metal,Linux,ap-southeast-1a,0.6462,2026-10-08 04:00:00+00:00,64.0,128.0,NVIDIA T4g,2.0,32.0,25 Gigabit,1.0,0.0,arm64,2026-10-08,2026-10-08 20:27:06,0.3231
ap-southeast-1,g4dn.12xlarge,Windows,ap-southeast-1b,2.7554,2026-10-08 04:00:00+00:00,48.0,192.0,NVIDIA T4,4.0,64.0,50 Gigabit,1.0,900.0,x86_64,2026-10-08,2026-10-08 20:27:06,0.68885
ca-central-1,g5.48xlarge,Linux,ca-central-1a,18.0852,2026-10-08 04:00:00+00:00,192.0,768.0,NVIDIA A10G,8.0,178.8125,100 Gigabit,1.0,7600.0,x86_64,2026-10-08,2026-10-08 20:27:06,2.26065
eu-west-2,g7e.48xlarge,Linux,eu-west-2c,19.2279,2026-10-08 04:00:00+00:00,192.0,2048.0,NVIDIA RTX PRO Server 6000,8.0,768.0,1600 Gigabit,4.0,15200.0,x86_64,2026-10-08,2026-10-08 20:27:06,2.4034875
eu-central-1,g6f.2xlarge,Windows,eu-central-1a,0.4745,2026-10-08 04:00:00+00:00,8.0,32.0,NVIDIA L4,0.0,5.587890625,Up to 10 Gigabit,1.0,200.0,x86_64,2026-10-08,2026-10-08 20:27:06,
sa-east-1,g4dn.metal,Windows,sa-east-1a,5.7458,2026-10-08 04:00:00+00:00,96.0,384.0,NVIDIA T4,8.0,128.0,100 Gigabit,1.0,1800.0,x86_64,2026-10-08,2026-10-08 20:27:06,0.718225
us-east-1,g5g.16xlarge,Linux,us-east-1a,0.7323,2026-10-08 04:00:00+00:00,64.0,128.0,NVIDIA T4g,2.0,32.0,25 Gigabit,1.0,0.0,arm64,2026-10-08,2026-10-08 20:27:06,0.36615
us-west-2,p4d.24xlarge,Linux,us-west-2b,12.5534,2026-10-08 04:00:00+00:00,96.0,1152.0,NVIDIA A100,8.0,320.0,4x 100 Gigabit,4.0,8000.0,x86_64,2026-10-08,2026-10-08 20:27:06,1.569175
us-east-1,g6.4xlarge,Windows,us-east-1d,0.9202,2026-10-08 04:00:00+00:00,16.0,64.0,NVIDIA L4,1.0,22.3515625,Up to 25 Gigabit,1.0,600.0,x86_64,2026-10-08,2026-10-08 20:27:06,0.9202
us-east-1,g7.12xlarge,Windows,us-east-1a,2.9208,2026-10-08 04:00:00+00:00,48.0,192.0,NVIDIA RTX PRO 4500,2.0,64.0,175 Gigabit,1.0,1900.0,x86_64,2026-10-08,2026-10-08 20:27:06,1.4604
us-east-1,g7.2xlarge,Linux,us-east-1a,0.596,2026-10-08 04:00:00+00:00,8.0,32.0,NVIDIA RTX PRO 4500,1.0,32.0,Up to 60 Gigabit,1.0,440.0,x86_64,2026-10-08,2026-10-08 20:27:06,0.596
us-east-1,g7e.4xlarge,Windows,us-east-1d,1.3197,2026-10-08 04:00:00+00:00,16.0,128.0,NVIDIA RTX PRO Server 6000,1.0,96.0,50 Gigabit,1.0,1900.0,x86_64,2026-10-08,2026-10-08 20:27:06,1.3197
eu-central-1,inf2.8xlarge,Linux,eu-central-1a,1.0477,2026-10-08 04:00:00+00:00,32.0,128.0,Inferentia2,1.0,32.0,Up to 25 Gigabit,1.0,0.0,x86_64,2026-10-08,2026-10-08 20:27:06,1.0477
eu-central-1,inf1.24xlarge,Linux,eu-central-1b,1.5868,2026-10-08 04:00:00+00:00,96.0,192.0,Inferentia,16.0,128.0,100 Gigabit,1.0,0.0,x86_64,2026-10-08,2026-10-08 20:27:06,0.099175
eu-central-1,g7e.2xlarge,Windows,eu-central-1a,1.436,2026-10-08 04:00:00+00:00,8.0,64.0,NVIDIA RTX PRO Server 6000,1.0,96.0,50 Gigabit,1.0,1900.0,x86_64,2026-10-08,2026-10-08 20:27:06,1.436
eu-west-2,g4dn.metal,Linux,eu-west-2b,2.6055,2026-10-08 04:00:00+00:00,96.0,384.0,NVIDIA T4,8.0,128.0,100 Gigabit,1.0,1800.0,x86_64,2026-10-08,2026-10-08 20:27:06,0.3256875
eu-west-2,g5.48xlarge,Windows,eu-west-2a,29.5077,2026-10-08 04:00:00+00:00,192.0,768.0,NVIDIA A10G,8.0,178.8125,100 Gigabit,1.0,7600.0,x86_64,2026-10-08,2026-10-08 20:27:06,3.6884625
eu-central-1,g6.2xlarge,Linux,eu-central-1c,0.5502,2026-10-08 04:00:00+00:00,8.0,32.0,NVIDIA L4,1.0,22.3515625,Up to 10 Gigabit,1.0,450.0,x86_64,2026-10-08,2026-10-08 20:27:06,0.5502
eu-west-2,p4d.24xlarge,Linux,eu-west-2a,28.5449,2026-10-08 04:00:00+00:00,96.0,1152.0,NVIDIA A100,8.0,320.0,4x 100 Gigabit,4.0,8000.0,x86_64,2026-10-08,2026-10-08 20:27:06,3.5681125
us-east-2,g7e.4xlarge,Linux,us-east-2a,3.2756,2026-10-08 04:00:00+00:00,16.0,128.0,NVIDIA RTX PRO Server 6000,1.0,96.0,50 Gigabit,1.0,1900.0,x86_64,2026-10-08,2026-10-08 20:27:06,3.2756
eu-north-1,g7e.12xlarge,Windows,eu-north-1c,4.211,2026-10-08 04:00:00+00:00,48.0,512.0,NVIDIA RTX PRO Server 6000,2.0,192.0,400 Gigabit,1.0,3800.0,x86_64,2026-10-08,2026-10-08 20:27:06,2.1055
eu-north-1,g6f.2xlarge,Windows,eu-north-1b,0.4184,2026-10-08 04:00:00+00:00,8.0,32.0,NVIDIA L4,0.0,5.587890625,Up to 10 Gigabit,1.0,200.0,x86_64,2026-10-08,2026-10-08 20:27:06,
eu-north-1,g6.4xlarge,Windows,eu-north-1b,0.8763,2026-10-08 04:00:00+00:00,16.0,64.0,NVIDIA L4,1.0,22.3515625,Up to 25 Gigabit,1.0,600.0,x86_64,2026-10-08,2026-10-08 20:27:06,0.8763
eu-central-1,g6e.48xlarge,Linux,eu-central-1c,37.6761,2026-10-08 04:00:00+00:00,192.0,1536.0,NVIDIA L40S,8.0,357.625,400 Gigabit,4.0,7600.0,x86_64,2026-10-08,2026-10-08 20:27:06,4.7095125
us-east-1,g5.4xlarge,Windows,us-east-1d,0.8984,2026-10-08 04:00:00+00:00,16.0,64.0,NVIDIA A10G,1.0,22.3515625,Up to 25 Gigabit,1.0,600.0,x86_64,2026-10-08,2026-10-08 20:27:06,0.8984
eu-west-1,inf1.24xlarge,Linux,eu-west-1c,1.2706,2026-10-08 04:00:00+00:00,96.0,192.0,Inferentia,16.0,128.0,100 Gigabit,1.0,0.0,x86_64,2026-10-08,2026-10-08 20:27:06,0.0794125
ap-northeast-1,g6f.4xlarge,Windows,ap-northeast-1a,1.3563,2026-10-08 04:00:00+00:00,16.0,64.0,NVIDIA L4,0.0,11.17578125,Up to 25 Gigabit,1.0,450.0,x86_64,2026-10-08,2026-10-08 20:27:06,
us-west-2,g7.24xlarge,Linux,us-west-2a,4.2334,2026-10-08 04:00:00+00:00,96.0,384.0,NVIDIA RTX PRO 4500,4.0,128.0,350 Gigabit,1.0,3800.0,x86_64,2026-10-08,2026-10-08 20:27:06,1.05835
eu-west-3,g4dn.xlarge,Windows,eu-west-3c,0.2665,2026-10-08 04:00:00+00:00,4.0,16.0,NVIDIA T4,1.0,16.0,Up to 25 Gigabit,1.0,125.0,x86_64,2026-10-08,2026-10-08 20:27:06,0.2665
eu-west-1,g4dn.12xlarge,Windows,eu-west-1a,3.2415,2026-10-08 04:00:00+00:00,48.0,192.0,NVIDIA T4,4.0,64.0,50 Gigabit,1.0,900.0,x86_64,2026-10-08,2026-10-08 20:27:06,0.810375
eu-west-1,g4dn.xlarge,Linux,eu-west-1a,0.3635,2026-10-08 04:00:00+00:00,4.0,16.0,NVIDIA T4,1.0,16.0,Up to 25 Gigabit,1.0,125.0,x86_64,2026-10-08,2026-10-08 20:27:06,0.3635
eu-west-1,g5.16xlarge,Windows,eu-west-1a,4.0877,2026-10-08 04:00:00+00:00,64.0,256.0,NVIDIA A10G,1.0,22.3515625,25 Gigabit,1.0,1900.0,x86_64,2026-10-08,2026-10-08 20:27:06,4.0877
ap-northeast-1,g6.4xlarge,Windows,ap-northeast-1c,1.5997,2026-10-08 04:00:00+00:00,16.0,64.0,NVIDIA L4,1.0,22.3515625,Up to 25 Gigabit,1.0,600.0,x86_64,2026-10-08,2026-10-08 20:27:06,1.5997
ap-southeast-2,inf2.xlarge,Linux,ap-southeast-2b,0.3465,2026-10-08 04:00:00+00:00,4.0,16.0,Inferentia2,1.0,32.0,Up to 15 Gigabit,1.0,0.0,x86_64,2026-10-08,2026-10-08 20:27:06,0.3465
us-east-1,g4dn.metal,Linux,us-east-1a,5.6488,2026-10-08 04:00:00+00:00,96.0,384.0,NVIDIA T4,8.0,128.0,100 Gigabit,1.0,1800.0,x86_64,2026-10-08,2026-10-08 20:27:06,0.7061
ap-northeast-1,g7e.2xlarge,Linux,ap-northeast-1c,2.6796,2026-10-08 04:00:00+00:00,8.0,64.0,NVIDIA RTX PRO Server 6000,1.0,96.0,50 Gigabit,1.0,1900.0,x86_64,2026-10-08,2026-10-08 20:27:06,2.6796
ap-northeast-1,g6e.8xlarge,Windows,ap-northeast-1c,4.4277,2026-10-08 04:00:00+00:00,32.0,256.0,NVIDIA L40S,1.0,44.703125,25 Gigabit,1.0,900.0,x86_64,2026-10-08,2026-10-08 20:27:06,4.4277
eu-west-3,g5.48xlarge,Windows,eu-west-3c,29.5077,2026-10-08 04:00:00+00:00,192.0,768.0,NVIDIA A10G,8.0,178.8125,100 Gigabit,1.0,7600.0,x86_64,2026-10-08,2026-10-08 20:27:06,3.6884625
ap-northeast-1,g6e.12xlarge,Linux,ap-northeast-1a,7.1543,2026-10-08 04:00:00+00:00,48.0,384.0,NVIDIA L40S,4.0,178.8125,100 Gigabit,1.0,3800.0,x86_64,2026-10-08,2026-10-08 20:27:06,1.788575
eu-west-3,g4dn.2xlarge,Linux,eu-west-3c,0.1934,2026-10-08 04:00:00+00:00,8.0,32.0,NVIDIA T4,1.0,16.0,Up to 25 Gigabit,1.0,225.0,x86_64,2026-10-08,2026-10-08 20:27:06,0.1934
us-west-2,trn1.32xlarge,Linux,us-west-2b,6.0259,2026-10-08 04:00:00+00:00,128.0,512.0,Trainium,16.0,512.0,8x 100 Gigabit,8.0,7600.0,x86_64,2026-10-08,2026-10-08 20:27:06,0.37661875
ap-northeast-2,g5g.2xlarge,Linux,ap-northeast-2c,0.3094,2026-10-08 04:00:00+00:00,8.0,16.0,NVIDIA T4g,1.0,16.0,Up to 10 Gigabit,1.0,0.0,arm64,2026-10-08,2026-10-08 20:27:06,0.3094
ap-northeast-2,g6f.2xlarge,Windows,ap-northeast-2a,0.631,2026-10-08 04:00:00+00:00,8.0,32.0,NVIDIA L4,0.0,5.587890625,Up to 10 Gigabit,1.0,200.0,x86_64,2026-10-08,2026-10-08 20:27:06,
ap-northeast-2,g6f.2xlarge,Windows,ap-northeast-2c,0.6313,2026-10-08 04:00:00+00:00,8.0,32.0,NVIDIA L4,0.0,5.587890625,Up to 10 Gigabit,1.0,200.0,x86_64,2026-10-08,2026-10-08 20:27:06,
us-west-2,gr6.8xlarge,Windows,us-west-2d,1.9483,2026-10-08 04:00:00+00:00,32.0,256.0,NVIDIA L4,1.0,22.3515625,25 Gigabit,1.0,900.0,x86_64,2026-10-08,2026-10-08 20:27:06,1.9483
eu-west-3,g5.8xlarge,Linux,eu-west-3c,3.1075,2026-10-08 03:00:00+00:00,32.0,128.0,NVIDIA A10G,1.0,22.3515625,25 Gigabit,1.0,900.0,x86_64,2026-10-08,2026-10-08 20:27:06,3.1075
eu-west-3,g5.16xlarge,Windows,eu-west-3c,8.1434,2026-10-06 12:00:00+00:00,64.0,256.0,NVIDIA A10G,1.0,22.3515625,25 Gigabit,1.0,1900.0,x86_64,2026-10-08,2026-10-08 20:27:06,8.1434
eu-west-3,g5.16xlarge,Linux,eu-west-3c,5.1994,2026-10-06 08:00:00+00:00,64.0,256.0,NVIDIA A10G,1.0,22.3515625,25 Gigabit,1.0,1900.0,x86_64,2026-10-08,2026-10-08 20:27:06,5.1994
ap-northeast-1,g4ad.xlarge,Linux,ap-northeast-1a,0.3512,2026-10-02 22:00:00+00:00,,,,,,,,,,2026-10-08,2026-10-08 20:27:06,
eu-west-2,g4ad.xlarge,Linux,eu-west-2a,0.1166,2026-10-02 22:00:00+00:00,,,,,,,,,,2026-10-08,2026-10-08 20:27:06,
eu-west-2,g4ad.16xlarge,Windows,eu-west-2c,3.5063,2026-10-02 22:00:00+00:00,,,,,,,,,,2026-10-08,2026-10-08 20:27:06,
ap-northeast-1,g4ad.xlarge,Windows,ap-northeast-1d,0.5335,2026-10-02 22:00:00+00:00,,,,,,,,,,2026-10-08,2026-10-08 20:27:06,
ap-northeast-1,g4ad.8xlarge,Windows,ap-northeast-1d,3.114,2026-10-02 22:00:00+00:00,,,,,,,,,,2026-10-08,2026-10-08 20:27:06,
ap-northeast-1,g4ad.8xlarge,Linux,ap-northeast-1d,1.5985,2026-10-02 22:00:00+00:00,,,,,,,,,,2026-10-08,2026-10-08 20:27:06,
ap-northeast-1,g4ad.8xlarge,Linux,ap-northeast-1c,1.6287,2026-10-02 22:00:00+00:00,,,,,,,,,,2026-10-08,2026-10-08 20:27:06,
ap-northeast-1,g4ad.16xlarge,Linux,ap-northeast-1d,3.0021,2026-10-02 22:00:00+00:00,,,,,,,,,,2026-10-08,2026-10-08 20:27:06,
ap-northeast-1,g4ad.xlarge,Windows,ap-northeast-1a,0.5259,2026-10-02 22:00:00+00:00,,,,,,,,,,2026-10-08,2026-10-08 20:27:06,
ap-northeast-1,g4ad.8xlarge,Windows,ap-northeast-1a,2.9604,2026-10-02 21:00:00+00:00,,,,,,,,,,2026-10-08,2026-10-08 20:27:06,
eu-west-1,g4ad.xlarge,Windows,eu-west-1a,0.3155,2026-10-02 21:00:00+00:00,,,,,,,,,,2026-10-08,2026-10-08 20:27:06,
ap-northeast-1,g4ad.xlarge,Windows,ap-northeast-1c,0.6437,2026-10-02 21:00:00+00:00,,,,,,,,,,2026-10-08,2026-10-08 20:27:06,
ap-northeast-1,g4ad.4xlarge,Windows,ap-northeast-1a,1.5075,2026-10-02 21:00:00+00:00,,,,,,,,,,2026-10-08,2026-10-08 20:27:06,
ap-northeast-1,g4ad.4xlarge,Windows,ap-northeast-1c,1.789,2026-10-02 21:00:00+00:00,,,,,,,,,,2026-10-08,2026-10-08 20:27:06,
ap-northeast-1,g4ad.4xlarge,Linux,ap-northeast-1c,1.053,2026-10-02 21:00:00+00:00,,,,,,,,,,2026-10-08,2026-10-08 20:27:06,
ap-northeast-1,g4ad.2xlarge,Windows,ap-northeast-1a,0.8415,2026-10-02 21:00:00+00:00,,,,,,,,,,2026-10-08,2026-10-08 20:27:06,
eu-central-1,g4ad.xlarge,Linux,eu-central-1b,0.1313,2026-10-02 21:00:00+00:00,,,,,,,,,,2026-10-08,2026-10-08 20:27:06,
eu-central-1,g4ad.xlarge,Windows,eu-central-1a,0.3145,2026-10-02 21:00:00+00:00,,,,,,,,,,2026-10-08,2026-10-08 20:27:06,
eu-central-1,g4ad.xlarge,Windows,eu-central-1b,0.3162,2026-10-02 21:00:00+00:00,,,,,,,,,,2026-10-08,2026-10-08 20:27:06,
eu-central-1,g4ad.4xlarge,Windows,eu-central-1a,1.0477,2026-10-02 21:00:00+00:00,,,,,,,,,,2026-10-08,2026-10-08 20:27:06,
eu-west-1,g4ad.8xlarge,Windows,eu-west-1a,2.0861,2026-10-02 21:00:00+00:00,,,,,,,,,,2026-10-08,2026-10-08 20:27:06,
eu-west-1,g4ad.4xlarge,Windows,eu-west-1a,1.016,2026-10-02 21:00:00+00:00,,,,,,,,,,2026-10-08,2026-10-08 20:27:06,
eu-west-1,g4ad.4xlarge,Linux,eu-west-1a,0.4958,2026-10-02 21:00:00+00:00,,,,,,,,,,2026-10-08,2026-10-08 20:27:06,
eu-west-1,g4ad.4xlarge,Linux,eu-west-1c,0.5116,2026-10-02 21:00:00+00:00,,,,,,,,,,2026-10-08,2026-10-08 20:27:06,
eu-west-1,g4ad.16xlarge,Linux,eu-west-1a,1.4697,2026-10-02 21:00:00+00:00,,,,,,,,,,2026-10-08,2026-10-08 20:27:06,
ap-northeast-1,g4ad.8xlarge,Linux,ap-northeast-1a,1.5875,2026-10-02 21:00:00+00:00,,,,,,,,,,2026-10-08,2026-10-08 20:27:06,
eu-central-1,g4ad.4xlarge,Linux,eu-central-1a,0.5663,2026-10-02 21:00:00+00:00,,,,,,,,,,2026-10-08,2026-10-08 20:27:06,
eu-central-1,g4ad.16xlarge,Linux,eu-central-1a,2.4433,2026-10-02 21:00:00+00:00,,,,,,,,,,2026-10-08,2026-10-08 20:27:06,
eu-central-1,g4ad.xlarge,Linux,eu-central-1a,0.1268,2026-10-02 20:00:00+00:00,,,,,,,,,,2026-10-08,2026-10-08 20:27:06,
eu-central-1,g4ad.2xlarge,Windows,eu-central-1b,0.5463,2026-10-02 20:00:00+00:00,,,,,,,,,,2026-10-08,2026-10-08 20:27:06,
ap-northeast-1,g4ad.16xlarge,Windows,ap-northeast-1d,5.9328,2026-10-02 20:00:00+00:00,,,,,,,,,,2026-10-08,2026-10-08 20:27:06,
us-east-2,g4ad.16xlarge,Linux,us-east-2c,2.0545,2026-10-02 20:00:00+00:00,,,,,,,,,,2026-10-08,2026-10-08 20:27:06,
us-east-2,g4ad.8xlarge,Linux,us-east-2b,0.9791,2026-10-02 20:00:00+00:00,,,,,,,,,,2026-10-08,2026-10-08 20:27:06,
eu-west-1,g4ad.16xlarge,Linux,eu-west-1b,1.9091,2026-10-02 20:00:00+00:00,,,,,,,,,,2026-10-08,2026-10-08 20:27:06,
eu-west-1,g4ad.16xlarge,Windows,eu-west-1c,3.9657,2026-10-02 20:00:00+00:00,,,,,,,,,,2026-10-08,2026-10-08 20:27:06,
eu-west-1,g4ad.2xlarge,Windows,eu-west-1a,0.5591,2026-10-02 20:00:00+00:00,,,,,,,,,,2026-10-08,2026-10-08 20:27:06,
eu-west-1,g4ad.8xlarge,Windows,eu-west-1b,1.9974,2026-10-02 20:00:00+00:00,,,,,,,,,,2026-10-08,2026-10-08 20:27:06,
eu-west-1,g4ad.xlarge,Linux,eu-west-1b,0.1638,2026-10-02 20:00:00+00:00,,,,,,,,,,2026-10-08,2026-10-08 20:27:06,
ap-northeast-1,g4ad.2xlarge,Windows,ap-northeast-1c,1.0253,2026-10-02 20:00:00+00:00,,,,,,,,,,2026-10-08,2026-10-08 20:27:06,
ap-northeast-1,g4ad.2xlarge,Linux,ap-northeast-1a,0.4691,2026-10-02 20:00:00+00:00,,,,,,,,,,2026-10-08,2026-10-08 20:27:06,
ap-northeast-1,g4ad.16xlarge,Windows,ap-northeast-1a,5.9077,2026-10-02 20:00:00+00:00,,,,,,,,,,2026-10-08,2026-10-08 20:27:06,
ap-northeast-1,g4ad.16xlarge,Linux,ap-northeast-1a,2.8492,2026-10-02 20:00:00+00:00,,,,,,,,,,2026-10-08,2026-10-08 20:27:06,
us-east-2,g4ad.16xlarge,Linux,us-east-2b,2.0419,2026-10-02 20:00:00+00:00,,,,,,,,,,2026-10-08,2026-10-08 20:27:06,
us-east-2,g4ad.4xlarge,Windows,us-east-2a,1.2195,2026-10-02 20:00:00+00:00,,,,,,,,,,2026-10-08,2026-10-08 20:27:06,
eu-central-1,g4ad.2xlarge,Linux,eu-central-1a,0.2666,2026-10-02 20:00:00+00:00,,,,,,,,,,2026-10-08,2026-10-08 20:27:06,
ca-central-1,g4ad.8xlarge,Windows,ca-central-1a,1.8278,2026-10-02 20:00:00+00:00,,,,,,,,,,2026-10-08,2026-10-08 20:27:06,
ca-central-1,g4ad.4xlarge,Linux,ca-central-1a,0.2969,2026-10-02 20:00:00+00:00,,,,,,,,,,2026-10-08,2026-10-08 20:27:06,
eu-west-2,g4ad.xlarge,Windows,eu-west-2a,0.2974,2026-10-02 20:00:00+00:00,,,,,,,,,,2026-10-08,2026-10-08 20:27:06,
eu-west-2,g4ad.4xlarge,Linux,eu-west-2a,0.3924,2026-10-02 20:00:00+00:00,,,,,,,,,,2026-10-08,2026-10-08 20:27:06,
eu-west-2,g4ad.2xlarge,Windows,eu-west-2a,0.4725,2026-10-02 20:00:00+00:00,,,,,,,,,,2026-10-08,2026-10-08 20:27:06,
ca-central-1,g4ad.16xlarge,Windows,ca-central-1b,3.6706,2026-10-02 20:00:00+00:00,,,,,,,,,,2026-10-08,2026-10-08 20:27:06,
ca-central-1,g4ad.16xlarge,Windows,ca-central-1a,3.4754,2026-10-02 20:00:00+00:00,,,,,,,,,,2026-10-08,2026-10-08 20:27:06,
ca-central-1,g4ad.2xlarge,Linux,ca-central-1b,0.1685,2026-10-02 19:00:00+00:00,,,,,,,,,,2026-10-08,2026-10-08 20:27:06,
ap-northeast-1,g4ad.16xlarge,Linux,ap-northeast-1c,4.212,2026-10-02 19:00:00+00:00,,,,,,,,,,2026-10-08,2026-10-08 20:27:06,
ap-northeast-1,g4ad.4xlarge,Windows,ap-northeast-1d,1.5146,2026-10-02 19:00:00+00:00,,,,,,,,,,2026-10-08,2026-10-08 20:27:06,
eu-central-1,g4ad.4xlarge,Windows,eu-central-1b,1.0336,2026-10-02 19:00:00+00:00,,,,,,,,,,2026-10-08,2026-10-08 20:27:06,
ca-central-1,g4ad.xlarge,Linux,ca-central-1b,0.1572,2026-10-02 19:00:00+00:00,,,,,,,,,,2026-10-08,2026-10-08 20:27:06,
ca-central-1,g4ad.8xlarge,Linux,ca-central-1a,0.8673,2026-10-02 19:00:00+00:00,,,,,,,,,,2026-10-08,2026-10-08 20:27:06,
ca-central-1,g4ad.4xlarge,Linux,ca-central-1b,0.4183,2026-10-02 19:00:00+00:00,,,,,,,,,,2026-10-08,2026-10-08 20:27:06,
ca-central-1,g4ad.2xlarge,Windows,ca-central-1b,0.4812,2026-10-02 19:00:00+00:00,,,,,,,,,,2026-10-08,2026-10-08 20:27:06,
ca-central-1,g4ad.2xlarge,Linux,ca-central-1a,0.3226,2026-10-02 19:00:00+00:00,,,,,,,,,,2026-10-08,2026-10-08 20:27:06,
eu-central-1,g4ad.8xlarge,Windows,eu-central-1a,2.1294,2026-10-02 19:00:00+00:00,,,,,,,,,,2026-10-08,2026-10-08 20:27:06,
eu-west-2,g4ad.8xlarge,Windows,eu-west-2a,1.7677,2026-10-02 19:00:00+00:00,,,,,,,,,,2026-10-08,2026-10-08 20:27:06,
eu-west-1,g4ad.4xlarge,Windows,eu-west-1b,1.0017,2026-10-02 19:00:00+00:00,,,,,,,,,,2026-10-08,2026-10-08 20:27:06,
eu-west-2,g4ad.16xlarge,Linux,eu-west-2c,0.544,2026-10-02 19:00:00+00:00,,,,,,,,,,2026-10-08,2026-10-08 20:27:06,
eu-west-2,g4ad.xlarge,Linux,eu-west-2c,0.1485,2026-10-02 19:00:00+00:00,,,,,,,,,,2026-10-08,2026-10-08 20:27:06,
eu-west-1,g4ad.xlarge,Linux,eu-west-1a,0.1991,2026-10-02 19:00:00+00:00,,,,,,,,,,2026-10-08,2026-10-08 20:27:06,
eu-west-1,g4ad.8xlarge,Linux,eu-west-1c,1.056,2026-10-02 19:00:00+00:00,,,,,,,,,,2026-10-08,2026-10-08 20:27:06,
eu-west-1,g4ad.xlarge,Windows,eu-west-1b,0.3102,2026-10-02 19:00:00+00:00,,,,,,,,,,2026-10-08,2026-10-08 20:27:06,
eu-central-1,g4ad.16xlarge,Windows,eu-central-1b,4.2237,2026-10-02 19:00:00+00:00,,,,,,,,,,2026-10-08,2026-10-08 20:27:06,
eu-central-1,g4ad.2xlarge,Linux,eu-central-1b,0.224,2026-10-02 19:00:00+00:00,,,,,,,,,,2026-10-08,2026-10-08 20:27:06,
eu-central-1,g4ad.2xlarge,Windows,eu-central-1a,0.5511,2026-10-02 19:00:00+00:00,,,,,,,,,,2026-10-08,2026-10-08 20:27:06,
eu-central-1,g4ad.4xlarge,Linux,eu-central-1b,0.6351,2026-10-02 19:00:00+00:00,,,,,,,,,,2026-10-08,2026-10-08 20:27:06,
eu-west-1,g4ad.2xlarge,Windows,eu-west-1c,0.5596,2026-10-02 18:00:00+00:00,,,,,,,,,,2026-10-08,2026-10-08 20:27:06,
eu-west-2,g4ad.2xlarge,Linux,eu-west-2a,0.3175,2026-10-02 18:00:00+00:00,,,,,,,,,,2026-10-08,2026-10-08 20:27:06,
us-east-2,g4ad.16xlarge,Windows,us-east-2a,4.9136,2026-10-02 18:00:00+00:00,,,,,,,,,,2026-10-08,2026-10-08 20:27:06,
us-west-2,g4ad.16xlarge,Windows,us-west-2a,3.9076,2026-10-02 18:00:00+00:00,,,,,,,,,,2026-10-08,2026-10-08 20:27:06,
us-west-2,g4ad.4xlarge,Linux,us-west-2c,0.3575,2026-10-02 18:00:00+00:00,,,,,,,,,,2026-10-08,2026-10-08 20:27:06,
us-west-2,g4ad.4xlarge,Windows,us-west-2c,0.9661,2026-10-02 18:00:00+00:00,,,,,,,,,,2026-10-08,2026-10-08 20:27:06,
us-west-2,g4ad.8xlarge,Linux,us-west-2a,0.6502,2026-10-02 18:00:00+00:00,,,,,,,,,,2026-10-08,2026-10-08 20:27:06,
eu-west-2,g4ad.2xlarge,Linux,eu-west-2c,0.1838,2026-10-02 18:00:00+00:00,,,,,,,,,,2026-10-08,2026-10-08 20:27:06,
eu-west-2,g4ad.8xlarge,Windows,eu-west-2c,2.1232,2026-10-02 18:00:00+00:00,,,,,,,,,,2026-10-08,2026-10-08 20:27:06,
eu-west-2,g4ad.8xlarge,Linux,eu-west-2a,0.6407,2026-10-02 18:00:00+00:00,,,,,,,,,,2026-10-08,2026-10-08 20:27:06,
eu-west-1,g4ad.16xlarge,Windows,eu-west-1b,4.0362,2026-10-02 18:00:00+00:00,,,,,,,,,,2026-10-08,2026-10-08 20:27:06,
us-west-2,g4ad.8xlarge,Windows,us-west-2a,1.9284,2026-10-02 18:00:00+00:00,,,,,,,,,,2026-10-08,2026-10-08 20:27:06,
us-west-2,g4ad.xlarge,Linux,us-west-2a,0.1677,2026-10-02 18:00:00+00:00,,,,,,,,,,2026-10-08,2026-10-08 20:27:06,
us-west-2,g4ad.xlarge,Windows,us-west-2b,0.2965,2026-10-02 18:00:00+00:00,,,,,,,,,,2026-10-08,2026-10-08 20:27:06,
us-east-2,g4ad.xlarge,Windows,us-east-2a,0.4319,2026-10-02 18:00:00+00:00,,,,,,,,,,2026-10-08,2026-10-08 20:27:06,
us-east-2,g4ad.xlarge,Linux,us-east-2a,0.2603,2026-10-02 18:00:00+00:00,,,,,,,,,,2026-10-08,2026-10-08 20:27:06,
ap-northeast-1,g4ad.16xlarge,Windows,ap-northeast-1c,7.156,2026-10-02 18:00:00+00:00,,,,,,,,,,2026-10-08,2026-10-08 20:27:06,
ap-northeast-1,g4ad.2xlarge,Linux,ap-northeast-1d,0.5008,2026-10-02 18:00:00+00:00,,,,,,,,,,2026-10-08,2026-10-08 20:27:06,
us-east-2,g4ad.8xlarge,Linux,us-east-2a,0.955,2026-10-02 18:00:00+00:00,,,,,,,,,,2026-10-08,2026-10-08 20:27:06,
us-east-2,g4ad.2xlarge,Windows,us-east-2c,0.7113,2026-10-02 18:00:00+00:00,,,,,,,,,,2026-10-08,2026-10-08 20:27:06,
us-east-2,g4ad.2xlarge,Windows,us-east-2b,0.7086,2026-10-02 18:00:00+00:00,,,,,,,,,,2026-10-08,2026-10-08 20:27:06,
eu-west-1,g4ad.2xlarge,Linux,eu-west-1a,0.3008,2026-10-02 18:00:00+00:00,,,,,,,,,,2026-10-08,2026-10-08 20:27:06,
us-east-2,g4ad.2xlarge,Linux,us-east-2a,0.3516,2026-10-02 18:00:00+00:00,,,,,,,,,,2026-10-08,2026-10-08 20:27:06,
us-east-1,g4ad.8xlarge,Windows,us-east-1d,1.8834,2026-10-02 18:00:00+00:00,,,,,,,,,,2026-10-08,2026-10-08 20:27:06,
us-west-2,g4ad.16xlarge,Linux,us-west-2a,1.6196,2026-10-02 18:00:00+00:00,,,,,,,,,,2026-10-08,2026-10-08 20:27:06,
us-east-1,g4ad.8xlarge,Windows,us-east-1a,1.8639,2026-10-02 18:00:00+00:00,,,,,,,,,,2026-10-08,2026-10-08 20:27:06,
us-east-1,g4ad.8xlarge,Linux,us-east-1a,0.6054,2026-10-02 18:00:00+00:00,,,,,,,,,,2026-10-08,2026-10-08 20:27:06,
us-east-1,g4ad.4xlarge,Linux,us-east-1c,0.3931,2026-10-02 18:00:00+00:00,,,,,,,,,,2026-10-08,2026-10-08 20:27:06,
us-east-1,g4ad.2xlarge,Windows,us-east-1d,0.613,2026-10-02 18:00:00+00:00,,,,,,,,,,2026-10-08,2026-10-08 20:27:06,
us-east-1,g4ad.xlarge,Linux,us-east-1c,0.1269,2026-10-02 18:00:00+00:00,,,,,,,,,,2026-10-08,2026-10-08 20:27:06,
eu-central-1,g4ad.16xlarge,Linux,eu-central-1b,3.7447,2026-10-02 18:00:00+00:00,,,,,,,,,,2026-10-08,2026-10-08 20:27:06,
eu-central-1,g4ad.8xlarge,Linux,eu-central-1b,1.03,2026-10-02 18:00:00+00:00,,,,,,,,,,2026-10-08,2026-10-08 20:27:06,
eu-central-1,g4ad.16xlarge,Windows,eu-central-1a,4.2096,2026-10-02 18:00:00+00:00,,,,,,,,,,2026-10-08,2026-10-08 20:27:06,
us-east-2,g4ad.4xlarge,Linux,us-east-2c,0.488,2026-10-02 17:00:00+00:00,,,,,,,,,,2026-10-08,2026-10-08 20:27:06,
us-east-2,g4ad.16xlarge,Windows,us-east-2b,5.0452,2026-10-02 17:00:00+00:00,,,,,,,,,,2026-10-08,2026-10-08 20:27:06,
us-east-2,g4ad.2xlarge,Linux,us-east-2b,0.3417,2026-10-02 17:00:00+00:00,,,,,,,,,,2026-10-08,2026-10-08 20:27:06,
us-east-2,g4ad.4xlarge,Linux,us-east-2a,0.479,2026-10-02 17:00:00+00:00,,,,,,,,,,2026-10-08,2026-10-08 20:27:06,
us-east-2,g4ad.xlarge,Linux,us-east-2c,0.2446,2026-10-02 17:00:00+00:00,,,,,,,,,,2026-10-08,2026-10-08 20:27:06,
us-east-2,g4ad.8xlarge,Windows,us-east-2c,2.4451,2026-10-02 17:00:00+00:00,,,,,,,,,,2026-10-08,2026-10-08 20:27:06,
us-west-2,g4ad.16xlarge,Windows,us-west-2c,3.8976,2026-10-02 17:00:00+00:00,,,,,,,,,,2026-10-08,2026-10-08 20:27:06,
us-east-2,g4ad.4xlarge,Windows,us-east-2b,1.2452,2026-10-02 17:00:00+00:00,,,,,,,,,,2026-10-08,2026-10-08 20:27:06,
us-west-2,g4ad.4xlarge,Windows,us-west-2b,0.9437,2026-10-02 17:00:00+00:00,,,,,,,,,,2026-10-08,2026-10-08 20:27:06,
us-west-2,g4ad.8xlarge,Windows,us-west-2c,1.9317,2026-10-02 17:00:00+00:00,,,,,,,,,,2026-10-08,2026-10-08 20:27:06,
us-east-2,g4ad.xlarge,Windows,us-east-2b,0.435,2026-10-02 17:00:00+00:00,,,,,,,,,,2026-10-08,2026-10-08 20:27:06,
us-west-2,g4ad.8xlarge,Windows,us-west-2b,1.9606,2026-10-02 17:00:00+00:00,,,,,,,,,,2026-10-08,2026-10-08 20:27:06,
eu-west-2,g4ad.8xlarge,Linux,eu-west-2c,0.6649,2026-10-02 17:00:00+00:00,,,,,,,,,,2026-10-08,2026-10-08 20:27:06,
eu-west-2,g4ad.16xlarge,Windows,eu-west-2a,3.392,2026-10-02 17:00:00+00:00,,,,,,,,,,2026-10-08,2026-10-08 20:27:06,
us-east-2,g4ad.8xlarge,Windows,us-east-2a,2.3961,2026-10-02 17:00:00+00:00,,,,,,,,,,2026-10-08,2026-10-08 20:27:06,
ca-central-1,g4ad.16xlarge,Linux,ca-central-1a,0.6925,2026-10-02 17:00:00+00:00,,,,,,,,,,2026-10-08,2026-10-08 20:27:06,
ca-central-1,g4ad.16xlarge,Linux,ca-central-1b,1.7043,2026-10-02 17:00:00+00:00,,,,,,,,,,2026-10-08,2026-10-08 20:27:06,
eu-west-2,g4ad.2xlarge,Windows,eu-west-2c,0.4646,2026-10-02 17:00:00+00:00,,,,,,,,,,2026-10-08,2026-10-08 20:27:06,
us-east-1,g4ad.4xlarge,Linux,us-east-1b,0.4796,2026-10-02 17:00:00+00:00,,,,,,,,,,2026-10-08,2026-10-08 20:27:06,
eu-west-1,g4ad.4xlarge,Linux,eu-west-1b,0.4757,2026-10-02 17:00:00+00:00,,,,,,,,,,2026-10-08,2026-10-08 20:27:06,
eu-west-1,g4ad.8xlarge,Linux,eu-west-1a,1.1187,2026-10-02 17:00:00+00:00,,,,,,,,,,2026-10-08,2026-10-08 20:27:06,
eu-west-1,g4ad.8xlarge,Linux,eu-west-1b,1.0398,2026-10-02 17:00:00+00:00,,,,,,,,,,2026-10-08,2026-10-08 20:27:06,
eu-west-1,g4ad.8xlarge,Windows,eu-west-1c,1.9737,2026-10-02 17:00:00+00:00,,,,,,,,,,2026-10-08,2026-10-08 20:27:06,
eu-west-1,g4ad.xlarge,Windows,eu-west-1c,0.3158,2026-10-02 17:00:00+00:00,,,,,,,,,,2026-10-08,2026-10-08 20:27:06,
us-east-1,g4ad.16xlarge,Linux,us-east-1c,2.8454,2026-10-02 17:00:00+00:00,,,,,,,,,,2026-10-08,2026-10-08 20:27:06,
us-west-2,g4ad.16xlarge,Linux,us-west-2c,1.6734,2026-10-02 17:00:00+00:00,,,,,,,,,,2026-10-08,2026-10-08 20:27:06,
us-east-1,g4ad.8xlarge,Windows,us-east-1c,1.8563,2026-10-02 17:00:00+00:00,,,,,,,,,,2026-10-08,2026-10-08 20:27:06,
us-east-1,g4ad.xlarge,Windows,us-east-1b,0.2945,2026-10-02 17:00:00+00:00,,,,,,,,,,2026-10-08,2026-10-08 20:27:06,
ap-northeast-1,g4ad.8xlarge,Windows,ap-northeast-1c,2.9805,2026-10-02 17:00:00+00:00,,,,,,,,,,2026-10-08,2026-10-08 20:27:06,
ap-northeast-1,g4ad.4xlarge,Linux,ap-northeast-1a,0.7407,2026-10-02 17:00:00+00:00,,,,,,,,,,2026-10-08,2026-10-08 20:27:06,
ap-northeast-1,g4ad.4xlarge,Linux,ap-northeast-1d,0.7891,2026-10-02 17:00:00+00:00,,,,,,,,,,2026-10-08,2026-10-08 20:27:06,
us-west-2,g4ad.xlarge,Windows,us-west-2a,0.299,2026-10-02 16:00:00+00:00,,,,,,,,,,2026-10-08,2026-10-08 20:27:06,
us-west-2,g4ad.2xlarge,Linux,us-west-2a,0.2801,2026-10-02 16:00:00+00:00,,,,,,,,,,2026-10-08,2026-10-08 20:27:06,
us-west-2,g4ad.4xlarge,Windows,us-west-2a,0.9765,2026-10-02 16:00:00+00:00,,,,,,,,,,2026-10-08,2026-10-08 20:27:06,
us-west-2,g4ad.8xlarge,Linux,us-west-2b,0.8031,2026-10-02 16:00:00+00:00,,,,,,,,,,2026-10-08,2026-10-08 20:27:06,
ap-northeast-1,g4ad.xlarge,Linux,ap-northeast-1c,0.4597,2026-10-02 16:00:00+00:00,,,,,,,,,,2026-10-08,2026-10-08 20:27:06,
eu-central-1,g4ad.8xlarge,Windows,eu-central-1b,2.0179,2026-10-02 16:00:00+00:00,,,,,,,,,,2026-10-08,2026-10-08 20:27:06,
eu-central-1,g4ad.8xlarge,Linux,eu-central-1a,0.859,2026-10-02 16:00:00+00:00,,,,,,,,,,2026-10-08,2026-10-08 20:27:06,
us-east-1,g4ad.2xlarge,Windows,us-east-1b,0.6121,2026-10-02 16:00:00+00:00,,,,,,,,,,2026-10-08,2026-10-08 20:27:06,
us-west-2,g4ad.xlarge,Windows,us-west-2c,0.3015,2026-10-02 16:00:00+00:00,,,,,,,,,,2026-10-08,2026-10-08 20:27:06,
eu-west-1,g4ad.16xlarge,Windows,eu-west-1a,4.075,2026-10-02 16:00:00+00:00,,,,,,,,,,2026-10-08,2026-10-08 20:27:06,
us-east-1,g4ad.16xlarge,Linux,us-east-1d,2.7641,2026-10-02 16:00:00+00:00,,,,,,,,,,2026-10-08,2026-10-08 20:27:06,
us-east-1,g4ad.16xlarge,Linux,us-east-1b,3.2291,2026-10-02 16:00:00+00:00,,,,,,,,,,2026-10-08,2026-10-08 20:27:06,
eu-west-1,g4ad.2xlarge,Linux,eu-west-1b,0.2348,2026-10-02 16:00:00+00:00,,,,,,,,,,2026-10-08,2026-10-08 20:27:06,
eu-west-1,g4ad.2xlarge,Windows,eu-west-1b,0.5481,2026-10-02 16:00:00+00:00,,,,,,,,,,2026-10-08,2026-10-08 20:27:06,
us-east-1,g4ad.4xlarge,Windows,us-east-1b,0.9541,2026-10-02 16:00:00+00:00,,,,,,,,,,2026-10-08,2026-10-08 20:27:06,
us-east-2,g4ad.2xlarge,Windows,us-east-2a,0.7064,2026-10-02 16:00:00+00:00,,,,,,,,,,2026-10-08,2026-10-08 20:27:06,
us-east-2,g4ad.8xlarge,Windows,us-east-2b,2.4018,2026-10-02 16:00:00+00:00,,,,,,,,,,2026-10-08,2026-10-08 20:27:06,
us-east-2,g4ad.xlarge,Linux,us-east-2b,0.2571,2026-10-02 16:00:00+00:00,,,,,,,,,,2026-10-08,2026-10-08 20:27:06,
us-east-2,g4ad.xlarge,Windows,us-east-2c,0.4143,2026-10-02 16:00:00+00:00,,,,,,,,,,2026-10-08,2026-10-08 20:27:06,
ca-central-1,g4ad.8xlarge,Linux,ca-central-1b,0.4191,2026-10-02 16:00:00+00:00,,,,,,,,,,2026-10-08,2026-10-08 20:27:06,
ca-central-1,g4ad.xlarge,Linux,ca-central-1a,0.1705,2026-10-02 16:00:00+00:00,,,,,,,,,,2026-10-08,2026-10-08 20:27:06,
ca-central-1,g4ad.xlarge,Windows,ca-central-1a,0.2944,2026-10-02 16:00:00+00:00,,,,,,,,,,2026-10-08,2026-10-08 20:27:06,
ca-central-1,g4ad.xlarge,Windows,ca-central-1b,0.2943,2026-10-02 16:00:00+00:00,,,,,,,,,,2026-10-08,2026-10-08 20:27:06,
us-east-1,g4ad.16xlarge,Windows,us-east-1b,3.8639,2026-10-02 16:00:00+00:00,,,,,,,,,,2026-10-08,2026-10-08 20:27:06,
eu-west-2,g4ad.xlarge,Windows,eu-west-2c,0.2818,2026-10-02 16:00:00+00:00,,,,,,,,,,2026-10-08,2026-10-08 20:27:06,
eu-west-2,g4ad.4xlarge,Windows,eu-west-2c,0.8987,2026-10-02 16:00:00+00:00,,,,,,,,,,2026-10-08,2026-10-08 20:27:06,
eu-west-2,g4ad.4xlarge,Linux,eu-west-2c,0.3709,2026-10-02 16:00:00+00:00,,,,,,,,,,2026-10-08,2026-10-08 20:27:06,
eu-west-2,g4ad.16xlarge,Linux,eu-west-2a,0.492,2026-10-02 16:00:00+00:00,,,,,,,,,,2026-10-08,2026-10-08 20:27:06,
eu-west-1,g4ad.2xlarge,Linux,eu-west-1c,0.2879,2026-10-02 16:00:00+00:00,,,,,,,,,,2026-10-08,2026-10-08 20:27:06,
us-east-2,g4ad.2xlarge,Linux,us-east-2c,0.3369,2026-10-02 16:00:00+00:00,,,,,,,,,,2026-10-08,2026-10-08 20:27:06,
us-east-2,g4ad.16xlarge,Linux,us-east-2a,2.0478,2026-10-02 15:00:00+00:00,,,,,,,,,,2026-10-08,2026-10-08 20:27:06,
us-west-2,g4ad.xlarge,Linux,us-west-2c,0.2102,2026-10-02 15:00:00+00:00,,,,,,,,,,2026-10-08,2026-10-08 20:27:06,
ap-northeast-1,g4ad.xlarge,Linux,ap-northeast-1d,0.3505,2026-10-02 15:00:00+00:00,,,,,,,,,,2026-10-08,2026-10-08 20:27:06,
eu-west-2,g4ad.4xlarge,Windows,eu-west-2a,0.8466,2026-10-02 15:00:00+00:00,,,,,,,,,,2026-10-08,2026-10-08 20:27:06,
ap-northeast-1,g4ad.2xlarge,Windows,ap-northeast-1d,0.8803,2026-10-02 15:00:00+00:00,,,,,,,,,,2026-10-08,2026-10-08 20:27:06,
us-east-1,g4ad.4xlarge,Linux,us-east-1a,0.3216,2026-10-02 15:00:00+00:00,,,,,,,,,,2026-10-08,2026-10-08 20:27:06,
us-east-1,g4ad.8xlarge,Linux,us-east-1b,0.7755,2026-10-02 15:00:00+00:00,,,,,,,,,,2026-10-08,2026-10-08 20:27:06,
us-east-1,g4ad.8xlarge,Linux,us-east-1c,0.7743,2026-10-02 15:00:00+00:00,,,,,,,,,,2026-10-08,2026-10-08 20:27:06,
ap-northeast-1,g4ad.2xlarge,Linux,ap-northeast-1c,0.6573,2026-10-02 15:00:00+00:00,,,,,,,,,,2026-10-08,2026-10-08 20:27:06,
eu-west-1,g4ad.xlarge,Linux,eu-west-1c,0.2156,2026-10-02 14:00:00+00:00,,,,,,,,,,2026-10-08,2026-10-08 20:27:06,
us-west-2,g4ad.2xlarge,Linux,us-west-2b,0.3007,2026-10-02 14:00:00+00:00,,,,,,,,,,2026-10-08,2026-10-08 20:27:06,
eu-west-1,g4ad.16xlarge,Linux,eu-west-1c,1.7456,2026-10-02 14:00:00+00:00,,,,,,,,,,2026-10-08,2026-10-08 20:27:06,
us-east-1,g4ad.16xlarge,Windows,us-east-1c,3.7983,2026-10-02 14:00:00+00:00,,,,,,,,,,2026-10-08,2026-10-08 20:27:06,
us-east-2,g4ad.4xlarge,Windows,us-east-2c,1.2137,2026-10-02 14:00:00+00:00,,,,,,,,,,2026-10-08,2026-10-08 20:27:06,
us-west-2,g4ad.4xlarge,Linux,us-west-2b,0.426,2026-10-02 14:00:00+00:00,,,,,,,,,,2026-10-08,2026-10-08 20:27:06,
us-east-1,g4ad.xlarge,Windows,us-east-1c,0.2901,2026-10-02 14:00:00+00:00,,,,,,,,,,2026-10-08,2026-10-08 20:27:06,
us-east-1,g4ad.xlarge,Linux,us-east-1a,0.1306,2026-10-02 14:00:00+00:00,,,,,,,,,,2026-10-08,2026-10-08 20:27:06,
us-east-1,g4ad.8xlarge,Linux,us-east-1d,0.8104,2026-10-02 14:00:00+00:00,,,,,,,,,,2026-10-08,2026-10-08 20:27:06,
us-east-1,g4ad.2xlarge,Linux,us-east-1c,0.2922,2026-10-02 14:00:00+00:00,,,,,,,,,,2026-10-08,2026-10-08 20:27:06,
us-east-1,g4ad.16xlarge,Windows,us-east-1d,3.8025,2026-10-02 14:00:00+00:00,,,,,,,,,,2026-10-08,2026-10-08 20:27:06,
us-east-1,g4ad.2xlarge,Linux,us-east-1d,0.1942,2026-10-02 14:00:00+00:00,,,,,,,,,,2026-10-08,2026-10-08 20:27:06,
us-east-1,g4ad.16xlarge,Windows,us-east-1a,3.4579,2026-10-02 14:00:00+00:00,,,,,,,,,,2026-10-08,2026-10-08 20:27:06,
ca-central-1,g4ad.4xlarge,Windows,ca-central-1a,0.9683,2026-10-02 14:00:00+00:00,,,,,,,,,,2026-10-08,2026-10-08 20:27:06,
us-east-1,g4ad.16xlarge,Linux,us-east-1a,1.3338,2026-10-02 14:00:00+00:00,,,,,,,,,,2026-10-08,2026-10-08 20:27:06,
ca-central-1,g4ad.8xlarge,Windows,ca-central-1b,1.9028,2026-10-02 14:00:00+00:00,,,,,,,,,,2026-10-08,2026-10-08 20:27:06,
us-west-2,g4ad.8xlarge,Linux,us-west-2c,0.7228,2026-10-02 14:00:00+00:00,,,,,,,,,,2026-10-08,2026-10-08 20:27:06,
us-east-1,g4ad.xlarge,Windows,us-east-1d,0.2922,2026-10-02 13:00:00+00:00,,,,,,,,,,2026-10-08,2026-10-08 20:27:06,
us-east-2,g4ad.4xlarge,Linux,us-east-2b,0.4587,2026-10-02 13:00:00+00:00,,,,,,,,,,2026-10-08,2026-10-08 20:27:06,
us-east-2,g4ad.8xlarge,Linux,us-east-2c,0.943,2026-10-02 13:00:00+00:00,,,,,,,,,,2026-10-08,2026-10-08 20:27:06,
us-west-2,g4ad.16xlarge,Linux,us-west-2b,1.812,2026-10-02 13:00:00+00:00,,,,,,,,,,2026-10-08,2026-10-08 20:27:06,
us-west-2,g4ad.xlarge,Linux,us-west-2b,0.1508,2026-10-02 13:00:00+00:00,,,,,,,,,,2026-10-08,2026-10-08 20:27:06,
us-east-1,g4ad.4xlarge,Windows,us-east-1c,0.9373,2026-10-02 13:00:00+00:00,,,,,,,,,,2026-10-08,2026-10-08 20:27:06,
us-east-1,g4ad.2xlarge,Linux,us-east-1a,0.2576,2026-10-02 13:00:00+00:00,,,,,,,,,,2026-10-08,2026-10-08 20:27:06,
us-east-1,g4ad.4xlarge,Windows,us-east-1d,0.9454,2026-10-02 13:00:00+00:00,,,,,,,,,,2026-10-08,2026-10-08 20:27:06,
us-east-1,g4ad.xlarge,Linux,us-east-1b,0.1319,2026-10-02 13:00:00+00:00,,,,,,,,,,2026-10-08,2026-10-08 20:27:06,
ca-central-1,g4ad.4xlarge,Windows,ca-central-1b,0.9112,2026-10-02 13:00:00+00:00,,,,,,,,,,2026-10-08,2026-10-08 20:27:06,
us-east-1,g4ad.2xlarge,Linux,us-east-1b,0.2161,2026-10-02 13:00:00+00:00,,,,,,,,,,2026-10-08,2026-10-08 20:27:06,
us-east-1,g4ad.2xlarge,Windows,us-east-1a,0.5743,2026-10-02 13:00:00+00:00,,,,,,,,,,2026-10-08,2026-10-08 20:27:06,
us-east-1,g4ad.4xlarge,Linux,us-east-1d,0.4372,2026-10-02 13:00:00+00:00,,,,,,,,,,2026-10-08,2026-10-08 20:27:06,
eu-west-1,g4ad.4xlarge,Windows,eu-west-1c,0.9616,2026-10-02 13:00:00+00:00,,,,,,,,,,2026-10-08,2026-10-08 20:27:06,
us-west-2,g4ad.2xlarge,Windows,us-west-2c,0.5276,2026-10-02 12:00:00+00:00,,,,,,,,,,2026-10-08,2026-10-08 20:27:06,
us-west-2,g4ad.2xlarge,Linux,us-west-2c,0.2586,2026-10-02 12:00:00+00:00,,,,,,,,,,2026-10-08,2026-10-08 20:27:06,
ca-central-1,g4ad.2xlarge,Windows,ca-central-1a,0.5412,2026-10-02 12:00:00+00:00,,,,,,,,,,2026-10-08,2026-10-08 20:27:06,
us-east-1,g4ad.xlarge,Linux,us-east-1d,0.1118,2026-10-02 12:00:00+00:00,,,,,,,,,,2026-10-08,2026-10-08 20:27:06,
us-east-2,g4ad.16xlarge,Windows,us-east-2c,4.9576,2026-10-02 12:00:00+00:00,,,,,,,,,,2026-10-08,2026-10-08 20:27:06,
us-east-1,g4ad.4xlarge,Windows,us-east-1a,0.8333,2026-10-02 12:00:00+00:00,,,,,,,,,,2026-10-08,2026-10-08 20:27:06,
us-west-2,g4ad.4xlarge,Linux,us-west-2a,0.405,2026-10-02 11:00:00+00:00,,,,,,,,,,2026-10-08,2026-10-08 20:27:06,
us-west-2,g4ad.2xlarge,Windows,us-west-2a,0.5351,2026-10-02 11:00:00+00:00,,,,,,,,,,2026-10-08,2026-10-08 20:27:06,
us-west-2,g4ad.2xlarge,Windows,us-west-2b,0.5407,2026-10-02 11:00:00+00:00,,,,,,,,,,2026-10-08,2026-10-08 20:27:06,
us-west-2,g4ad.16xlarge,Windows,us-west-2b,3.9678,2026-10-02 11:00:00+00:00,,,,,,,,,,2026-10-08,2026-10-08 20:27:06,
us-east-1,g4ad.2xlarge,Windows,us-east-1c,0.5529,2026-10-02 11:00:00+00:00,,,,,,,,,,2026-10-08,2026-10-08 20:27:06,
us-east-1,g4ad.xlarge,Windows,us-east-1a,0.2869,2026-10-02 11:00:00+00:00,,,,,,,,,,2026-10-08,2026-10-08 20:27:06,
us-east-1,g4ad.8xlarge,Windows,us-east-1b,1.9132,2026-10-02 10:00:00+00:00,,,,,,,,,,2026-10-08,2026-10-08 20:27:06,
eu-west-3,g5.24xlarge,Linux,eu-west-3b,10.3379,2026-09-29 07:00:00+00:00,96.0,384.0,NVIDIA A10G,4.0,89.40625,50 Gigabit,1.0,3800.0,x86_64,2026-10-08,2026-10-08 20:27:06,2.584475
eu-west-3,g5.24xlarge,Windows,eu-west-3b,14.7539,2026-09-29 03:00:00+00:00,96.0,384.0,NVIDIA A10G,4.0,89.40625,50 Gigabit,1.0,3800.0,x86_64,2026-10-08,2026-10-08 20:27:06,3.688475
eu-west-3,g5.24xlarge,Windows,eu-west-3c,14.7539,2026-09-28 04:00:00+00:00,96.0,384.0,NVIDIA A10G,4.0,89.40625,50 Gigabit,1.0,3800.0,x86_64,2026-10-08,2026-10-08 20:27:06,3.688475
eu-west-3,g5.24xlarge,Linux,eu-west-3c,10.3379,2026-09-27 22:00:00+00:00,96.0,384.0,NVIDIA A10G,4.0,89.40625,50 Gigabit,1.0,3800.0,x86_64,2026-10-08,2026-10-08 20:27:06,2.584475
sa-east-1,g5.24xlarge,Windows,sa-east-1b,16.2626,2026-09-27 00:00:00+00:00,96.0,384.0,NVIDIA A10G,4.0,89.40625,50 Gigabit,1.0,3800.0,x86_64,2026-10-08,2026-10-08 20:27:06,4.06565
sa-east-1,g5.24xlarge,Linux,sa-east-1b,11.8466,2026-09-26 21:00:00+00:00,96.0,384.0,NVIDIA A10G,4.0,89.40625,50 Gigabit,1.0,3800.0,x86_64,2026-10-08,2026-10-08 20:27:06,2.96165
us-west-2,p5.4xlarge,Linux,us-west-2d,2.6295,2026-09-26 11:00:00+00:00,16.0,256.0,NVIDIA H100,1.0,80.0,100 Gigabit,1.0,3800.0,x86_64,2026-10-08,2026-10-08 20:27:06,2.6295
us-west-2,p5.4xlarge,Windows,us-west-2d,3.3655,2026-09-26 11:00:00+00:00,16.0,256.0,NVIDIA H100,1.0,80.0,100 Gigabit,1.0,3800.0,x86_64,2026-10-08,2026-10-08 20:27:06,3.3655
us-east-1,vt1.24xlarge,Linux,us-east-1a,5.2,2026-09-13 14:00:00+00:00,96.0,192.0,,0.0,0.0,25 Gigabit,1.0,0.0,x86_64,2026-10-08,2026-10-08 20:27:06,
ap-south-1,g6f.large,Linux,ap-south-1a,0.2426,2026-09-13 03:00:00+00:00,2.0,8.0,NVIDIA L4,0.0,2.7939453125,Up to 10 Gigabit,1.0,100.0,x86_64,2026-10-08,2026-10-08 20:27:06,
ap-south-1,g6f.large,Windows,ap-south-1a,0.3346,2026-09-13 01:00:00+00:00,2.0,8.0,NVIDIA L4,0.0,2.7939453125,Up to 10 Gigabit,1.0,100.0,x86_64,2026-10-08,2026-10-08 20:27:06,
ca-central-1,g5.24xlarge,Windows,ca-central-1b,8.5912,2026-09-02 02:00:00+00:00,96.0,384.0,NVIDIA A10G,4.0,89.40625,50 Gigabit,1.0,3800.0,x86_64,2026-10-08,2026-10-08 20:27:06,2.1478
ca-central-1,g5.24xlarge,Linux,ca-central-1b,6.4216,2026-09-01 22:00:00+00:00,96.0,384.0,NVIDIA A10G,4.0,89.40625,50 Gigabit,1.0,3800.0,x86_64,2026-10-08,2026-10-08 20:27:06,1.6054
ap-south-1,g7e.8xlarge,Linux,ap-south-1b,8.5435,2026-08-30 18:00:00+00:00,32.0,256.0,NVIDIA RTX PRO Server 6000,1.0,96.0,100 Gigabit,1.0,1900.0,x86_64,2026-10-08,2026-10-08 20:27:06,8.5435
ap-south-1,g7e.8xlarge,Windows,ap-south-1b,10.0155,2026-08-30 18:00:00+00:00,32.0,256.0,NVIDIA RTX PRO Server 6000,1.0,96.0,100 Gigabit,1.0,1900.0,x86_64,2026-10-08,2026-10-08 20:27:06,10.0155
ca-central-1,g5.16xlarge,Linux,ca-central-1a,1.8145,2026-08-26 22:00:00+00:00,64.0,256.0,NVIDIA A10G,1.0,22.3515625,25 Gigabit,1.0,1900.0,x86_64,2026-10-08,2026-10-08 20:27:06,1.8145
ca-central-1,g5.16xlarge,Windows,ca-central-1a,4.8379,2026-08-26 21:00:00+00:00,64.0,256.0,NVIDIA A10G,1.0,22.3515625,25 Gigabit,1.0,1900.0,x86_64,2026-10-08,2026-10-08 20:27:06,4.8379
ap-southeast-2,gr6f.4xlarge,Windows,ap-southeast-2c,2.122,2026-08-25 03:00:00+00:00,16.0,128.0,NVIDIA L4,0.0,11.17578125,Up to 25 Gigabit,1.0,450.0,x86_64,2026-10-08,2026-10-08 20:27:06,
ap-southeast-2,gr6f.4xlarge,Linux,ap-southeast-2c,1.386,2026-08-25 02:00:00+00:00,16.0,128.0,NVIDIA L4,0.0,11.17578125,Up to 25 Gigabit,1.0,450.0,x86_64,2026-10-08,2026-10-08 20:27:06,
ap-northeast-2,g7e.8xlarge,Linux,ap-northeast-2a,6.477,2026-08-20 06:00:00+00:00,32.0,256.0,NVIDIA RTX PRO Server 6000,1.0,96.0,100 Gigabit,1.0,1900.0,x86_64,2026-10-08,2026-10-08 20:27:06,6.477
ap-northeast-2,g7e.8xlarge,Windows,ap-northeast-2a,7.949,2026-08-20 04:00:00+00:00,32.0,256.0,NVIDIA RTX PRO Server 6000,1.0,96.0,100 Gigabit,1.0,1900.0,x86_64,2026-10-08,2026-10-08 20:27:06,7.949
ap-south-1,gr6f.4xlarge,Windows,ap-south-1a,1.967,2026-08-16 02:00:00+00:00,16.0,128.0,NVIDIA L4,0.0,11.17578125,Up to 25 Gigabit,1.0,450.0,x86_64,2026-10-08,2026-10-08 20:27:06,
ap-south-1,gr6f.4xlarge,Linux,ap-south-1a,1.231,2026-08-16 01:00:00+00:00,16.0,128.0,NVIDIA L4,0.0,11.17578125,Up to 25 Gigabit,1.0,450.0,x86_64,2026-10-08,2026-10-08 20:27:06,
us-east-1,vt1.24xlarge,Linux,us-east-1b,5.2,2026-08-15 03:00:00+00:00,96.0,192.0,,0.0,0.0,25 Gigabit,1.0,0.0,x86_64,2026-10-08,2026-10-08 20:27:06,
ap-southeast-2,g5.24xlarge,Linux,ap-southeast-2a,10.5888,2026-08-08 17:00:00+00:00,96.0,384.0,NVIDIA A10G,4.0,89.40625,50 Gigabit,1.0,3800.0,x86_64,2026-10-08,2026-10-08 20:27:06,2.6472
ap-southeast-2,g5.24xlarge,Windows,ap-southeast-2a,15.0048,2026-08-08 15:00:00+00:00,96.0,384.0,NVIDIA A10G,4.0,89.40625,50 Gigabit,1.0,3800.0,x86_64,2026-10-08,2026-10-08 20:27:06,3.7512
eu-west-1,vt1.24xlarge,Linux,eu-west-1a,3.1228,2026-08-08 10:00:00+00:00,96.0,192.0,,0.0,0.0,25 Gigabit,1.0,0.0,x86_64,2026-10-08,2026-10-08 20:27:06,
eu-west-1,vt1.24xlarge,Linux,eu-west-1c,5.8729,2026-08-08 07:00:00+00:00,96.0,192.0,,0.0,0.0,25 Gigabit,1.0,0.0,x86_64,2026-10-08,2026-10-08 20:27:06,
us-west-2,vt1.24xlarge,Linux,us-west-2b,5.2,2026-08-06 13:00:00+00:00,96.0,192.0,,0.0,0.0,25 Gigabit,1.0,0.0,x86_64,2026-10-08,2026-10-08 20:27:06,
eu-central-1,g5.24xlarge,Windows,eu-central-1a,14.6001,2026-07-28 07:00:00+00:00,96.0,384.0,NVIDIA A10G,4.0,89.40625,50 Gigabit,1.0,3800.0,x86_64,2026-10-08,2026-10-08 20:27:06,3.650025
eu-central-1,g5.24xlarge,Linux,eu-central-1a,10.1841,2026-07-28 02:00:00+00:00,96.0,384.0,NVIDIA A10G,4.0,89.40625,50 Gigabit,1.0,3800.0,x86_64,2026-10-08,2026-10-08 20:27:06,2.546025
